id,priority,area,source,requirement,acceptance,tenant,channel,role,code,discovery,implementation,local,live,required_verification,fix,tests,evidence,revision,blocker,next_action,evidence_history,status_normalization
PDF-001,P0,runtime-baseline,"PDF pages 1, 17, 30","Identify the actual running code before implementing findings: every deployed image digest, OCI revision SHA, migration head, services and actual runtime configuration; compare the outdated supplied folder with runtime.","Record immutable image digests, SHAs and migration head for every service; mark every historical finding present/already fixed/not applicable/blocked with evidence.",All configured; ProTouch and Or-On required,runtime-baseline,Authorized operator / service principal,TENANT-ROUTING.md; CHECKPOINT.md; BASELINE.md,VERIFIED_LIVE,VERIFIED_LOCAL,VERIFIED_LOCAL,VERIFIED_LIVE,Read exact acceptance; mocks do not establish provider acceptance,Compared stale checkout with real DEV image labels/digests and schema before preserving/merging upstream. Current per-channel agent routing inspected.; All five application images published/read back by immutable digest and OCI revision; seven application/edge/database services healthy after deployment and an independent postcheck.,"Read-only SSH/runtime and provider metadata; branch history snapshot86c3641/merge635d245.; Exact60f release publication, deployed image/schema parity, HTTPS readiness, HTTP redirect and protected cross-service private-object read/write postcheck passed.",TENANT-ROUTING.md; CHECKPOINT.md; BASELINE.md; docs/readiness/poc-rescue-local/LIVE-ACTIVATION.md; .artifacts/poc-rescue-local/release-60f26bfe1775997da1fb5159ec9e09a08246068b/release-receipt.json,Live 60f26bfe1775997da1fb5159ec9e09a08246068b; schema 9e43a5b02d81 (139 revisions); deployed 2026-10-04T23:06Z,Historical baseline remains separately recorded; current release inventory is verified. This row does not certify every product requirement.,Retain exact release/image/schema receipts and keep subsequent behavioral acceptance separate.,"[{""as_of"":""Before October5 live60f26bf evidence refresh"",""superseded_fields"":{""fix"":""Compared stale checkout with real DEV image labels/digests and schema before preserving/merging upstream. Current per-channel agent routing inspected."",""tests"":""Read-only SSH/runtime and provider metadata; branch history snapshot86c3641/merge635d245."",""evidence"":""TENANT-ROUTING.md; CHECKPOINT.md; BASELINE.md"",""revision"":""DEV42eebac2/schemafc6e851f3ba0; candidate checkpoints635d245..6afa941;8d32f4a91c70 pending final validation; finalcandidate 0331908b56edf737bf970c7bb5fa174450310eb8; schema9e43a5b02d81/139revisions"",""blocker"":""No new candidate deployment claimed."",""next_action"":""Keep candidate/source/image/schema records separate as final images are rebuilt.""},""reason"":""Preserve prior local/baseline evidence while distinguishing current deployment, controlled outbound success and remaining provider gates.""}]",
PDF-002,P0,runtime-baseline,"PDF pages 1, 17, 26, 27, 28, 29","Run a 30-day inbound/reply funnel baseline and quantify each cause of silence, including never-ingested events, missing jobs, dead jobs, superseded replies, failed sends, missing trigger IDs and unanswered handoffs.","Run read-only tenant-aware queries on the verified schema; produce counts and denominator per cause, clearly separating messages from customer turns.",All configured; ProTouch and Or-On required,runtime-baseline,Authorized operator / service principal,scripts/whatsapp_channel_sli.py; scripts/tests/test_whatsapp_channel_sli.py,VERIFIED_LIVE,VERIFIED_LOCAL,VERIFIED_LOCAL,VERIFIED_LIVE,Read exact acceptance; mocks do not establish provider acceptance,"Verified live 30-day receipt aggregation:88uniqueinbound,37exactaccepted,35unmatched,51noexactretainedacceptance. Seven auditedconversationdeletions and28AIjobs reference deletedconversations; no51silentturnclaim. Detailed retention/nojob/error cohorts inBASELINE.md.","Five SLI tests passed,0skipped,realPostgreSQL fixture includes actualwhatsapp.outbound.send andstatuscallback exclusion.",docs/readiness/poc-rescue-local/BASELINE.md; .artifacts/poc-rescue-local/remote-baseline-30day-corrected.txt; wa-historical-causes.txt; wa-retained-cohorts.txt; sli-status-current.log,34cbbc7 queryfix; remote42eebac2/schemafc6e851f3ba0,Verified aggregation only; customerturnresponsecertification remainsblocked by missingretention/eligibility/providerdenominator andProTouchcoexistence.,Preserve complete approvedcanary window and reconcile allreceipt/turn/ownership/outcome/alert stages; do not retry historicalsends.,,"{""previous_labels"":{""implementation"":""FIXED_LOCAL""},""meaning"":""Allowed status vocabulary only. Discovery/source inspection is not acceptance. Partial evidence remains FIXED_UNVERIFIED; read the acceptance, evidence and blocker.""}"
PDF-003,P0,runtime-baseline,"PDF pages 2, 7, 8, 26, 29","Measure true customer latency from webhook receipt to Meta acceptance, not job duration or only model latency.",Store/identify webhook-receipt and acceptance timestamps and calculate p50/p95; audit query timestamp semantics and missing acceptance events.,All configured; ProTouch and Or-On required,runtime-baseline,Authorized operator / service principal,scripts/whatsapp_channel_sli.py; scripts/tests/test_whatsapp_channel_sli.py,VERIFIED_LIVE,VERIFIED_LOCAL,VERIFIED_LOCAL,VERIFIED_LIVE,Read exact acceptance; mocks do not establish provider acceptance,"Measured acceptedsubset n37 p50=3.128044s,p95=4.5295542s fromreceipttosuccessfulsendjobcompletion. This is afterprovideracceptance pluslocaloverhead, excludesunaccepted and isnotcustomerturnSLIcertification.","Five SLI tests passed,0skipped,realPostgreSQL fixture includes actualwhatsapp.outbound.send andstatuscallback exclusion.",docs/readiness/poc-rescue-local/BASELINE.md; .artifacts/poc-rescue-local/remote-baseline-30day-corrected.txt; wa-historical-causes.txt; wa-retained-cohorts.txt; sli-status-current.log,34cbbc7 queryfix; remote42eebac2/schemafc6e851f3ba0,Verified aggregation only; customerturnresponsecertification remainsblocked by missingretention/eligibility/providerdenominator andProTouchcoexistence.,Preserve complete approvedcanary window and reconcile allreceipt/turn/ownership/outcome/alert stages; do not retry historicalsends.,,"{""previous_labels"":{""implementation"":""FIXED_LOCAL""},""meaning"":""Allowed status vocabulary only. Discovery/source inspection is not acceptance. Partial evidence remains FIXED_UNVERIFIED; read the acceptance, evidence and blocker.""}"
PDF-004,P0,runtime-baseline,"PDF pages 17, 29","Measure inbound event age, active human-owned conversations after handoff, stale running jobs, and last-error codes before changes.","Capture query result aggregates and time window, without exposing customer content or secrets.",All configured; ProTouch and Or-On required,runtime-baseline,Authorized operator / service principal,scripts/whatsapp_channel_sli.py; scripts/tests/test_whatsapp_channel_sli.py,VERIFIED_LIVE,FIXED_UNVERIFIED,VERIFIED_LOCAL,VERIFIED_LIVE,Read exact acceptance; mocks do not establish provider acceptance,"Live snapshot grouped18deadintake,13deadsummary,1deadcall,5deadai,3deadsend; zero stalerunning; handoffs2resolved7cancelled; onehumanconversationremovedfromInbox. No historicaleligibility/alertreconstruction.","Five SLI tests passed,0skipped,realPostgreSQL fixture includes actualwhatsapp.outbound.send andstatuscallback exclusion.",docs/readiness/poc-rescue-local/BASELINE.md; .artifacts/poc-rescue-local/remote-baseline-30day-corrected.txt; wa-historical-causes.txt; wa-retained-cohorts.txt; sli-status-current.log,34cbbc7 queryfix; remote42eebac2/schemafc6e851f3ba0,Verified aggregation only; customerturnresponsecertification remainsblocked by missingretention/eligibility/providerdenominator andProTouchcoexistence.,Preserve complete approvedcanary window and reconcile allreceipt/turn/ownership/outcome/alert stages; do not retry historicalsends.,,"{""previous_labels"":{""implementation"":""EXISTING_PARTIAL""},""meaning"":""Allowed status vocabulary only. Discovery/source inspection is not acceptance. Partial evidence remains FIXED_UNVERIFIED; read the acceptance, evidence and blocker.""}"
PDF-005,P0,observability,"PDF pages 7, 17, 24","Monitor public webhook uptime, inbound event age >60 seconds, every dead AI/send job, worker heartbeat and backup failure.","Induce each controlled failure; verify correct signal, tenant attribution and alert delivery.",All configured; ProTouch and Or-On required,observability,Authorized operator / service principal,CLOUD-SECURITY.md; services/ts/messaging-worker/src/remediation-monitor.ts,REPRODUCED,FIXED_UNVERIFIED,VERIFIED_LOCAL,BLOCKED,Read exact acceptance; mocks do not establish provider acceptance,"Read-only probe exists; wrong inbound statuses corrected in current working tree. Phone delivery, scheduler and external health ports are not wired in main.","monitor-current-final:5tests passed0skipped on actual isolated PostgreSQL; stale received/processing/failed/quarantined versus processed/fresh, missing/present/active/fresh voice summary; no notification writes.",CLOUD-SECURITY.md; services/ts/messaging-worker/src/remediation-monitor.ts,Current root monitor patch; schema8d32f4a91c70; finalcandidate 0331908b56edf737bf970c7bb5fa174450310eb8; schema9e43a5b02d81/139revisions,No configured monitoring destination or running scheduler/health adapters.,"Verify actual stale rows, wire reviewed scheduler and notification route, inject end-to-end failure.",,
PDF-006,P0,observability,"PDF pages 17, 23, 24","Deliver actionable failure alerts to a phone within one minute, with queue/dead-job checks at least every minute.",Controlled dead-job event reaches configured authorized phone destination within 60 seconds; record event and received timestamps.,All configured; ProTouch and Or-On required,observability,Authorized operator / service principal,WHATSAPP.md; services/ts/messaging-worker/src/database.ts,REPRODUCED,REPRODUCED,FIXED_UNVERIFIED,BLOCKED,Read exact acceptance; mocks do not establish provider acceptance,"Operator alert jobs remain queued with operator_alert_route_unconfigured; provider is an optional port, not a configured phone delivery route.",Worker recovery tests prove durable task/alert intent and no false success.,WHATSAPP.md; services/ts/messaging-worker/src/database.ts,DEV42eebac2/schemafc6e851f3ba0; candidate checkpoints635d245..6afa941;8d32f4a91c70 pending final validation,Authorized operations destination and actual delivery adapter/schedule are missing.,Configure specific alert channel and verify recipient acknowledgment within one minute.,,
PDF-007,P0,observability,"PDF pages 7, 19, 21, 26","No customer inbound turn may silently disappear: a meaningful reply, safe fallback or visible operator task and alert must account for it.",Trace every supported/unsupported input and injected failure through terminal customer/operator outcomes; report any unaccounted turn.,All configured; ProTouch and Or-On required,observability,Authorized operator / service principal,BASELINE.md; WHATSAPP.md,REPRODUCED,FIXED_UNVERIFIED,FIXED_UNVERIFIED,BLOCKED,Read exact acceptance; mocks do not establish provider acceptance,"Upstream no_silence fallback/task/alert flow exists behind tenant flag. Historical deletion prevents complete attribution, and ProTouch currently has no receipt.",Worker660 tests before Coexistence; actual recovery/authorization suites.,BASELINE.md; WHATSAPP.md,DEV42eebac2/schemafc6e851f3ba0; candidate checkpoints635d245..6afa941;8d32f4a91c70 pending final validation,No-silence flag not live; provider boundary and delivered alert path unresolved.,Use complete canary turn ledger and prove fallback + operator task + actual alert.,,
PDF-008,P1,observability,PDF pages 14,Detect and alert when a completed voice session lacks voice.quality.summary.v1.,Force summary write failure and demonstrate missing-summary alert and recovery without misreporting completion.,All configured; ProTouch and Or-On required,observability,Authorized operator / service principal,VOICE.md; services/ts/messaging-worker/src/remediation-monitor.ts,REPRODUCED,FIXED_UNVERIFIED,VERIFIED_LOCAL,BLOCKED,Read exact acceptance; mocks do not establish provider acceptance,Voice persists deduplicated quality summaries and failure marker; root adds missing-summary observation after60s for completed LiveKit sessions.,"monitor-current-final:5tests passed0skipped on actual isolated PostgreSQL; stale received/processing/failed/quarantined versus processed/fresh, missing/present/active/fresh voice summary; no notification writes.",VOICE.md; services/ts/messaging-worker/src/remediation-monitor.ts,Current root monitor patch; schema8d32f4a91c70,External monitor schedule/delivery not active.,"Verify detector against missing/present/active/fresh sessions, then connect reviewed alert route.",,
PDF-009,P1,observability,"PDF pages 17, 23, 25",Use deep structured log redaction and ship logs off-host to Cloud Logging with 30-day retention.,Nested secret/PII fixtures are redacted; logs survive container/VM loss; retention is verified.,All configured; ProTouch and Or-On required,observability,Authorized operator / service principal,CLOUD-SECURITY.md; packages/ts/observability/tests/observability.test.ts,REPRODUCED,FIXED_UNVERIFIED,VERIFIED_LOCAL,BLOCKED,Read exact acceptance; mocks do not establish provider acceptance,Recursive structured redaction exists and emitted-log tests ran; Cloud Logging retention30days exists but VM Ops Agent inactive.,Root suites and cloud-log-retention.json; no off-host log receipt.,CLOUD-SECURITY.md; packages/ts/observability/tests/observability.test.ts,DEV42eebac2/schemafc6e851f3ba0; candidate checkpoints635d245..6afa941;8d32f4a91c70 pending final validation,Application log forwarding not proven.,Configure reviewed exporter and inject a sanitized error through off-host retention.,,
PDF-010,P0,whatsapp-ingestion,"PDF pages 5, 18","Parse and durably store audio/voice, video, sticker, interactive, button and reaction events in addition to text, image, document and location.",Replay provider-accurate signed fixtures for all listed types; verify persisted event/message representations and operator visibility.,All configured; ProTouch and Or-On required,whatsapp-ingestion,Authorized operator / service principal,packages/ts/crm/src/webhook.ts; services/ts/messaging-worker/src/database.ts; services/ts/messaging-worker/src/providers.ts,VERIFIED_LOCAL,FIXED_UNVERIFIED,VERIFIED_LOCAL,BLOCKED,Read exact acceptance; mocks do not establish provider acceptance,Current webhook parser retains audio/video/sticker/interactive/button/reaction representations; real provider media remains untested.,expanded-inbound-claim.postgres; inbound-media-files; whatsapp-audio; unsupported-media; providers; wa-current-final:69 files/660 pass/1 Windows symlink skip,docs/readiness/poc-rescue-local/WHATSAPP.md; .artifacts/poc-rescue-local/wa-current-final.log; docs/readiness/poc-rescue-local/LIVE-ACTIVATION.md; COEXISTENCE-GAP.md; PROTOUCH-COEXISTENCE-PROVIDER-OPTION.md,origin/deployed42eebac2; local merged source plus opening cancellation patch; deployed schemafc6e851f3ba0,ProTouch remains PENDING and the Business phone app must be preserved. Ordinary registration failed 100/2388001; no further register/delete/deregister is authorized. Supported Coexistence onboarding is unresolved: user declined both own Tech Provider registration and a new paid subscription. Existing Twilio account has only its shared sandbox. Deployed application health does not establish WhatsApp inbound/AI/opening delivery.,Keep phone app and Coexistence disabled; obtain a supported onboarding route consistent with the user constraints before a real account-bound acceptance test. Continue independent local requirement work where incomplete.,"[{""as_of"":""Before October5 live60f26bf evidence refresh"",""superseded_fields"":{""evidence"":""docs/readiness/poc-rescue-local/WHATSAPP.md; .artifacts/poc-rescue-local/wa-current-final.log"",""blocker"":""ProTouch registration attempted with user approval: HTTP400/code100/subcode2388001 says number belongs to an existing WhatsApp account; needs user-identified migration/disconnection. No deregistration or further POST. Live acceptance/canary still absent."",""next_action"":""Execute exact acceptance on approved canary/provider and retain real outcomes; do not count mocks as live evidence.""},""reason"":""Preserve prior local/baseline evidence while distinguishing current deployment, controlled outbound success and remaining provider gates.""}]","{""previous_labels"":{""implementation"":""EXISTING_PARTIAL""},""meaning"":""Allowed status vocabulary only. Discovery/source inspection is not acceptance. Partial evidence remains FIXED_UNVERIFIED; read the acceptance, evidence and blocker.""}"
PDF-011,P0,whatsapp-ingestion,"PDF pages 5, 18","Expand inbound worker claims to all supported whatsapp.message.* event types, not text/status alone.",Each supported pending event is claimed and ingested; no old unsupported media events remain silently stuck.,All configured; ProTouch and Or-On required,whatsapp-ingestion,Authorized operator / service principal,packages/ts/crm/src/webhook.ts; services/ts/messaging-worker/src/database.ts; services/ts/messaging-worker/src/providers.ts,VERIFIED_LOCAL,FIXED_UNVERIFIED,VERIFIED_LOCAL,BLOCKED,Read exact acceptance; mocks do not establish provider acceptance,Expanded event claim PostgreSQL test ran (not skipped); unsupported events and reactions remain durably accountable.,expanded-inbound-claim.postgres; inbound-media-files; whatsapp-audio; unsupported-media; providers; wa-current-final:69 files/660 pass/1 Windows symlink skip,docs/readiness/poc-rescue-local/WHATSAPP.md; .artifacts/poc-rescue-local/wa-current-final.log; docs/readiness/poc-rescue-local/LIVE-ACTIVATION.md; COEXISTENCE-GAP.md; PROTOUCH-COEXISTENCE-PROVIDER-OPTION.md,origin/deployed42eebac2; local merged source plus opening cancellation patch; deployed schemafc6e851f3ba0,ProTouch remains PENDING and the Business phone app must be preserved. Ordinary registration failed 100/2388001; no further register/delete/deregister is authorized. Supported Coexistence onboarding is unresolved: user declined both own Tech Provider registration and a new paid subscription. Existing Twilio account has only its shared sandbox. Deployed application health does not establish WhatsApp inbound/AI/opening delivery.,Keep phone app and Coexistence disabled; obtain a supported onboarding route consistent with the user constraints before a real account-bound acceptance test. Continue independent local requirement work where incomplete.,"[{""as_of"":""Before October5 live60f26bf evidence refresh"",""superseded_fields"":{""evidence"":""docs/readiness/poc-rescue-local/WHATSAPP.md; .artifacts/poc-rescue-local/wa-current-final.log"",""blocker"":""ProTouch registration attempted with user approval: HTTP400/code100/subcode2388001 says number belongs to an existing WhatsApp account; needs user-identified migration/disconnection. No deregistration or further POST. Live acceptance/canary still absent."",""next_action"":""Execute exact acceptance on approved canary/provider and retain real outcomes; do not count mocks as live evidence.""},""reason"":""Preserve prior local/baseline evidence while distinguishing current deployment, controlled outbound success and remaining provider gates.""}]","{""previous_labels"":{""implementation"":""EXISTING_PARTIAL""},""meaning"":""Allowed status vocabulary only. Discovery/source inspection is not acceptance. Partial evidence remains FIXED_UNVERIFIED; read the acceptance, evidence and blocker.""}"
PDF-012,P0,whatsapp-ingestion,PDF pages 18,Transcribe voice notes through an available supported audio provider and make transcripts available to AI.,Real Hebrew voice note produces a relevant reply; unsupported/corrupt audio gets a safe visible fallback.,All configured; ProTouch and Or-On required,whatsapp-ingestion,Authorized operator / service principal,packages/ts/crm/src/webhook.ts; services/ts/messaging-worker/src/database.ts; services/ts/messaging-worker/src/providers.ts,VERIFIED_LOCAL,FIXED_UNVERIFIED,VERIFIED_LOCAL,BLOCKED,Read exact acceptance; mocks do not establish provider acceptance,"Durable audio work, transcription provider and five audio integration scenarios passed with fake ASR; real speech accuracy/latency is unmeasured.",expanded-inbound-claim.postgres; inbound-media-files; whatsapp-audio; unsupported-media; providers; wa-current-final:69 files/660 pass/1 Windows symlink skip,docs/readiness/poc-rescue-local/WHATSAPP.md; .artifacts/poc-rescue-local/wa-current-final.log; docs/readiness/poc-rescue-local/LIVE-ACTIVATION.md; COEXISTENCE-GAP.md; PROTOUCH-COEXISTENCE-PROVIDER-OPTION.md,origin/deployed42eebac2; local merged source plus opening cancellation patch; deployed schemafc6e851f3ba0,ProTouch remains PENDING and the Business phone app must be preserved. Ordinary registration failed 100/2388001; no further register/delete/deregister is authorized. Supported Coexistence onboarding is unresolved: user declined both own Tech Provider registration and a new paid subscription. Existing Twilio account has only its shared sandbox. Deployed application health does not establish WhatsApp inbound/AI/opening delivery.,Keep phone app and Coexistence disabled; obtain a supported onboarding route consistent with the user constraints before a real account-bound acceptance test. Continue independent local requirement work where incomplete.,"[{""as_of"":""Before October5 live60f26bf evidence refresh"",""superseded_fields"":{""evidence"":""docs/readiness/poc-rescue-local/WHATSAPP.md; .artifacts/poc-rescue-local/wa-current-final.log"",""blocker"":""ProTouch registration attempted with user approval: HTTP400/code100/subcode2388001 says number belongs to an existing WhatsApp account; needs user-identified migration/disconnection. No deregistration or further POST. Live acceptance/canary still absent."",""next_action"":""Execute exact acceptance on approved canary/provider and retain real outcomes; do not count mocks as live evidence.""},""reason"":""Preserve prior local/baseline evidence while distinguishing current deployment, controlled outbound success and remaining provider gates.""}]","{""previous_labels"":{""implementation"":""EXISTING_PARTIAL""},""meaning"":""Allowed status vocabulary only. Discovery/source inspection is not acceptance. Partial evidence remains FIXED_UNVERIFIED; read the acceptance, evidence and blocker.""}"
PDF-013,P0,whatsapp-ingestion,PDF pages 18,Represent button/interactive selections using their user-visible text and structured selection context.,"Real button tap is stored and causes a relevant reply, with stable provider ID deduplication.",All configured; ProTouch and Or-On required,whatsapp-ingestion,Authorized operator / service principal,packages/ts/crm/src/webhook.ts; services/ts/messaging-worker/src/database.ts; services/ts/messaging-worker/src/providers.ts,VERIFIED_LOCAL,FIXED_UNVERIFIED,VERIFIED_LOCAL,BLOCKED,Read exact acceptance; mocks do not establish provider acceptance,Interactive/button context is persisted and opening choice routes the model with visible text and selected capability.,expanded-inbound-claim.postgres; inbound-media-files; whatsapp-audio; unsupported-media; providers; wa-current-final:69 files/660 pass/1 Windows symlink skip,docs/readiness/poc-rescue-local/WHATSAPP.md; .artifacts/poc-rescue-local/wa-current-final.log; docs/readiness/poc-rescue-local/LIVE-ACTIVATION.md; COEXISTENCE-GAP.md; PROTOUCH-COEXISTENCE-PROVIDER-OPTION.md,origin/deployed42eebac2; local merged source plus opening cancellation patch; deployed schemafc6e851f3ba0,ProTouch remains PENDING and the Business phone app must be preserved. Ordinary registration failed 100/2388001; no further register/delete/deregister is authorized. Supported Coexistence onboarding is unresolved: user declined both own Tech Provider registration and a new paid subscription. Existing Twilio account has only its shared sandbox. Deployed application health does not establish WhatsApp inbound/AI/opening delivery.,Keep phone app and Coexistence disabled; obtain a supported onboarding route consistent with the user constraints before a real account-bound acceptance test. Continue independent local requirement work where incomplete.,"[{""as_of"":""Before October5 live60f26bf evidence refresh"",""superseded_fields"":{""evidence"":""docs/readiness/poc-rescue-local/WHATSAPP.md; .artifacts/poc-rescue-local/wa-current-final.log"",""blocker"":""ProTouch registration attempted with user approval: HTTP400/code100/subcode2388001 says number belongs to an existing WhatsApp account; needs user-identified migration/disconnection. No deregistration or further POST. Live acceptance/canary still absent."",""next_action"":""Execute exact acceptance on approved canary/provider and retain real outcomes; do not count mocks as live evidence.""},""reason"":""Preserve prior local/baseline evidence while distinguishing current deployment, controlled outbound success and remaining provider gates.""}]","{""previous_labels"":{""implementation"":""EXISTING_PARTIAL""},""meaning"":""Allowed status vocabulary only. Discovery/source inspection is not acceptance. Partial evidence remains FIXED_UNVERIFIED; read the acceptance, evidence and blocker.""}"
PDF-014,P0,whatsapp-ingestion,PDF pages 18,Return a polite supported-language response for message types the agent cannot process.,"Unsupported type produces one fallback, visible operator context and no retry storm.",All configured; ProTouch and Or-On required,whatsapp-ingestion,Authorized operator / service principal,packages/ts/crm/src/webhook.ts; services/ts/messaging-worker/src/database.ts; services/ts/messaging-worker/src/providers.ts,VERIFIED_LOCAL,FIXED_UNVERIFIED,VERIFIED_LOCAL,BLOCKED,Read exact acceptance; mocks do not establish provider acceptance,No-silence unsupported-media handling is implemented and tested; deployment has no enabling flag rows.,expanded-inbound-claim.postgres; inbound-media-files; whatsapp-audio; unsupported-media; providers; wa-current-final:69 files/660 pass/1 Windows symlink skip,docs/readiness/poc-rescue-local/WHATSAPP.md; .artifacts/poc-rescue-local/wa-current-final.log; docs/readiness/poc-rescue-local/LIVE-ACTIVATION.md; COEXISTENCE-GAP.md; PROTOUCH-COEXISTENCE-PROVIDER-OPTION.md,origin/deployed42eebac2; local merged source plus opening cancellation patch; deployed schemafc6e851f3ba0,ProTouch remains PENDING and the Business phone app must be preserved. Ordinary registration failed 100/2388001; no further register/delete/deregister is authorized. Supported Coexistence onboarding is unresolved: user declined both own Tech Provider registration and a new paid subscription. Existing Twilio account has only its shared sandbox. Deployed application health does not establish WhatsApp inbound/AI/opening delivery.,Keep phone app and Coexistence disabled; obtain a supported onboarding route consistent with the user constraints before a real account-bound acceptance test. Continue independent local requirement work where incomplete.,"[{""as_of"":""Before October5 live60f26bf evidence refresh"",""superseded_fields"":{""evidence"":""docs/readiness/poc-rescue-local/WHATSAPP.md; .artifacts/poc-rescue-local/wa-current-final.log"",""blocker"":""ProTouch registration attempted with user approval: HTTP400/code100/subcode2388001 says number belongs to an existing WhatsApp account; needs user-identified migration/disconnection. No deregistration or further POST. Live acceptance/canary still absent."",""next_action"":""Execute exact acceptance on approved canary/provider and retain real outcomes; do not count mocks as live evidence.""},""reason"":""Preserve prior local/baseline evidence while distinguishing current deployment, controlled outbound success and remaining provider gates.""}]","{""previous_labels"":{""implementation"":""EXISTING_PARTIAL""},""meaning"":""Allowed status vocabulary only. Discovery/source inspection is not acceptance. Partial evidence remains FIXED_UNVERIFIED; read the acceptance, evidence and blocker.""}"
PDF-015,P0,whatsapp-history,"PDF pages 6, 11, 12, 18","Include text representations of all modalities in history and triggering: captions, transcripts, locations, documents, sent templates and selections.","Image with caption, voice note, button and yes-to-template tests preserve preceding context; zero missing-inbound-trigger failures.",All configured; ProTouch and Or-On required,whatsapp-history,Authorized operator / service principal,packages/ts/crm/src/webhook.ts; services/ts/messaging-worker/src/database.ts; services/ts/messaging-worker/src/providers.ts,VERIFIED_LOCAL,FIXED_UNVERIFIED,VERIFIED_LOCAL,BLOCKED,Read exact acceptance; mocks do not establish provider acceptance,Current database context includes modalities/template metadata/transcripts/selections; real mixed-media customer semantics remain to verify.,expanded-inbound-claim.postgres; inbound-media-files; whatsapp-audio; unsupported-media; providers; wa-current-final:69 files/660 pass/1 Windows symlink skip,docs/readiness/poc-rescue-local/WHATSAPP.md; .artifacts/poc-rescue-local/wa-current-final.log; docs/readiness/poc-rescue-local/LIVE-ACTIVATION.md; COEXISTENCE-GAP.md; PROTOUCH-COEXISTENCE-PROVIDER-OPTION.md,origin/deployed42eebac2; local merged source plus opening cancellation patch; deployed schemafc6e851f3ba0,ProTouch remains PENDING and the Business phone app must be preserved. Ordinary registration failed 100/2388001; no further register/delete/deregister is authorized. Supported Coexistence onboarding is unresolved: user declined both own Tech Provider registration and a new paid subscription. Existing Twilio account has only its shared sandbox. Deployed application health does not establish WhatsApp inbound/AI/opening delivery.,Keep phone app and Coexistence disabled; obtain a supported onboarding route consistent with the user constraints before a real account-bound acceptance test. Continue independent local requirement work where incomplete.,"[{""as_of"":""Before October5 live60f26bf evidence refresh"",""superseded_fields"":{""evidence"":""docs/readiness/poc-rescue-local/WHATSAPP.md; .artifacts/poc-rescue-local/wa-current-final.log"",""blocker"":""ProTouch registration attempted with user approval: HTTP400/code100/subcode2388001 says number belongs to an existing WhatsApp account; needs user-identified migration/disconnection. No deregistration or further POST. Live acceptance/canary still absent."",""next_action"":""Execute exact acceptance on approved canary/provider and retain real outcomes; do not count mocks as live evidence.""},""reason"":""Preserve prior local/baseline evidence while distinguishing current deployment, controlled outbound success and remaining provider gates.""}]","{""previous_labels"":{""implementation"":""EXISTING_PARTIAL""},""meaning"":""Allowed status vocabulary only. Discovery/source inspection is not acceptance. Partial evidence remains FIXED_UNVERIFIED; read the acceptance, evidence and blocker.""}"
PDF-016,P0,whatsapp-history,"PDF pages 6, 18",Prevent a media message after text from suppressing the text reply without a replacement response.,Text+image and text+audio bursts yield a relevant combined/latest response and no lost turn.,All configured; ProTouch and Or-On required,whatsapp-history,Authorized operator / service principal,packages/ts/crm/src/webhook.ts; services/ts/messaging-worker/src/database.ts; services/ts/messaging-worker/src/providers.ts,VERIFIED_LOCAL,FIXED_UNVERIFIED,VERIFIED_LOCAL,BLOCKED,Read exact acceptance; mocks do not establish provider acceptance,Current supersession/media integration and unsupported-media fixtures pass; real burst replacement outcome still needs a controlled handset trace.,expanded-inbound-claim.postgres; inbound-media-files; whatsapp-audio; unsupported-media; providers; wa-current-final:69 files/660 pass/1 Windows symlink skip,docs/readiness/poc-rescue-local/WHATSAPP.md; .artifacts/poc-rescue-local/wa-current-final.log; docs/readiness/poc-rescue-local/LIVE-ACTIVATION.md; COEXISTENCE-GAP.md; PROTOUCH-COEXISTENCE-PROVIDER-OPTION.md,origin/deployed42eebac2; local merged source plus opening cancellation patch; deployed schemafc6e851f3ba0,ProTouch remains PENDING and the Business phone app must be preserved. Ordinary registration failed 100/2388001; no further register/delete/deregister is authorized. Supported Coexistence onboarding is unresolved: user declined both own Tech Provider registration and a new paid subscription. Existing Twilio account has only its shared sandbox. Deployed application health does not establish WhatsApp inbound/AI/opening delivery.,Keep phone app and Coexistence disabled; obtain a supported onboarding route consistent with the user constraints before a real account-bound acceptance test. Continue independent local requirement work where incomplete.,"[{""as_of"":""Before October5 live60f26bf evidence refresh"",""superseded_fields"":{""evidence"":""docs/readiness/poc-rescue-local/WHATSAPP.md; .artifacts/poc-rescue-local/wa-current-final.log"",""blocker"":""ProTouch registration attempted with user approval: HTTP400/code100/subcode2388001 says number belongs to an existing WhatsApp account; needs user-identified migration/disconnection. No deregistration or further POST. Live acceptance/canary still absent."",""next_action"":""Execute exact acceptance on approved canary/provider and retain real outcomes; do not count mocks as live evidence.""},""reason"":""Preserve prior local/baseline evidence while distinguishing current deployment, controlled outbound success and remaining provider gates.""}]","{""previous_labels"":{""implementation"":""EXISTING_PARTIAL""},""meaning"":""Allowed status vocabulary only. Discovery/source inspection is not acceptance. Partial evidence remains FIXED_UNVERIFIED; read the acceptance, evidence and blocker.""}"
PDF-017,P1,whatsapp-provider,"PDF pages 15, 20",An unknown phone_number_id must not fail known accounts in the same valid webhook batch; quarantine/log unknown entries and acknowledge processed input.,"Mixed known/unknown account batch stores all known events, records unknown account signal and does not return 503 solely because of the unknown account.",All configured; ProTouch and Or-On required,whatsapp-provider,Authorized operator / service principal,packages/ts/crm/src/webhook.ts; services/ts/messaging-worker/src/database.ts; services/ts/messaging-worker/src/providers.ts,VERIFIED_LOCAL,FIXED_UNVERIFIED,VERIFIED_LOCAL,BLOCKED,Read exact acceptance; mocks do not establish provider acceptance,Webhook store isolates unknown-account errors in savepoints. A mismatch to an explicitly account-bound endpoint intentionally rejects that endpoint batch.,expanded-inbound-claim.postgres; inbound-media-files; whatsapp-audio; unsupported-media; providers; wa-current-final:69 files/660 pass/1 Windows symlink skip,docs/readiness/poc-rescue-local/WHATSAPP.md; .artifacts/poc-rescue-local/wa-current-final.log; docs/readiness/poc-rescue-local/LIVE-ACTIVATION.md; COEXISTENCE-GAP.md; PROTOUCH-COEXISTENCE-PROVIDER-OPTION.md,origin/deployed42eebac2; local merged source plus opening cancellation patch; deployed schemafc6e851f3ba0,ProTouch remains PENDING and the Business phone app must be preserved. Ordinary registration failed 100/2388001; no further register/delete/deregister is authorized. Supported Coexistence onboarding is unresolved: user declined both own Tech Provider registration and a new paid subscription. Existing Twilio account has only its shared sandbox. Deployed application health does not establish WhatsApp inbound/AI/opening delivery.,Keep phone app and Coexistence disabled; obtain a supported onboarding route consistent with the user constraints before a real account-bound acceptance test. Continue independent local requirement work where incomplete.,"[{""as_of"":""Before October5 live60f26bf evidence refresh"",""superseded_fields"":{""evidence"":""docs/readiness/poc-rescue-local/WHATSAPP.md; .artifacts/poc-rescue-local/wa-current-final.log"",""blocker"":""ProTouch registration attempted with user approval: HTTP400/code100/subcode2388001 says number belongs to an existing WhatsApp account; needs user-identified migration/disconnection. No deregistration or further POST. Live acceptance/canary still absent."",""next_action"":""Execute exact acceptance on approved canary/provider and retain real outcomes; do not count mocks as live evidence.""},""reason"":""Preserve prior local/baseline evidence while distinguishing current deployment, controlled outbound success and remaining provider gates.""}]","{""previous_labels"":{""implementation"":""EXISTING_PARTIAL""},""meaning"":""Allowed status vocabulary only. Discovery/source inspection is not acceptance. Partial evidence remains FIXED_UNVERIFIED; read the acceptance, evidence and blocker.""}"
PDF-018,P1,whatsapp-provider,"PDF pages 6, 17",Resolve tenant/channel sender credentials through credential_records at send time with a short cache; support all configured accounts without a deployment.,Two tenant/account sends use correct sender and token; rotation invalidates cache safely; no cross-tenant credential use.,All configured; ProTouch and Or-On required,whatsapp-provider,Authorized operator / service principal,packages/ts/crm/src/webhook.ts; services/ts/messaging-worker/src/database.ts; services/ts/messaging-worker/src/providers.ts,VERIFIED_LOCAL,FIXED_UNVERIFIED,VERIFIED_LOCAL,BLOCKED,Read exact acceptance; mocks do not establish provider acceptance,Fresh claim-scoped channel credential projections and sealed/legacy routing tests pass. Live accounts currently use environment credentials and no channel credential_id; rotation not exercised.,expanded-inbound-claim.postgres; inbound-media-files; whatsapp-audio; unsupported-media; providers; wa-current-final:69 files/660 pass/1 Windows symlink skip,docs/readiness/poc-rescue-local/WHATSAPP.md; .artifacts/poc-rescue-local/wa-current-final.log; docs/readiness/poc-rescue-local/LIVE-ACTIVATION.md; COEXISTENCE-GAP.md; PROTOUCH-COEXISTENCE-PROVIDER-OPTION.md,origin/deployed42eebac2; local merged source plus opening cancellation patch; deployed schemafc6e851f3ba0,ProTouch remains PENDING and the Business phone app must be preserved. Ordinary registration failed 100/2388001; no further register/delete/deregister is authorized. Supported Coexistence onboarding is unresolved: user declined both own Tech Provider registration and a new paid subscription. Existing Twilio account has only its shared sandbox. Deployed application health does not establish WhatsApp inbound/AI/opening delivery.,Keep phone app and Coexistence disabled; obtain a supported onboarding route consistent with the user constraints before a real account-bound acceptance test. Continue independent local requirement work where incomplete.,"[{""as_of"":""Before October5 live60f26bf evidence refresh"",""superseded_fields"":{""evidence"":""docs/readiness/poc-rescue-local/WHATSAPP.md; .artifacts/poc-rescue-local/wa-current-final.log"",""blocker"":""ProTouch registration attempted with user approval: HTTP400/code100/subcode2388001 says number belongs to an existing WhatsApp account; needs user-identified migration/disconnection. No deregistration or further POST. Live acceptance/canary still absent."",""next_action"":""Execute exact acceptance on approved canary/provider and retain real outcomes; do not count mocks as live evidence.""},""reason"":""Preserve prior local/baseline evidence while distinguishing current deployment, controlled outbound success and remaining provider gates.""}]","{""previous_labels"":{""implementation"":""EXISTING_PARTIAL""},""meaning"":""Allowed status vocabulary only. Discovery/source inspection is not acceptance. Partial evidence remains FIXED_UNVERIFIED; read the acceptance, evidence and blocker.""}"
PDF-019,P1,whatsapp-provider,"PDF pages 8, 20, 26",Send read receipt and typing indicator immediately when ingesting a message AI will answer.,Real test phone sees typing within one second of webhook receipt; provider errors do not drop the turn.,All configured; ProTouch and Or-On required,whatsapp-provider,Authorized operator / service principal,packages/ts/crm/src/webhook.ts; services/ts/messaging-worker/src/database.ts; services/ts/messaging-worker/src/providers.ts,VERIFIED_LOCAL,FIXED_UNVERIFIED,VERIFIED_LOCAL,BLOCKED,Read exact acceptance; mocks do not establish provider acceptance,Read/typing provider support exists behind tenant typing flag; no deployed flag or real-device sub-second timing.,expanded-inbound-claim.postgres; inbound-media-files; whatsapp-audio; unsupported-media; providers; wa-current-final:69 files/660 pass/1 Windows symlink skip,docs/readiness/poc-rescue-local/WHATSAPP.md; .artifacts/poc-rescue-local/wa-current-final.log; docs/readiness/poc-rescue-local/LIVE-ACTIVATION.md; COEXISTENCE-GAP.md; PROTOUCH-COEXISTENCE-PROVIDER-OPTION.md,origin/deployed42eebac2; local merged source plus opening cancellation patch; deployed schemafc6e851f3ba0,ProTouch remains PENDING and the Business phone app must be preserved. Ordinary registration failed 100/2388001; no further register/delete/deregister is authorized. Supported Coexistence onboarding is unresolved: user declined both own Tech Provider registration and a new paid subscription. Existing Twilio account has only its shared sandbox. Deployed application health does not establish WhatsApp inbound/AI/opening delivery.,Keep phone app and Coexistence disabled; obtain a supported onboarding route consistent with the user constraints before a real account-bound acceptance test. Continue independent local requirement work where incomplete.,"[{""as_of"":""Before October5 live60f26bf evidence refresh"",""superseded_fields"":{""evidence"":""docs/readiness/poc-rescue-local/WHATSAPP.md; .artifacts/poc-rescue-local/wa-current-final.log"",""blocker"":""ProTouch registration attempted with user approval: HTTP400/code100/subcode2388001 says number belongs to an existing WhatsApp account; needs user-identified migration/disconnection. No deregistration or further POST. Live acceptance/canary still absent."",""next_action"":""Execute exact acceptance on approved canary/provider and retain real outcomes; do not count mocks as live evidence.""},""reason"":""Preserve prior local/baseline evidence while distinguishing current deployment, controlled outbound success and remaining provider gates.""}]","{""previous_labels"":{""implementation"":""EXISTING_PARTIAL""},""meaning"":""Allowed status vocabulary only. Discovery/source inspection is not acceptance. Partial evidence remains FIXED_UNVERIFIED; read the acceptance, evidence and blocker.""}"
PDF-020,P0,whatsapp-recovery,"PDF pages 6, 8, 19",Handle model schema deviations without permanent silence: tolerate irrelevant extra fields while validating required fields and action semantics.,"Schema variation fixtures preserve valid content, reject unsafe/missing semantics, and route failure to fallback rather than dead silence.",All configured; ProTouch and Or-On required,whatsapp-recovery,Authorized operator / service principal,services/ts/messaging-worker/src/ai-provider.ts; services/ts/messaging-worker/src/remediation-policy.ts; services/ts/messaging-worker/src/handoff-resume.ts; services/ts/messaging-worker/src/ai-principal.ts,VERIFIED_LOCAL,FIXED_UNVERIFIED,VERIFIED_LOCAL,BLOCKED,Read exact acceptance; mocks do not establish provider acceptance,Current parser tolerates descriptive extras but rejects protected authority fields; provider/recovery tests pass.,ai-provider; ai-recovery; call-followup; handoff-resume; ai-principal; machine-lead-tools; machine-service-tools; wa-current-final:69 files/660 pass/1 Windows symlink skip,docs/readiness/poc-rescue-local/WHATSAPP.md; .artifacts/poc-rescue-local/wa-current-final.log; docs/readiness/poc-rescue-local/LIVE-ACTIVATION.md; COEXISTENCE-GAP.md; PROTOUCH-COEXISTENCE-PROVIDER-OPTION.md,origin/deployed42eebac2; local merged source plus opening cancellation patch; deployed schemafc6e851f3ba0,ProTouch remains PENDING and the Business phone app must be preserved. Ordinary registration failed 100/2388001; no further register/delete/deregister is authorized. Supported Coexistence onboarding is unresolved: user declined both own Tech Provider registration and a new paid subscription. Existing Twilio account has only its shared sandbox. Deployed application health does not establish WhatsApp inbound/AI/opening delivery.,Keep phone app and Coexistence disabled; obtain a supported onboarding route consistent with the user constraints before a real account-bound acceptance test. Continue independent local requirement work where incomplete.,"[{""as_of"":""Before October5 live60f26bf evidence refresh"",""superseded_fields"":{""evidence"":""docs/readiness/poc-rescue-local/WHATSAPP.md; .artifacts/poc-rescue-local/wa-current-final.log"",""blocker"":""ProTouch registration attempted with user approval: HTTP400/code100/subcode2388001 says number belongs to an existing WhatsApp account; needs user-identified migration/disconnection. No deregistration or further POST. Live acceptance/canary still absent."",""next_action"":""Execute exact acceptance on approved canary/provider and retain real outcomes; do not count mocks as live evidence.""},""reason"":""Preserve prior local/baseline evidence while distinguishing current deployment, controlled outbound success and remaining provider gates.""}]","{""previous_labels"":{""implementation"":""EXISTING_PARTIAL""},""meaning"":""Allowed status vocabulary only. Discovery/source inspection is not acceptance. Partial evidence remains FIXED_UNVERIFIED; read the acceptance, evidence and blocker.""}"
PDF-021,P0,whatsapp-recovery,"PDF pages 6, 8, 19","Use a bounded immediate retry and fallback model with a sufficient output budget (document proposes max_tokens=800), rather than identical delayed retries.","Timeout/truncation/invalid output tests show bounded attempts, model fallback and a reply or documented terminal fallback.",All configured; ProTouch and Or-On required,whatsapp-recovery,Authorized operator / service principal,services/ts/messaging-worker/src/ai-provider.ts; services/ts/messaging-worker/src/remediation-policy.ts; services/ts/messaging-worker/src/handoff-resume.ts; services/ts/messaging-worker/src/ai-principal.ts,VERIFIED_LOCAL,FIXED_UNVERIFIED,VERIFIED_LOCAL,BLOCKED,Read exact acceptance; mocks do not establish provider acceptance,"Bounded immediate primary/fallback attempts, 800-token budget, fresh authorization and attempt accounting tested with fake HTTP.",ai-provider; ai-recovery; call-followup; handoff-resume; ai-principal; machine-lead-tools; machine-service-tools; wa-current-final:69 files/660 pass/1 Windows symlink skip,docs/readiness/poc-rescue-local/WHATSAPP.md; .artifacts/poc-rescue-local/wa-current-final.log; docs/readiness/poc-rescue-local/LIVE-ACTIVATION.md; COEXISTENCE-GAP.md; PROTOUCH-COEXISTENCE-PROVIDER-OPTION.md,origin/deployed42eebac2; local merged source plus opening cancellation patch; deployed schemafc6e851f3ba0,ProTouch remains PENDING and the Business phone app must be preserved. Ordinary registration failed 100/2388001; no further register/delete/deregister is authorized. Supported Coexistence onboarding is unresolved: user declined both own Tech Provider registration and a new paid subscription. Existing Twilio account has only its shared sandbox. Deployed application health does not establish WhatsApp inbound/AI/opening delivery.,Keep phone app and Coexistence disabled; obtain a supported onboarding route consistent with the user constraints before a real account-bound acceptance test. Continue independent local requirement work where incomplete.,"[{""as_of"":""Before October5 live60f26bf evidence refresh"",""superseded_fields"":{""evidence"":""docs/readiness/poc-rescue-local/WHATSAPP.md; .artifacts/poc-rescue-local/wa-current-final.log"",""blocker"":""ProTouch registration attempted with user approval: HTTP400/code100/subcode2388001 says number belongs to an existing WhatsApp account; needs user-identified migration/disconnection. No deregistration or further POST. Live acceptance/canary still absent."",""next_action"":""Execute exact acceptance on approved canary/provider and retain real outcomes; do not count mocks as live evidence.""},""reason"":""Preserve prior local/baseline evidence while distinguishing current deployment, controlled outbound success and remaining provider gates.""}]","{""previous_labels"":{""implementation"":""EXISTING_PARTIAL""},""meaning"":""Allowed status vocabulary only. Discovery/source inspection is not acceptance. Partial evidence remains FIXED_UNVERIFIED; read the acceptance, evidence and blocker.""}"
PDF-022,P0,whatsapp-recovery,PDF pages 19,"If model recovery fails, send a fixed safe fallback, open an operator task and alert; do not promise unsupported actions as completed.","Injected persistent failure produces exactly one fallback, linked task and alert; retries do not duplicate sends/tasks.",All configured; ProTouch and Or-On required,whatsapp-recovery,Authorized operator / service principal,services/ts/messaging-worker/src/ai-provider.ts; services/ts/messaging-worker/src/remediation-policy.ts; services/ts/messaging-worker/src/handoff-resume.ts; services/ts/messaging-worker/src/ai-principal.ts,VERIFIED_LOCAL,FIXED_UNVERIFIED,VERIFIED_LOCAL,BLOCKED,Read exact acceptance; mocks do not establish provider acceptance,No-silence fallback/task/operator-alert path exists and local recovery tests pass; live phone alert and fallback send are unverified.,ai-provider; ai-recovery; call-followup; handoff-resume; ai-principal; machine-lead-tools; machine-service-tools; wa-current-final:69 files/660 pass/1 Windows symlink skip,docs/readiness/poc-rescue-local/WHATSAPP.md; .artifacts/poc-rescue-local/wa-current-final.log; docs/readiness/poc-rescue-local/LIVE-ACTIVATION.md; COEXISTENCE-GAP.md; PROTOUCH-COEXISTENCE-PROVIDER-OPTION.md,origin/deployed42eebac2; local merged source plus opening cancellation patch; deployed schemafc6e851f3ba0,ProTouch remains PENDING and the Business phone app must be preserved. Ordinary registration failed 100/2388001; no further register/delete/deregister is authorized. Supported Coexistence onboarding is unresolved: user declined both own Tech Provider registration and a new paid subscription. Existing Twilio account has only its shared sandbox. Deployed application health does not establish WhatsApp inbound/AI/opening delivery.,Keep phone app and Coexistence disabled; obtain a supported onboarding route consistent with the user constraints before a real account-bound acceptance test. Continue independent local requirement work where incomplete.,"[{""as_of"":""Before October5 live60f26bf evidence refresh"",""superseded_fields"":{""evidence"":""docs/readiness/poc-rescue-local/WHATSAPP.md; .artifacts/poc-rescue-local/wa-current-final.log"",""blocker"":""ProTouch registration attempted with user approval: HTTP400/code100/subcode2388001 says number belongs to an existing WhatsApp account; needs user-identified migration/disconnection. No deregistration or further POST. Live acceptance/canary still absent."",""next_action"":""Execute exact acceptance on approved canary/provider and retain real outcomes; do not count mocks as live evidence.""},""reason"":""Preserve prior local/baseline evidence while distinguishing current deployment, controlled outbound success and remaining provider gates.""}]","{""previous_labels"":{""implementation"":""EXISTING_PARTIAL""},""meaning"":""Allowed status vocabulary only. Discovery/source inspection is not acceptance. Partial evidence remains FIXED_UNVERIFIED; read the acceptance, evidence and blocker.""}"
PDF-023,P0,whatsapp-handoff,"PDF pages 6, 19",A callback request when automatic calling is disabled opens a callback task and leaves normal AI assistance available.,Real callback-request conversation creates the task and still answers the next ordinary question.,All configured; ProTouch and Or-On required,whatsapp-handoff,Authorized operator / service principal,services/ts/messaging-worker/src/ai-provider.ts; services/ts/messaging-worker/src/remediation-policy.ts; services/ts/messaging-worker/src/handoff-resume.ts; services/ts/messaging-worker/src/ai-principal.ts,VERIFIED_LOCAL,FIXED_UNVERIFIED,VERIFIED_LOCAL,BLOCKED,Read exact acceptance; mocks do not establish provider acceptance,Disabled auto-call callback task path and action receipts are tested in call-followup integration; actual customer callback flow not measured.,ai-provider; ai-recovery; call-followup; handoff-resume; ai-principal; machine-lead-tools; machine-service-tools; wa-current-final:69 files/660 pass/1 Windows symlink skip,docs/readiness/poc-rescue-local/WHATSAPP.md; .artifacts/poc-rescue-local/wa-current-final.log; docs/readiness/poc-rescue-local/LIVE-ACTIVATION.md; COEXISTENCE-GAP.md; PROTOUCH-COEXISTENCE-PROVIDER-OPTION.md,origin/deployed42eebac2; local merged source plus opening cancellation patch; deployed schemafc6e851f3ba0,ProTouch remains PENDING and the Business phone app must be preserved. Ordinary registration failed 100/2388001; no further register/delete/deregister is authorized. Supported Coexistence onboarding is unresolved: user declined both own Tech Provider registration and a new paid subscription. Existing Twilio account has only its shared sandbox. Deployed application health does not establish WhatsApp inbound/AI/opening delivery.,Keep phone app and Coexistence disabled; obtain a supported onboarding route consistent with the user constraints before a real account-bound acceptance test. Continue independent local requirement work where incomplete.,"[{""as_of"":""Before October5 live60f26bf evidence refresh"",""superseded_fields"":{""evidence"":""docs/readiness/poc-rescue-local/WHATSAPP.md; .artifacts/poc-rescue-local/wa-current-final.log"",""blocker"":""ProTouch registration attempted with user approval: HTTP400/code100/subcode2388001 says number belongs to an existing WhatsApp account; needs user-identified migration/disconnection. No deregistration or further POST. Live acceptance/canary still absent."",""next_action"":""Execute exact acceptance on approved canary/provider and retain real outcomes; do not count mocks as live evidence.""},""reason"":""Preserve prior local/baseline evidence while distinguishing current deployment, controlled outbound success and remaining provider gates.""}]","{""previous_labels"":{""implementation"":""EXISTING_PARTIAL""},""meaning"":""Allowed status vocabulary only. Discovery/source inspection is not acceptance. Partial evidence remains FIXED_UNVERIFIED; read the acceptance, evidence and blocker.""}"
PDF-024,P0,whatsapp-handoff,"PDF pages 6, 19",Human handoff must not disable AI permanently; define inactivity-based recovery after 15 business-hour minutes and at the next session.,"Business-hours, explicit-human-request, active-human, operator-disable and next-session tests verify safe transitions; preserve explicit human control.",All configured; ProTouch and Or-On required,whatsapp-handoff,Authorized operator / service principal,services/ts/messaging-worker/src/ai-provider.ts; services/ts/messaging-worker/src/remediation-policy.ts; services/ts/messaging-worker/src/handoff-resume.ts; services/ts/messaging-worker/src/ai-principal.ts,VERIFIED_LOCAL,FIXED_UNVERIFIED,VERIFIED_LOCAL,BLOCKED,Read exact acceptance; mocks do not establish provider acceptance,"Handoff recovery counts configured business minutes and next-session boundary, with ownership epoch safeguards; live canary off.",ai-provider; ai-recovery; call-followup; handoff-resume; ai-principal; machine-lead-tools; machine-service-tools; wa-current-final:69 files/660 pass/1 Windows symlink skip,docs/readiness/poc-rescue-local/WHATSAPP.md; .artifacts/poc-rescue-local/wa-current-final.log; docs/readiness/poc-rescue-local/LIVE-ACTIVATION.md; COEXISTENCE-GAP.md; PROTOUCH-COEXISTENCE-PROVIDER-OPTION.md,origin/deployed42eebac2; local merged source plus opening cancellation patch; deployed schemafc6e851f3ba0,ProTouch remains PENDING and the Business phone app must be preserved. Ordinary registration failed 100/2388001; no further register/delete/deregister is authorized. Supported Coexistence onboarding is unresolved: user declined both own Tech Provider registration and a new paid subscription. Existing Twilio account has only its shared sandbox. Deployed application health does not establish WhatsApp inbound/AI/opening delivery.,Keep phone app and Coexistence disabled; obtain a supported onboarding route consistent with the user constraints before a real account-bound acceptance test. Continue independent local requirement work where incomplete.,"[{""as_of"":""Before October5 live60f26bf evidence refresh"",""superseded_fields"":{""evidence"":""docs/readiness/poc-rescue-local/WHATSAPP.md; .artifacts/poc-rescue-local/wa-current-final.log"",""blocker"":""ProTouch registration attempted with user approval: HTTP400/code100/subcode2388001 says number belongs to an existing WhatsApp account; needs user-identified migration/disconnection. No deregistration or further POST. Live acceptance/canary still absent."",""next_action"":""Execute exact acceptance on approved canary/provider and retain real outcomes; do not count mocks as live evidence.""},""reason"":""Preserve prior local/baseline evidence while distinguishing current deployment, controlled outbound success and remaining provider gates.""}]","{""previous_labels"":{""implementation"":""EXISTING_PARTIAL""},""meaning"":""Allowed status vocabulary only. Discovery/source inspection is not acceptance. Partial evidence remains FIXED_UNVERIFIED; read the acceptance, evidence and blocker.""}"
PDF-025,P0,whatsapp-handoff,PDF pages 19,Closing a handoff clears its stale handoff reason and restores the intended ownership state.,Close/reopen/reassign and concurrent human-reply tests leave coherent ownership and visible reasons.,All configured; ProTouch and Or-On required,whatsapp-handoff,Authorized operator / service principal,services/ts/messaging-worker/src/ai-provider.ts; services/ts/messaging-worker/src/remediation-policy.ts; services/ts/messaging-worker/src/handoff-resume.ts; services/ts/messaging-worker/src/ai-principal.ts,VERIFIED_LOCAL,FIXED_UNVERIFIED,VERIFIED_LOCAL,BLOCKED,Read exact acceptance; mocks do not establish provider acceptance,Handoff resume helper clears stale reason under one transaction and current ownership; close/active-human scenarios covered locally.,ai-provider; ai-recovery; call-followup; handoff-resume; ai-principal; machine-lead-tools; machine-service-tools; wa-current-final:69 files/660 pass/1 Windows symlink skip,docs/readiness/poc-rescue-local/WHATSAPP.md; .artifacts/poc-rescue-local/wa-current-final.log; docs/readiness/poc-rescue-local/LIVE-ACTIVATION.md; COEXISTENCE-GAP.md; PROTOUCH-COEXISTENCE-PROVIDER-OPTION.md,origin/deployed42eebac2; local merged source plus opening cancellation patch; deployed schemafc6e851f3ba0,ProTouch remains PENDING and the Business phone app must be preserved. Ordinary registration failed 100/2388001; no further register/delete/deregister is authorized. Supported Coexistence onboarding is unresolved: user declined both own Tech Provider registration and a new paid subscription. Existing Twilio account has only its shared sandbox. Deployed application health does not establish WhatsApp inbound/AI/opening delivery.,Keep phone app and Coexistence disabled; obtain a supported onboarding route consistent with the user constraints before a real account-bound acceptance test. Continue independent local requirement work where incomplete.,"[{""as_of"":""Before October5 live60f26bf evidence refresh"",""superseded_fields"":{""evidence"":""docs/readiness/poc-rescue-local/WHATSAPP.md; .artifacts/poc-rescue-local/wa-current-final.log"",""blocker"":""ProTouch registration attempted with user approval: HTTP400/code100/subcode2388001 says number belongs to an existing WhatsApp account; needs user-identified migration/disconnection. No deregistration or further POST. Live acceptance/canary still absent."",""next_action"":""Execute exact acceptance on approved canary/provider and retain real outcomes; do not count mocks as live evidence.""},""reason"":""Preserve prior local/baseline evidence while distinguishing current deployment, controlled outbound success and remaining provider gates.""}]","{""previous_labels"":{""implementation"":""EXISTING_PARTIAL""},""meaning"":""Allowed status vocabulary only. Discovery/source inspection is not acceptance. Partial evidence remains FIXED_UNVERIFIED; read the acceptance, evidence and blocker.""}"
PDF-026,P0,whatsapp-handoff,"PDF pages 19, 27","Eliminate conversations where AI is off, customer writes, and no human reply arrives for over one hour.",Measure tenant-scoped handoff cohort before/after and alert before breach; count zero unexplained >1h cases.,All configured; ProTouch and Or-On required,whatsapp-handoff,Authorized operator / service principal,services/ts/messaging-worker/src/ai-provider.ts; services/ts/messaging-worker/src/remediation-policy.ts; services/ts/messaging-worker/src/handoff-resume.ts; services/ts/messaging-worker/src/ai-principal.ts,FIXED_UNVERIFIED,FIXED_UNVERIFIED,NOT_CHECKED,BLOCKED,Read exact acceptance; mocks do not establish provider acceptance,No full live unattended-human cohort audit or hour-long observation; do not infer absence from zero ProTouch conversations.,ai-provider; ai-recovery; call-followup; handoff-resume; ai-principal; machine-lead-tools; machine-service-tools; wa-current-final:69 files/660 pass/1 Windows symlink skip,docs/readiness/poc-rescue-local/WHATSAPP.md; .artifacts/poc-rescue-local/wa-current-final.log; docs/readiness/poc-rescue-local/LIVE-ACTIVATION.md; COEXISTENCE-GAP.md; PROTOUCH-COEXISTENCE-PROVIDER-OPTION.md,origin/deployed42eebac2; local merged source plus opening cancellation patch; deployed schemafc6e851f3ba0,ProTouch remains PENDING and the Business phone app must be preserved. Ordinary registration failed 100/2388001; no further register/delete/deregister is authorized. Supported Coexistence onboarding is unresolved: user declined both own Tech Provider registration and a new paid subscription. Existing Twilio account has only its shared sandbox. Deployed application health does not establish WhatsApp inbound/AI/opening delivery.,Keep phone app and Coexistence disabled; obtain a supported onboarding route consistent with the user constraints before a real account-bound acceptance test. Continue independent local requirement work where incomplete.,"[{""as_of"":""Before October5 live60f26bf evidence refresh"",""superseded_fields"":{""evidence"":""docs/readiness/poc-rescue-local/WHATSAPP.md; .artifacts/poc-rescue-local/wa-current-final.log"",""blocker"":""ProTouch registration attempted with user approval: HTTP400/code100/subcode2388001 says number belongs to an existing WhatsApp account; needs user-identified migration/disconnection. No deregistration or further POST. Live acceptance/canary still absent."",""next_action"":""Execute exact acceptance on approved canary/provider and retain real outcomes; do not count mocks as live evidence.""},""reason"":""Preserve prior local/baseline evidence while distinguishing current deployment, controlled outbound success and remaining provider gates.""}]","{""previous_labels"":{""discovery"":""PARTIAL"",""implementation"":""EXISTING_PARTIAL""},""meaning"":""Allowed status vocabulary only. Discovery/source inspection is not acceptance. Partial evidence remains FIXED_UNVERIFIED; read the acceptance, evidence and blocker.""}"
PDF-027,P1,ai-authorization,"PDF pages 6, 17, 20","Use a least-privilege tenant service principal for AI authorization, sending and audit instead of the human who enabled AI.",Deactivating/changing that human does not silence the tenant; service principal has only intended tenant capabilities and is audit-attributed.,All configured; ProTouch and Or-On required,ai-authorization,Authorized operator / service principal,services/ts/messaging-worker/src/ai-provider.ts; services/ts/messaging-worker/src/remediation-policy.ts; services/ts/messaging-worker/src/handoff-resume.ts; services/ts/messaging-worker/src/ai-principal.ts,VERIFIED_LOCAL,FIXED_UNVERIFIED,VERIFIED_LOCAL,BLOCKED,Read exact acceptance; mocks do not establish provider acceptance,"Machine principal, scoped tools, outbound authority and revocation integration passed. No live principal bindings; legacy actor authorization remains active.",ai-provider; ai-recovery; call-followup; handoff-resume; ai-principal; machine-lead-tools; machine-service-tools; wa-current-final:69 files/660 pass/1 Windows symlink skip,docs/readiness/poc-rescue-local/WHATSAPP.md; .artifacts/poc-rescue-local/wa-current-final.log; docs/readiness/poc-rescue-local/LIVE-ACTIVATION.md; COEXISTENCE-GAP.md; PROTOUCH-COEXISTENCE-PROVIDER-OPTION.md,origin/deployed42eebac2; local merged source plus opening cancellation patch; deployed schemafc6e851f3ba0,ProTouch remains PENDING and the Business phone app must be preserved. Ordinary registration failed 100/2388001; no further register/delete/deregister is authorized. Supported Coexistence onboarding is unresolved: user declined both own Tech Provider registration and a new paid subscription. Existing Twilio account has only its shared sandbox. Deployed application health does not establish WhatsApp inbound/AI/opening delivery.,Keep phone app and Coexistence disabled; obtain a supported onboarding route consistent with the user constraints before a real account-bound acceptance test. Continue independent local requirement work where incomplete.,"[{""as_of"":""Before October5 live60f26bf evidence refresh"",""superseded_fields"":{""evidence"":""docs/readiness/poc-rescue-local/WHATSAPP.md; .artifacts/poc-rescue-local/wa-current-final.log"",""blocker"":""ProTouch registration attempted with user approval: HTTP400/code100/subcode2388001 says number belongs to an existing WhatsApp account; needs user-identified migration/disconnection. No deregistration or further POST. Live acceptance/canary still absent."",""next_action"":""Execute exact acceptance on approved canary/provider and retain real outcomes; do not count mocks as live evidence.""},""reason"":""Preserve prior local/baseline evidence while distinguishing current deployment, controlled outbound success and remaining provider gates.""}]","{""previous_labels"":{""implementation"":""EXISTING_PARTIAL""},""meaning"":""Allowed status vocabulary only. Discovery/source inspection is not acceptance. Partial evidence remains FIXED_UNVERIFIED; read the acceptance, evidence and blocker.""}"
PDF-028,P1,ai-authorization,PDF pages 17,Alert when an AI service principal or required authorization is invalid.,Revoked principal blocks protected actions and creates a visible alert/fallback rather than silent loss.,All configured; ProTouch and Or-On required,ai-authorization,Authorized operator / service principal,services/ts/messaging-worker/src/ai-provider.ts; services/ts/messaging-worker/src/remediation-policy.ts; services/ts/messaging-worker/src/handoff-resume.ts; services/ts/messaging-worker/src/ai-principal.ts,VERIFIED_LOCAL,FIXED_UNVERIFIED,VERIFIED_LOCAL,BLOCKED,Read exact acceptance; mocks do not establish provider acceptance,Invalid principal admission records durable alerts and suppresses model/send; phone notification within one minute is not verified.,ai-provider; ai-recovery; call-followup; handoff-resume; ai-principal; machine-lead-tools; machine-service-tools; wa-current-final:69 files/660 pass/1 Windows symlink skip,docs/readiness/poc-rescue-local/WHATSAPP.md; .artifacts/poc-rescue-local/wa-current-final.log; docs/readiness/poc-rescue-local/LIVE-ACTIVATION.md; COEXISTENCE-GAP.md; PROTOUCH-COEXISTENCE-PROVIDER-OPTION.md,origin/deployed42eebac2; local merged source plus opening cancellation patch; deployed schemafc6e851f3ba0,ProTouch remains PENDING and the Business phone app must be preserved. Ordinary registration failed 100/2388001; no further register/delete/deregister is authorized. Supported Coexistence onboarding is unresolved: user declined both own Tech Provider registration and a new paid subscription. Existing Twilio account has only its shared sandbox. Deployed application health does not establish WhatsApp inbound/AI/opening delivery.,Keep phone app and Coexistence disabled; obtain a supported onboarding route consistent with the user constraints before a real account-bound acceptance test. Continue independent local requirement work where incomplete.,"[{""as_of"":""Before October5 live60f26bf evidence refresh"",""superseded_fields"":{""evidence"":""docs/readiness/poc-rescue-local/WHATSAPP.md; .artifacts/poc-rescue-local/wa-current-final.log"",""blocker"":""ProTouch registration attempted with user approval: HTTP400/code100/subcode2388001 says number belongs to an existing WhatsApp account; needs user-identified migration/disconnection. No deregistration or further POST. Live acceptance/canary still absent."",""next_action"":""Execute exact acceptance on approved canary/provider and retain real outcomes; do not count mocks as live evidence.""},""reason"":""Preserve prior local/baseline evidence while distinguishing current deployment, controlled outbound success and remaining provider gates.""}]","{""previous_labels"":{""implementation"":""EXISTING_PARTIAL""},""meaning"":""Allowed status vocabulary only. Discovery/source inspection is not acceptance. Partial evidence remains FIXED_UNVERIFIED; read the acceptance, evidence and blocker.""}"
PDF-029,P0,queue,"PDF pages 6, 22","Fence every job-owned write with a claim token, a 120-second lease and renewal every 15 seconds before raising concurrency.",Expired/forged/prior claim token writes fail; overlapping workers cannot persist/send after ownership loss; renewal recovers from safe transient failures.,All configured; ProTouch and Or-On required,queue,Authorized operator / service principal,services/ts/messaging-worker/src/database.ts; services/ts/messaging-worker/src/inbound-debounce.ts; db/alembic/versions/b672f9a6c310_job_claim_tokens_and_renewal.py,VERIFIED_LOCAL,FIXED_UNVERIFIED,VERIFIED_LOCAL,BLOCKED,Read exact acceptance; mocks do not establish provider acceptance,"Claim-token ownership, lease renewal and before-attempt authority are present and exercised by role-limited parallel workers.",fair-admission.postgres; fair-worker.postgres; database.live; extraction-priority.live; job-wakeup.live; inbound-debounce; wa-current-final:69 files/660 pass/1 Windows symlink skip,docs/readiness/poc-rescue-local/WHATSAPP.md; .artifacts/poc-rescue-local/wa-current-final.log; docs/readiness/poc-rescue-local/LIVE-ACTIVATION.md; COEXISTENCE-GAP.md; PROTOUCH-COEXISTENCE-PROVIDER-OPTION.md,origin/deployed42eebac2; local merged source plus opening cancellation patch; deployed schemafc6e851f3ba0,ProTouch remains PENDING and the Business phone app must be preserved. Ordinary registration failed 100/2388001; no further register/delete/deregister is authorized. Supported Coexistence onboarding is unresolved: user declined both own Tech Provider registration and a new paid subscription. Existing Twilio account has only its shared sandbox. Deployed application health does not establish WhatsApp inbound/AI/opening delivery.,Keep phone app and Coexistence disabled; obtain a supported onboarding route consistent with the user constraints before a real account-bound acceptance test. Continue independent local requirement work where incomplete.,"[{""as_of"":""Before October5 live60f26bf evidence refresh"",""superseded_fields"":{""evidence"":""docs/readiness/poc-rescue-local/WHATSAPP.md; .artifacts/poc-rescue-local/wa-current-final.log"",""blocker"":""ProTouch registration attempted with user approval: HTTP400/code100/subcode2388001 says number belongs to an existing WhatsApp account; needs user-identified migration/disconnection. No deregistration or further POST. Live acceptance/canary still absent."",""next_action"":""Execute exact acceptance on approved canary/provider and retain real outcomes; do not count mocks as live evidence.""},""reason"":""Preserve prior local/baseline evidence while distinguishing current deployment, controlled outbound success and remaining provider gates.""}]","{""previous_labels"":{""implementation"":""EXISTING_PARTIAL""},""meaning"":""Allowed status vocabulary only. Discovery/source inspection is not acceptance. Partial evidence remains FIXED_UNVERIFIED; read the acceptance, evidence and blocker.""}"
PDF-030,P0,queue,"PDF pages 6, 22",A crashed final-attempt job becomes dead and alerts after lease expiry instead of staying running forever.,Kill worker on last attempt; after lease expiry job is terminal with alert and no zombie lock.,All configured; ProTouch and Or-On required,queue,Authorized operator / service principal,services/ts/messaging-worker/src/database.ts; services/ts/messaging-worker/src/inbound-debounce.ts; db/alembic/versions/b672f9a6c310_job_claim_tokens_and_renewal.py,VERIFIED_LOCAL,FIXED_UNVERIFIED,VERIFIED_LOCAL,BLOCKED,Read exact acceptance; mocks do not establish provider acceptance,Expired/final-attempt recovery exists in claim migrations; local crash/fencing tests passed. Live crash/alert timing remains unmeasured.,fair-admission.postgres; fair-worker.postgres; database.live; extraction-priority.live; job-wakeup.live; inbound-debounce; wa-current-final:69 files/660 pass/1 Windows symlink skip,docs/readiness/poc-rescue-local/WHATSAPP.md; .artifacts/poc-rescue-local/wa-current-final.log; docs/readiness/poc-rescue-local/LIVE-ACTIVATION.md; COEXISTENCE-GAP.md; PROTOUCH-COEXISTENCE-PROVIDER-OPTION.md,origin/deployed42eebac2; local merged source plus opening cancellation patch; deployed schemafc6e851f3ba0,ProTouch remains PENDING and the Business phone app must be preserved. Ordinary registration failed 100/2388001; no further register/delete/deregister is authorized. Supported Coexistence onboarding is unresolved: user declined both own Tech Provider registration and a new paid subscription. Existing Twilio account has only its shared sandbox. Deployed application health does not establish WhatsApp inbound/AI/opening delivery.,Keep phone app and Coexistence disabled; obtain a supported onboarding route consistent with the user constraints before a real account-bound acceptance test. Continue independent local requirement work where incomplete.,"[{""as_of"":""Before October5 live60f26bf evidence refresh"",""superseded_fields"":{""evidence"":""docs/readiness/poc-rescue-local/WHATSAPP.md; .artifacts/poc-rescue-local/wa-current-final.log"",""blocker"":""ProTouch registration attempted with user approval: HTTP400/code100/subcode2388001 says number belongs to an existing WhatsApp account; needs user-identified migration/disconnection. No deregistration or further POST. Live acceptance/canary still absent."",""next_action"":""Execute exact acceptance on approved canary/provider and retain real outcomes; do not count mocks as live evidence.""},""reason"":""Preserve prior local/baseline evidence while distinguishing current deployment, controlled outbound success and remaining provider gates.""}]","{""previous_labels"":{""implementation"":""EXISTING_PARTIAL""},""meaning"":""Allowed status vocabulary only. Discovery/source inspection is not acceptance. Partial evidence remains FIXED_UNVERIFIED; read the acceptance, evidence and blocker.""}"
PDF-031,P1,queue,"PDF pages 7, 21","Separate batched ingestion from model calls, ingesting batches of about 50 without waiting for AI.",Ten or more simultaneous customers appear promptly in inbox; slow model does not block new event ingestion.,All configured; ProTouch and Or-On required,queue,Authorized operator / service principal,services/ts/messaging-worker/src/database.ts; services/ts/messaging-worker/src/inbound-debounce.ts; db/alembic/versions/b672f9a6c310_job_claim_tokens_and_renewal.py,VERIFIED_LOCAL,FIXED_UNVERIFIED,VERIFIED_LOCAL,BLOCKED,Read exact acceptance; mocks do not establish provider acceptance,Fair worker integration proves tenant B ingestion/send continues while tenant A model is blocked.,fair-admission.postgres; fair-worker.postgres; database.live; extraction-priority.live; job-wakeup.live; inbound-debounce; wa-current-final:69 files/660 pass/1 Windows symlink skip,docs/readiness/poc-rescue-local/WHATSAPP.md; .artifacts/poc-rescue-local/wa-current-final.log; docs/readiness/poc-rescue-local/LIVE-ACTIVATION.md; COEXISTENCE-GAP.md; PROTOUCH-COEXISTENCE-PROVIDER-OPTION.md,origin/deployed42eebac2; local merged source plus opening cancellation patch; deployed schemafc6e851f3ba0,ProTouch remains PENDING and the Business phone app must be preserved. Ordinary registration failed 100/2388001; no further register/delete/deregister is authorized. Supported Coexistence onboarding is unresolved: user declined both own Tech Provider registration and a new paid subscription. Existing Twilio account has only its shared sandbox. Deployed application health does not establish WhatsApp inbound/AI/opening delivery.,Keep phone app and Coexistence disabled; obtain a supported onboarding route consistent with the user constraints before a real account-bound acceptance test. Continue independent local requirement work where incomplete.,"[{""as_of"":""Before October5 live60f26bf evidence refresh"",""superseded_fields"":{""evidence"":""docs/readiness/poc-rescue-local/WHATSAPP.md; .artifacts/poc-rescue-local/wa-current-final.log"",""blocker"":""ProTouch registration attempted with user approval: HTTP400/code100/subcode2388001 says number belongs to an existing WhatsApp account; needs user-identified migration/disconnection. No deregistration or further POST. Live acceptance/canary still absent."",""next_action"":""Execute exact acceptance on approved canary/provider and retain real outcomes; do not count mocks as live evidence.""},""reason"":""Preserve prior local/baseline evidence while distinguishing current deployment, controlled outbound success and remaining provider gates.""}]","{""previous_labels"":{""implementation"":""EXISTING_PARTIAL""},""meaning"":""Allowed status vocabulary only. Discovery/source inspection is not acceptance. Partial evidence remains FIXED_UNVERIFIED; read the acceptance, evidence and blocker.""}"
PDF-032,P1,queue,"PDF pages 21, 23","Use bounded AI concurrency (initially four global jobs, two per tenant and one per conversation) with fair cross-tenant scheduling.",Busy-tenant/slow-model load test does not starve other tenants; no two active jobs for one conversation; claim fencing is present first.,All configured; ProTouch and Or-On required,queue,Authorized operator / service principal,services/ts/messaging-worker/src/database.ts; services/ts/messaging-worker/src/inbound-debounce.ts; db/alembic/versions/b672f9a6c310_job_claim_tokens_and_renewal.py,VERIFIED_LOCAL,FIXED_UNVERIFIED,VERIFIED_LOCAL,BLOCKED,Read exact acceptance; mocks do not establish provider acceptance,"Independent empty-database fair admission proves four global, two tenant, one conversation claims. Initial seeded-fixture false failure corrected in harness.",fair-admission.postgres; fair-worker.postgres; database.live; extraction-priority.live; job-wakeup.live; inbound-debounce; wa-current-final:69 files/660 pass/1 Windows symlink skip,docs/readiness/poc-rescue-local/WHATSAPP.md; .artifacts/poc-rescue-local/wa-current-final.log; docs/readiness/poc-rescue-local/LIVE-ACTIVATION.md; COEXISTENCE-GAP.md; PROTOUCH-COEXISTENCE-PROVIDER-OPTION.md,origin/deployed42eebac2; local merged source plus opening cancellation patch; deployed schemafc6e851f3ba0,ProTouch remains PENDING and the Business phone app must be preserved. Ordinary registration failed 100/2388001; no further register/delete/deregister is authorized. Supported Coexistence onboarding is unresolved: user declined both own Tech Provider registration and a new paid subscription. Existing Twilio account has only its shared sandbox. Deployed application health does not establish WhatsApp inbound/AI/opening delivery.,Keep phone app and Coexistence disabled; obtain a supported onboarding route consistent with the user constraints before a real account-bound acceptance test. Continue independent local requirement work where incomplete.,"[{""as_of"":""Before October5 live60f26bf evidence refresh"",""superseded_fields"":{""evidence"":""docs/readiness/poc-rescue-local/WHATSAPP.md; .artifacts/poc-rescue-local/wa-current-final.log"",""blocker"":""ProTouch registration attempted with user approval: HTTP400/code100/subcode2388001 says number belongs to an existing WhatsApp account; needs user-identified migration/disconnection. No deregistration or further POST. Live acceptance/canary still absent."",""next_action"":""Execute exact acceptance on approved canary/provider and retain real outcomes; do not count mocks as live evidence.""},""reason"":""Preserve prior local/baseline evidence while distinguishing current deployment, controlled outbound success and remaining provider gates.""}]","{""previous_labels"":{""implementation"":""EXISTING_PARTIAL""},""meaning"":""Allowed status vocabulary only. Discovery/source inspection is not acceptance. Partial evidence remains FIXED_UNVERIFIED; read the acceptance, evidence and blocker.""}"
PDF-033,P1,queue,"PDF pages 7, 20",Prioritize customer reply/send jobs at 100 and background field-service extraction at 10.,Queued extraction load does not cause a reply to wait behind an unstarted extraction job.,All configured; ProTouch and Or-On required,queue,Authorized operator / service principal,services/ts/messaging-worker/src/database.ts; services/ts/messaging-worker/src/inbound-debounce.ts; db/alembic/versions/b672f9a6c310_job_claim_tokens_and_renewal.py,VERIFIED_LOCAL,FIXED_UNVERIFIED,VERIFIED_LOCAL,BLOCKED,Read exact acceptance; mocks do not establish provider acceptance,Reply/send and extraction priority tests pass; tenant queue-priority flags are absent in live configuration.,fair-admission.postgres; fair-worker.postgres; database.live; extraction-priority.live; job-wakeup.live; inbound-debounce; wa-current-final:69 files/660 pass/1 Windows symlink skip,docs/readiness/poc-rescue-local/WHATSAPP.md; .artifacts/poc-rescue-local/wa-current-final.log; docs/readiness/poc-rescue-local/LIVE-ACTIVATION.md; COEXISTENCE-GAP.md; PROTOUCH-COEXISTENCE-PROVIDER-OPTION.md,origin/deployed42eebac2; local merged source plus opening cancellation patch; deployed schemafc6e851f3ba0,ProTouch remains PENDING and the Business phone app must be preserved. Ordinary registration failed 100/2388001; no further register/delete/deregister is authorized. Supported Coexistence onboarding is unresolved: user declined both own Tech Provider registration and a new paid subscription. Existing Twilio account has only its shared sandbox. Deployed application health does not establish WhatsApp inbound/AI/opening delivery.,Keep phone app and Coexistence disabled; obtain a supported onboarding route consistent with the user constraints before a real account-bound acceptance test. Continue independent local requirement work where incomplete.,"[{""as_of"":""Before October5 live60f26bf evidence refresh"",""superseded_fields"":{""evidence"":""docs/readiness/poc-rescue-local/WHATSAPP.md; .artifacts/poc-rescue-local/wa-current-final.log"",""blocker"":""ProTouch registration attempted with user approval: HTTP400/code100/subcode2388001 says number belongs to an existing WhatsApp account; needs user-identified migration/disconnection. No deregistration or further POST. Live acceptance/canary still absent."",""next_action"":""Execute exact acceptance on approved canary/provider and retain real outcomes; do not count mocks as live evidence.""},""reason"":""Preserve prior local/baseline evidence while distinguishing current deployment, controlled outbound success and remaining provider gates.""}]","{""previous_labels"":{""implementation"":""EXISTING_PARTIAL""},""meaning"":""Allowed status vocabulary only. Discovery/source inspection is not acceptance. Partial evidence remains FIXED_UNVERIFIED; read the acceptance, evidence and blocker.""}"
PDF-034,P1,queue,"PDF pages 2, 22","Debounce conversational bursts with one pending AI job per conversation, about 2.5-second delay and trigger update instead of additional jobs.",Three rapid bubbles yield one semantically complete reply and one model call; sustained input cannot starve indefinitely.,All configured; ProTouch and Or-On required,queue,Authorized operator / service principal,services/ts/messaging-worker/src/database.ts; services/ts/messaging-worker/src/inbound-debounce.ts; db/alembic/versions/b672f9a6c310_job_claim_tokens_and_renewal.py,VERIFIED_LOCAL,FIXED_UNVERIFIED,VERIFIED_LOCAL,BLOCKED,Read exact acceptance; mocks do not establish provider acceptance,Bounded inbound debounce policy exists and unit tests pass; live debounce flag remains off and real bursts unmeasured.,fair-admission.postgres; fair-worker.postgres; database.live; extraction-priority.live; job-wakeup.live; inbound-debounce; wa-current-final:69 files/660 pass/1 Windows symlink skip,docs/readiness/poc-rescue-local/WHATSAPP.md; .artifacts/poc-rescue-local/wa-current-final.log; docs/readiness/poc-rescue-local/LIVE-ACTIVATION.md; COEXISTENCE-GAP.md; PROTOUCH-COEXISTENCE-PROVIDER-OPTION.md,origin/deployed42eebac2; local merged source plus opening cancellation patch; deployed schemafc6e851f3ba0,ProTouch remains PENDING and the Business phone app must be preserved. Ordinary registration failed 100/2388001; no further register/delete/deregister is authorized. Supported Coexistence onboarding is unresolved: user declined both own Tech Provider registration and a new paid subscription. Existing Twilio account has only its shared sandbox. Deployed application health does not establish WhatsApp inbound/AI/opening delivery.,Keep phone app and Coexistence disabled; obtain a supported onboarding route consistent with the user constraints before a real account-bound acceptance test. Continue independent local requirement work where incomplete.,"[{""as_of"":""Before October5 live60f26bf evidence refresh"",""superseded_fields"":{""evidence"":""docs/readiness/poc-rescue-local/WHATSAPP.md; .artifacts/poc-rescue-local/wa-current-final.log"",""blocker"":""ProTouch registration attempted with user approval: HTTP400/code100/subcode2388001 says number belongs to an existing WhatsApp account; needs user-identified migration/disconnection. No deregistration or further POST. Live acceptance/canary still absent."",""next_action"":""Execute exact acceptance on approved canary/provider and retain real outcomes; do not count mocks as live evidence.""},""reason"":""Preserve prior local/baseline evidence while distinguishing current deployment, controlled outbound success and remaining provider gates.""}]","{""previous_labels"":{""implementation"":""EXISTING_PARTIAL""},""meaning"":""Allowed status vocabulary only. Discovery/source inspection is not acceptance. Partial evidence remains FIXED_UNVERIFIED; read the acceptance, evidence and blocker.""}"
PDF-035,P1,queue,"PDF pages 6, 7, 22","Send immediately after generation with current validity check before provider HTTP, avoiding a needless queue-hop race.",New-message/evidence-change races preserve an eventual response; measured acceptance time includes sending.,All configured; ProTouch and Or-On required,queue,Authorized operator / service principal,services/ts/messaging-worker/src/database.ts; services/ts/messaging-worker/src/inbound-debounce.ts; db/alembic/versions/b672f9a6c310_job_claim_tokens_and_renewal.py,FIXED_UNVERIFIED,FIXED_UNVERIFIED,NOT_CHECKED,BLOCKED,Read exact acceptance; mocks do not establish provider acceptance,Generation leads to durable outbound work with current evidence/ownership validation and queue wakeup; literal no-hop immediate physical-send acceptance is not established.,fair-admission.postgres; fair-worker.postgres; database.live; extraction-priority.live; job-wakeup.live; inbound-debounce; wa-current-final:69 files/660 pass/1 Windows symlink skip,docs/readiness/poc-rescue-local/WHATSAPP.md; .artifacts/poc-rescue-local/wa-current-final.log; docs/readiness/poc-rescue-local/LIVE-ACTIVATION.md; COEXISTENCE-GAP.md; PROTOUCH-COEXISTENCE-PROVIDER-OPTION.md,origin/deployed42eebac2; local merged source plus opening cancellation patch; deployed schemafc6e851f3ba0,ProTouch remains PENDING and the Business phone app must be preserved. Ordinary registration failed 100/2388001; no further register/delete/deregister is authorized. Supported Coexistence onboarding is unresolved: user declined both own Tech Provider registration and a new paid subscription. Existing Twilio account has only its shared sandbox. Deployed application health does not establish WhatsApp inbound/AI/opening delivery.,Keep phone app and Coexistence disabled; obtain a supported onboarding route consistent with the user constraints before a real account-bound acceptance test. Continue independent local requirement work where incomplete.,"[{""as_of"":""Before October5 live60f26bf evidence refresh"",""superseded_fields"":{""evidence"":""docs/readiness/poc-rescue-local/WHATSAPP.md; .artifacts/poc-rescue-local/wa-current-final.log"",""blocker"":""ProTouch registration attempted with user approval: HTTP400/code100/subcode2388001 says number belongs to an existing WhatsApp account; needs user-identified migration/disconnection. No deregistration or further POST. Live acceptance/canary still absent."",""next_action"":""Execute exact acceptance on approved canary/provider and retain real outcomes; do not count mocks as live evidence.""},""reason"":""Preserve prior local/baseline evidence while distinguishing current deployment, controlled outbound success and remaining provider gates.""}]","{""previous_labels"":{""discovery"":""PARTIAL"",""implementation"":""EXISTING_PARTIAL""},""meaning"":""Allowed status vocabulary only. Discovery/source inspection is not acceptance. Partial evidence remains FIXED_UNVERIFIED; read the acceptance, evidence and blocker.""}"
PDF-036,P0,queue,"PDF pages 22, 30",Preserve idempotency and unknown-outcome duplicate-send protection during retry and queue changes.,"Provider timeout after acceptance, worker crash, retry and concurrent claim tests never create duplicate customer messages.",All configured; ProTouch and Or-On required,queue,Authorized operator / service principal,services/ts/messaging-worker/src/database.ts; services/ts/messaging-worker/src/inbound-debounce.ts; db/alembic/versions/b672f9a6c310_job_claim_tokens_and_renewal.py,VERIFIED_LOCAL,FIXED_UNVERIFIED,VERIFIED_LOCAL,BLOCKED,Read exact acceptance; mocks do not establish provider acceptance,"Provider ambiguity, no blind retry, fresh claim/credential checks and opening physical-outcome fencing pass locally.",fair-admission.postgres; fair-worker.postgres; database.live; extraction-priority.live; job-wakeup.live; inbound-debounce; wa-current-final:69 files/660 pass/1 Windows symlink skip,docs/readiness/poc-rescue-local/WHATSAPP.md; .artifacts/poc-rescue-local/wa-current-final.log; docs/readiness/poc-rescue-local/LIVE-ACTIVATION.md; COEXISTENCE-GAP.md; PROTOUCH-COEXISTENCE-PROVIDER-OPTION.md,origin/deployed42eebac2; local merged source plus opening cancellation patch; deployed schemafc6e851f3ba0,ProTouch remains PENDING and the Business phone app must be preserved. Ordinary registration failed 100/2388001; no further register/delete/deregister is authorized. Supported Coexistence onboarding is unresolved: user declined both own Tech Provider registration and a new paid subscription. Existing Twilio account has only its shared sandbox. Deployed application health does not establish WhatsApp inbound/AI/opening delivery.,Keep phone app and Coexistence disabled; obtain a supported onboarding route consistent with the user constraints before a real account-bound acceptance test. Continue independent local requirement work where incomplete.,"[{""as_of"":""Before October5 live60f26bf evidence refresh"",""superseded_fields"":{""evidence"":""docs/readiness/poc-rescue-local/WHATSAPP.md; .artifacts/poc-rescue-local/wa-current-final.log"",""blocker"":""ProTouch registration attempted with user approval: HTTP400/code100/subcode2388001 says number belongs to an existing WhatsApp account; needs user-identified migration/disconnection. No deregistration or further POST. Live acceptance/canary still absent."",""next_action"":""Execute exact acceptance on approved canary/provider and retain real outcomes; do not count mocks as live evidence.""},""reason"":""Preserve prior local/baseline evidence while distinguishing current deployment, controlled outbound success and remaining provider gates.""}]","{""previous_labels"":{""implementation"":""EXISTING_PARTIAL""},""meaning"":""Allowed status vocabulary only. Discovery/source inspection is not acceptance. Partial evidence remains FIXED_UNVERIFIED; read the acceptance, evidence and blocker.""}"
PDF-037,P1,queue,"PDF pages 7, 22",Use LISTEN/NOTIFY wakeups with reliable polling fallback.,Events wake sleeping workers promptly; dropped notifications/reconnects are recovered by polling.,All configured; ProTouch and Or-On required,queue,Authorized operator / service principal,services/ts/messaging-worker/src/database.ts; services/ts/messaging-worker/src/inbound-debounce.ts; db/alembic/versions/b672f9a6c310_job_claim_tokens_and_renewal.py,VERIFIED_LOCAL,FIXED_UNVERIFIED,VERIFIED_LOCAL,BLOCKED,Read exact acceptance; mocks do not establish provider acceptance,LISTEN commit/rollback/reconnect test runs with polling fallback; no deployment outage/failure timing claim.,fair-admission.postgres; fair-worker.postgres; database.live; extraction-priority.live; job-wakeup.live; inbound-debounce; wa-current-final:69 files/660 pass/1 Windows symlink skip,docs/readiness/poc-rescue-local/WHATSAPP.md; .artifacts/poc-rescue-local/wa-current-final.log; docs/readiness/poc-rescue-local/LIVE-ACTIVATION.md; COEXISTENCE-GAP.md; PROTOUCH-COEXISTENCE-PROVIDER-OPTION.md,origin/deployed42eebac2; local merged source plus opening cancellation patch; deployed schemafc6e851f3ba0,ProTouch remains PENDING and the Business phone app must be preserved. Ordinary registration failed 100/2388001; no further register/delete/deregister is authorized. Supported Coexistence onboarding is unresolved: user declined both own Tech Provider registration and a new paid subscription. Existing Twilio account has only its shared sandbox. Deployed application health does not establish WhatsApp inbound/AI/opening delivery.,Keep phone app and Coexistence disabled; obtain a supported onboarding route consistent with the user constraints before a real account-bound acceptance test. Continue independent local requirement work where incomplete.,"[{""as_of"":""Before October5 live60f26bf evidence refresh"",""superseded_fields"":{""evidence"":""docs/readiness/poc-rescue-local/WHATSAPP.md; .artifacts/poc-rescue-local/wa-current-final.log"",""blocker"":""ProTouch registration attempted with user approval: HTTP400/code100/subcode2388001 says number belongs to an existing WhatsApp account; needs user-identified migration/disconnection. No deregistration or further POST. Live acceptance/canary still absent."",""next_action"":""Execute exact acceptance on approved canary/provider and retain real outcomes; do not count mocks as live evidence.""},""reason"":""Preserve prior local/baseline evidence while distinguishing current deployment, controlled outbound success and remaining provider gates.""}]","{""previous_labels"":{""implementation"":""EXISTING_PARTIAL""},""meaning"":""Allowed status vocabulary only. Discovery/source inspection is not acceptance. Partial evidence remains FIXED_UNVERIFIED; read the acceptance, evidence and blocker.""}"
PDF-038,P1,queue,"PDF pages 6, 22","Superseded/evidence-changed decisions must resolve to a newer reply or operator-visible outcome, not unexplained dropped sends.",Burst and revocation tests link suppressed jobs to replacement reply or explicit blocked outcome.,All configured; ProTouch and Or-On required,queue,Authorized operator / service principal,services/ts/messaging-worker/src/database.ts; services/ts/messaging-worker/src/inbound-debounce.ts; db/alembic/versions/b672f9a6c310_job_claim_tokens_and_renewal.py,FIXED_UNVERIFIED,FIXED_UNVERIFIED,NOT_CHECKED,BLOCKED,Read exact acceptance; mocks do not establish provider acceptance,Superseded trigger protection exists; complete live replacement-or-alert reconciliation still absent. Root corrects the separate SLI job-type bug.,fair-admission.postgres; fair-worker.postgres; database.live; extraction-priority.live; job-wakeup.live; inbound-debounce; wa-current-final:69 files/660 pass/1 Windows symlink skip,docs/readiness/poc-rescue-local/WHATSAPP.md; .artifacts/poc-rescue-local/wa-current-final.log; docs/readiness/poc-rescue-local/LIVE-ACTIVATION.md; COEXISTENCE-GAP.md; PROTOUCH-COEXISTENCE-PROVIDER-OPTION.md,origin/deployed42eebac2; local merged source plus opening cancellation patch; deployed schemafc6e851f3ba0,ProTouch remains PENDING and the Business phone app must be preserved. Ordinary registration failed 100/2388001; no further register/delete/deregister is authorized. Supported Coexistence onboarding is unresolved: user declined both own Tech Provider registration and a new paid subscription. Existing Twilio account has only its shared sandbox. Deployed application health does not establish WhatsApp inbound/AI/opening delivery.,Keep phone app and Coexistence disabled; obtain a supported onboarding route consistent with the user constraints before a real account-bound acceptance test. Continue independent local requirement work where incomplete.,"[{""as_of"":""Before October5 live60f26bf evidence refresh"",""superseded_fields"":{""evidence"":""docs/readiness/poc-rescue-local/WHATSAPP.md; .artifacts/poc-rescue-local/wa-current-final.log"",""blocker"":""ProTouch registration attempted with user approval: HTTP400/code100/subcode2388001 says number belongs to an existing WhatsApp account; needs user-identified migration/disconnection. No deregistration or further POST. Live acceptance/canary still absent."",""next_action"":""Execute exact acceptance on approved canary/provider and retain real outcomes; do not count mocks as live evidence.""},""reason"":""Preserve prior local/baseline evidence while distinguishing current deployment, controlled outbound success and remaining provider gates.""}]","{""previous_labels"":{""discovery"":""PARTIAL"",""implementation"":""EXISTING_PARTIAL""},""meaning"":""Allowed status vocabulary only. Discovery/source inspection is not acceptance. Partial evidence remains FIXED_UNVERIFIED; read the acceptance, evidence and blocker.""}"
PDF-039,P1,knowledge,"PDF pages 9, 12, 22","Make uploaded document content available to runtime, including documents without extracted facts.",A question answered only in document prose is answered correctly by deployed WhatsApp and voice agents.,All configured; ProTouch and Or-On required,knowledge,Authorized operator / service principal,packages/ts/crm/src/knowledge-retrieval.ts; services/ts/messaging-worker/src/ai-grounding.ts; services/ts/messaging-worker/src/prompt-context-budget.ts,VERIFIED_LOCAL,FIXED_UNVERIFIED,VERIFIED_LOCAL,BLOCKED,Read exact acceptance; mocks do not establish provider acceptance,Tenant/version retrieval returns document chunks as well as facts; current worker context/grounding tests pass; actual uploaded Hebrew corpus unverified.,ai-grounding (219); prompt-context-budget; prompt-context-provider; wa-current-final:69 files/660 pass/1 Windows symlink skip,docs/readiness/poc-rescue-local/WHATSAPP.md; .artifacts/poc-rescue-local/wa-current-final.log; docs/readiness/poc-rescue-local/LIVE-ACTIVATION.md; COEXISTENCE-GAP.md; PROTOUCH-COEXISTENCE-PROVIDER-OPTION.md,origin/deployed42eebac2; local merged source plus opening cancellation patch; deployed schemafc6e851f3ba0,ProTouch remains PENDING and the Business phone app must be preserved. Ordinary registration failed 100/2388001; no further register/delete/deregister is authorized. Supported Coexistence onboarding is unresolved: user declined both own Tech Provider registration and a new paid subscription. Existing Twilio account has only its shared sandbox. Deployed application health does not establish WhatsApp inbound/AI/opening delivery.,Keep phone app and Coexistence disabled; obtain a supported onboarding route consistent with the user constraints before a real account-bound acceptance test. Continue independent local requirement work where incomplete.,"[{""as_of"":""Before October5 live60f26bf evidence refresh"",""superseded_fields"":{""evidence"":""docs/readiness/poc-rescue-local/WHATSAPP.md; .artifacts/poc-rescue-local/wa-current-final.log"",""blocker"":""ProTouch registration attempted with user approval: HTTP400/code100/subcode2388001 says number belongs to an existing WhatsApp account; needs user-identified migration/disconnection. No deregistration or further POST. Live acceptance/canary still absent."",""next_action"":""Execute exact acceptance on approved canary/provider and retain real outcomes; do not count mocks as live evidence.""},""reason"":""Preserve prior local/baseline evidence while distinguishing current deployment, controlled outbound success and remaining provider gates.""}]","{""previous_labels"":{""implementation"":""EXISTING_PARTIAL""},""meaning"":""Allowed status vocabulary only. Discovery/source inspection is not acceptance. Partial evidence remains FIXED_UNVERIFIED; read the acceptance, evidence and blocker.""}"
PDF-040,P1,knowledge,"PDF pages 9, 12, 22","Retrieve relevant content chunks and facts using tenant-scoped FTS, initially top eight, instead of arbitrary UUID-ordered documents/facts.",Hebrew golden questions retrieve correct source among >40 documents and facts; explain source selection.,All configured; ProTouch and Or-On required,knowledge,Authorized operator / service principal,packages/ts/crm/src/knowledge-retrieval.ts; services/ts/messaging-worker/src/ai-grounding.ts; services/ts/messaging-worker/src/prompt-context-budget.ts,FIXED_UNVERIFIED,FIXED_UNVERIFIED,NOT_CHECKED,BLOCKED,Read exact acceptance; mocks do not establish provider acceptance,"FTS uses simple configuration, relevance rank and top eight with current source/version filters; more-than-40 real Hebrew document acceptance absent.",ai-grounding (219); prompt-context-budget; prompt-context-provider; wa-current-final:69 files/660 pass/1 Windows symlink skip,docs/readiness/poc-rescue-local/WHATSAPP.md; .artifacts/poc-rescue-local/wa-current-final.log; docs/readiness/poc-rescue-local/LIVE-ACTIVATION.md; COEXISTENCE-GAP.md; PROTOUCH-COEXISTENCE-PROVIDER-OPTION.md,origin/deployed42eebac2; local merged source plus opening cancellation patch; deployed schemafc6e851f3ba0,ProTouch remains PENDING and the Business phone app must be preserved. Ordinary registration failed 100/2388001; no further register/delete/deregister is authorized. Supported Coexistence onboarding is unresolved: user declined both own Tech Provider registration and a new paid subscription. Existing Twilio account has only its shared sandbox. Deployed application health does not establish WhatsApp inbound/AI/opening delivery.,Keep phone app and Coexistence disabled; obtain a supported onboarding route consistent with the user constraints before a real account-bound acceptance test. Continue independent local requirement work where incomplete.,"[{""as_of"":""Before October5 live60f26bf evidence refresh"",""superseded_fields"":{""evidence"":""docs/readiness/poc-rescue-local/WHATSAPP.md; .artifacts/poc-rescue-local/wa-current-final.log"",""blocker"":""ProTouch registration attempted with user approval: HTTP400/code100/subcode2388001 says number belongs to an existing WhatsApp account; needs user-identified migration/disconnection. No deregistration or further POST. Live acceptance/canary still absent."",""next_action"":""Execute exact acceptance on approved canary/provider and retain real outcomes; do not count mocks as live evidence.""},""reason"":""Preserve prior local/baseline evidence while distinguishing current deployment, controlled outbound success and remaining provider gates.""}]","{""previous_labels"":{""discovery"":""PARTIAL"",""implementation"":""EXISTING_PARTIAL""},""meaning"":""Allowed status vocabulary only. Discovery/source inspection is not acceptance. Partial evidence remains FIXED_UNVERIFIED; read the acceptance, evidence and blocker.""}"
PDF-041,P0,knowledge,"PDF pages 12, 22","Retain tenant, agent-source, validity and revocation filters in retrieval and response validation.","Cross-tenant, unpublished, expired and revoked-source tests never expose forbidden content.",All configured; ProTouch and Or-On required,knowledge,Authorized operator / service principal,packages/ts/crm/src/knowledge-retrieval.ts; services/ts/messaging-worker/src/ai-grounding.ts; services/ts/messaging-worker/src/prompt-context-budget.ts,VERIFIED_LOCAL,FIXED_UNVERIFIED,VERIFIED_LOCAL,BLOCKED,Read exact acceptance; mocks do not establish provider acceptance,Retrieval filters tenant/agent/source validity and revocation; authority is revalidated before send. Local grounding/ownership tests pass.,ai-grounding (219); prompt-context-budget; prompt-context-provider; wa-current-final:69 files/660 pass/1 Windows symlink skip,docs/readiness/poc-rescue-local/WHATSAPP.md; .artifacts/poc-rescue-local/wa-current-final.log; docs/readiness/poc-rescue-local/LIVE-ACTIVATION.md; COEXISTENCE-GAP.md; PROTOUCH-COEXISTENCE-PROVIDER-OPTION.md,origin/deployed42eebac2; local merged source plus opening cancellation patch; deployed schemafc6e851f3ba0,ProTouch remains PENDING and the Business phone app must be preserved. Ordinary registration failed 100/2388001; no further register/delete/deregister is authorized. Supported Coexistence onboarding is unresolved: user declined both own Tech Provider registration and a new paid subscription. Existing Twilio account has only its shared sandbox. Deployed application health does not establish WhatsApp inbound/AI/opening delivery.,Keep phone app and Coexistence disabled; obtain a supported onboarding route consistent with the user constraints before a real account-bound acceptance test. Continue independent local requirement work where incomplete.,"[{""as_of"":""Before October5 live60f26bf evidence refresh"",""superseded_fields"":{""evidence"":""docs/readiness/poc-rescue-local/WHATSAPP.md; .artifacts/poc-rescue-local/wa-current-final.log"",""blocker"":""ProTouch registration attempted with user approval: HTTP400/code100/subcode2388001 says number belongs to an existing WhatsApp account; needs user-identified migration/disconnection. No deregistration or further POST. Live acceptance/canary still absent."",""next_action"":""Execute exact acceptance on approved canary/provider and retain real outcomes; do not count mocks as live evidence.""},""reason"":""Preserve prior local/baseline evidence while distinguishing current deployment, controlled outbound success and remaining provider gates.""}]","{""previous_labels"":{""implementation"":""EXISTING_PARTIAL""},""meaning"":""Allowed status vocabulary only. Discovery/source inspection is not acceptance. Partial evidence remains FIXED_UNVERIFIED; read the acceptance, evidence and blocker.""}"
PDF-042,P1,knowledge,"PDF pages 9, 12, 22",Allow grounded answer composition from multiple sources instead of verbatim copying one fact.,Golden questions requiring two facts receive natural complete answers supported by cited internal evidence.,All configured; ProTouch and Or-On required,knowledge,Authorized operator / service principal,packages/ts/crm/src/knowledge-retrieval.ts; services/ts/messaging-worker/src/ai-grounding.ts; services/ts/messaging-worker/src/prompt-context-budget.ts,FIXED_UNVERIFIED,FIXED_UNVERIFIED,NOT_CHECKED,BLOCKED,Read exact acceptance; mocks do not establish provider acceptance,Current grounding supports multi-source evidence; fake-model and adversarial unit checks do not establish useful real Hebrew composition.,ai-grounding (219); prompt-context-budget; prompt-context-provider; wa-current-final:69 files/660 pass/1 Windows symlink skip,docs/readiness/poc-rescue-local/WHATSAPP.md; .artifacts/poc-rescue-local/wa-current-final.log; docs/readiness/poc-rescue-local/LIVE-ACTIVATION.md; COEXISTENCE-GAP.md; PROTOUCH-COEXISTENCE-PROVIDER-OPTION.md,origin/deployed42eebac2; local merged source plus opening cancellation patch; deployed schemafc6e851f3ba0,ProTouch remains PENDING and the Business phone app must be preserved. Ordinary registration failed 100/2388001; no further register/delete/deregister is authorized. Supported Coexistence onboarding is unresolved: user declined both own Tech Provider registration and a new paid subscription. Existing Twilio account has only its shared sandbox. Deployed application health does not establish WhatsApp inbound/AI/opening delivery.,Keep phone app and Coexistence disabled; obtain a supported onboarding route consistent with the user constraints before a real account-bound acceptance test. Continue independent local requirement work where incomplete.,"[{""as_of"":""Before October5 live60f26bf evidence refresh"",""superseded_fields"":{""evidence"":""docs/readiness/poc-rescue-local/WHATSAPP.md; .artifacts/poc-rescue-local/wa-current-final.log"",""blocker"":""ProTouch registration attempted with user approval: HTTP400/code100/subcode2388001 says number belongs to an existing WhatsApp account; needs user-identified migration/disconnection. No deregistration or further POST. Live acceptance/canary still absent."",""next_action"":""Execute exact acceptance on approved canary/provider and retain real outcomes; do not count mocks as live evidence.""},""reason"":""Preserve prior local/baseline evidence while distinguishing current deployment, controlled outbound success and remaining provider gates.""}]","{""previous_labels"":{""discovery"":""PARTIAL"",""implementation"":""EXISTING_PARTIAL""},""meaning"":""Allowed status vocabulary only. Discovery/source inspection is not acceptance. Partial evidence remains FIXED_UNVERIFIED; read the acceptance, evidence and blocker.""}"
PDF-043,P1,knowledge,"PDF pages 9, 10, 19",Replace broad substring/regex suppression with claim-aware validation: questions and passive wording must not be blocked solely by action words.,"Hebrew/English questions, negations and passive statements containing action words stay valid; unsupported actual completion claims are blocked.",All configured; ProTouch and Or-On required,knowledge,Authorized operator / service principal,packages/ts/crm/src/knowledge-retrieval.ts; services/ts/messaging-worker/src/ai-grounding.ts; services/ts/messaging-worker/src/prompt-context-budget.ts,VERIFIED_LOCAL,FIXED_UNVERIFIED,VERIFIED_LOCAL,BLOCKED,Read exact acceptance; mocks do not establish provider acceptance,Claim-aware grounding has 219 passing unit cases; real conversation false-positive rate is unknown.,ai-grounding (219); prompt-context-budget; prompt-context-provider; wa-current-final:69 files/660 pass/1 Windows symlink skip,docs/readiness/poc-rescue-local/WHATSAPP.md; .artifacts/poc-rescue-local/wa-current-final.log; docs/readiness/poc-rescue-local/LIVE-ACTIVATION.md; COEXISTENCE-GAP.md; PROTOUCH-COEXISTENCE-PROVIDER-OPTION.md,origin/deployed42eebac2; local merged source plus opening cancellation patch; deployed schemafc6e851f3ba0,ProTouch remains PENDING and the Business phone app must be preserved. Ordinary registration failed 100/2388001; no further register/delete/deregister is authorized. Supported Coexistence onboarding is unresolved: user declined both own Tech Provider registration and a new paid subscription. Existing Twilio account has only its shared sandbox. Deployed application health does not establish WhatsApp inbound/AI/opening delivery.,Keep phone app and Coexistence disabled; obtain a supported onboarding route consistent with the user constraints before a real account-bound acceptance test. Continue independent local requirement work where incomplete.,"[{""as_of"":""Before October5 live60f26bf evidence refresh"",""superseded_fields"":{""evidence"":""docs/readiness/poc-rescue-local/WHATSAPP.md; .artifacts/poc-rescue-local/wa-current-final.log"",""blocker"":""ProTouch registration attempted with user approval: HTTP400/code100/subcode2388001 says number belongs to an existing WhatsApp account; needs user-identified migration/disconnection. No deregistration or further POST. Live acceptance/canary still absent."",""next_action"":""Execute exact acceptance on approved canary/provider and retain real outcomes; do not count mocks as live evidence.""},""reason"":""Preserve prior local/baseline evidence while distinguishing current deployment, controlled outbound success and remaining provider gates.""}]","{""previous_labels"":{""implementation"":""EXISTING_PARTIAL""},""meaning"":""Allowed status vocabulary only. Discovery/source inspection is not acceptance. Partial evidence remains FIXED_UNVERIFIED; read the acceptance, evidence and blocker.""}"
PDF-044,P0,knowledge,"PDF pages 12, 19, 22","Require source support for numbers, prices and dates and a real action receipt for first-person completion claims.",Adversarial wrong-entity/amount/date and fake action-completion tests fail; valid sourced answers pass.,All configured; ProTouch and Or-On required,knowledge,Authorized operator / service principal,packages/ts/crm/src/knowledge-retrieval.ts; services/ts/messaging-worker/src/ai-grounding.ts; services/ts/messaging-worker/src/prompt-context-budget.ts,VERIFIED_LOCAL,FIXED_UNVERIFIED,VERIFIED_LOCAL,BLOCKED,Read exact acceptance; mocks do not establish provider acceptance,Numeric/entity/action receipt guards exercised locally; zero unsupported numeric claims in a human-rated real corpus remains unproven.,ai-grounding (219); prompt-context-budget; prompt-context-provider; wa-current-final:69 files/660 pass/1 Windows symlink skip,docs/readiness/poc-rescue-local/WHATSAPP.md; .artifacts/poc-rescue-local/wa-current-final.log; docs/readiness/poc-rescue-local/LIVE-ACTIVATION.md; COEXISTENCE-GAP.md; PROTOUCH-COEXISTENCE-PROVIDER-OPTION.md,origin/deployed42eebac2; local merged source plus opening cancellation patch; deployed schemafc6e851f3ba0,ProTouch remains PENDING and the Business phone app must be preserved. Ordinary registration failed 100/2388001; no further register/delete/deregister is authorized. Supported Coexistence onboarding is unresolved: user declined both own Tech Provider registration and a new paid subscription. Existing Twilio account has only its shared sandbox. Deployed application health does not establish WhatsApp inbound/AI/opening delivery.,Keep phone app and Coexistence disabled; obtain a supported onboarding route consistent with the user constraints before a real account-bound acceptance test. Continue independent local requirement work where incomplete.,"[{""as_of"":""Before October5 live60f26bf evidence refresh"",""superseded_fields"":{""evidence"":""docs/readiness/poc-rescue-local/WHATSAPP.md; .artifacts/poc-rescue-local/wa-current-final.log"",""blocker"":""ProTouch registration attempted with user approval: HTTP400/code100/subcode2388001 says number belongs to an existing WhatsApp account; needs user-identified migration/disconnection. No deregistration or further POST. Live acceptance/canary still absent."",""next_action"":""Execute exact acceptance on approved canary/provider and retain real outcomes; do not count mocks as live evidence.""},""reason"":""Preserve prior local/baseline evidence while distinguishing current deployment, controlled outbound success and remaining provider gates.""}]","{""previous_labels"":{""implementation"":""EXISTING_PARTIAL""},""meaning"":""Allowed status vocabulary only. Discovery/source inspection is not acceptance. Partial evidence remains FIXED_UNVERIFIED; read the acceptance, evidence and blocker.""}"
PDF-045,P1,knowledge,"PDF pages 9, 15, 19","Unify authoring validation, preview and runtime knowledge availability; show per-fact unavailable-to-agent reasons.",Identical facts produce consistent validation/runtime decisions and UI explanation; duplicate-key conflicts are explicit rather than silently erased.,All configured; ProTouch and Or-On required,knowledge,Authorized operator / service principal,packages/ts/crm/src/knowledge-retrieval.ts; services/ts/messaging-worker/src/ai-grounding.ts; services/ts/messaging-worker/src/prompt-context-budget.ts,FIXED_UNVERIFIED,FIXED_UNVERIFIED,NOT_CHECKED,BLOCKED,Read exact acceptance; mocks do not establish provider acceptance,Knowledge authoring/retrieval/validation machinery exists; every per-fact unavailable reason and authoring-preview-runtime UI agreement not verified by worker suite.,ai-grounding (219); prompt-context-budget; prompt-context-provider; wa-current-final:69 files/660 pass/1 Windows symlink skip,docs/readiness/poc-rescue-local/WHATSAPP.md; .artifacts/poc-rescue-local/wa-current-final.log; docs/readiness/poc-rescue-local/LIVE-ACTIVATION.md; COEXISTENCE-GAP.md; PROTOUCH-COEXISTENCE-PROVIDER-OPTION.md,origin/deployed42eebac2; local merged source plus opening cancellation patch; deployed schemafc6e851f3ba0,ProTouch remains PENDING and the Business phone app must be preserved. Ordinary registration failed 100/2388001; no further register/delete/deregister is authorized. Supported Coexistence onboarding is unresolved: user declined both own Tech Provider registration and a new paid subscription. Existing Twilio account has only its shared sandbox. Deployed application health does not establish WhatsApp inbound/AI/opening delivery.,Keep phone app and Coexistence disabled; obtain a supported onboarding route consistent with the user constraints before a real account-bound acceptance test. Continue independent local requirement work where incomplete.,"[{""as_of"":""Before October5 live60f26bf evidence refresh"",""superseded_fields"":{""evidence"":""docs/readiness/poc-rescue-local/WHATSAPP.md; .artifacts/poc-rescue-local/wa-current-final.log"",""blocker"":""ProTouch registration attempted with user approval: HTTP400/code100/subcode2388001 says number belongs to an existing WhatsApp account; needs user-identified migration/disconnection. No deregistration or further POST. Live acceptance/canary still absent."",""next_action"":""Execute exact acceptance on approved canary/provider and retain real outcomes; do not count mocks as live evidence.""},""reason"":""Preserve prior local/baseline evidence while distinguishing current deployment, controlled outbound success and remaining provider gates.""}]","{""previous_labels"":{""discovery"":""PARTIAL"",""implementation"":""EXISTING_PARTIAL""},""meaning"":""Allowed status vocabulary only. Discovery/source inspection is not acceptance. Partial evidence remains FIXED_UNVERIFIED; read the acceptance, evidence and blocker.""}"
PDF-046,P1,knowledge,PDF pages 12,"Keep variable per-turn memory/retrieval context near a 4,000-token budget beyond fixed instructions.",Measure token budget on long histories and many sources; essential current-session details are not lost silently.,All configured; ProTouch and Or-On required,knowledge,Authorized operator / service principal,packages/ts/crm/src/knowledge-retrieval.ts; services/ts/messaging-worker/src/ai-grounding.ts; services/ts/messaging-worker/src/prompt-context-budget.ts,VERIFIED_LOCAL,FIXED_UNVERIFIED,VERIFIED_LOCAL,BLOCKED,Read exact acceptance; mocks do not establish provider acceptance,Prompt context budget tests pass; implementation conservatively bounds code points. Actual per-provider token/cost profiling remains.,ai-grounding (219); prompt-context-budget; prompt-context-provider; wa-current-final:69 files/660 pass/1 Windows symlink skip,docs/readiness/poc-rescue-local/WHATSAPP.md; .artifacts/poc-rescue-local/wa-current-final.log; docs/readiness/poc-rescue-local/LIVE-ACTIVATION.md; COEXISTENCE-GAP.md; PROTOUCH-COEXISTENCE-PROVIDER-OPTION.md,origin/deployed42eebac2; local merged source plus opening cancellation patch; deployed schemafc6e851f3ba0,ProTouch remains PENDING and the Business phone app must be preserved. Ordinary registration failed 100/2388001; no further register/delete/deregister is authorized. Supported Coexistence onboarding is unresolved: user declined both own Tech Provider registration and a new paid subscription. Existing Twilio account has only its shared sandbox. Deployed application health does not establish WhatsApp inbound/AI/opening delivery.,Keep phone app and Coexistence disabled; obtain a supported onboarding route consistent with the user constraints before a real account-bound acceptance test. Continue independent local requirement work where incomplete.,"[{""as_of"":""Before October5 live60f26bf evidence refresh"",""superseded_fields"":{""evidence"":""docs/readiness/poc-rescue-local/WHATSAPP.md; .artifacts/poc-rescue-local/wa-current-final.log"",""blocker"":""ProTouch registration attempted with user approval: HTTP400/code100/subcode2388001 says number belongs to an existing WhatsApp account; needs user-identified migration/disconnection. No deregistration or further POST. Live acceptance/canary still absent."",""next_action"":""Execute exact acceptance on approved canary/provider and retain real outcomes; do not count mocks as live evidence.""},""reason"":""Preserve prior local/baseline evidence while distinguishing current deployment, controlled outbound success and remaining provider gates.""}]","{""previous_labels"":{""implementation"":""EXISTING_PARTIAL""},""meaning"":""Allowed status vocabulary only. Discovery/source inspection is not acceptance. Partial evidence remains FIXED_UNVERIFIED; read the acceptance, evidence and blocker.""}"
PDF-047,P1,agent-publishing,"PDF pages 10, 12, 22","Resolve the latest published agent version at each session start, rather than pinning a customer forever.",Publish a distinct prompt/knowledge version and verify every existing conversation uses it by its next session with visible effective version.,All configured; ProTouch and Or-On required,agent-publishing,Authorized operator / service principal,services/ts/messaging-worker/src/session-agent-admission.ts; packages/ts/crm/src/agent-quality-gate.ts,VERIFIED_LOCAL,FIXED_UNVERIFIED,VERIFIED_LOCAL,BLOCKED,Read exact acceptance; mocks do not establish provider acceptance,Session admission worker tests pass; live session_memory flag off. Or-On actual WhatsApp conversation is v4; ProTouch configured v1 has not received inbound.,session-admission-worker.postgres; model-routing.postgres; trusted-model-routing; wa-current-final:69 files/660 pass/1 Windows symlink skip,docs/readiness/poc-rescue-local/WHATSAPP.md; .artifacts/poc-rescue-local/wa-current-final.log; docs/readiness/poc-rescue-local/LIVE-ACTIVATION.md; COEXISTENCE-GAP.md; PROTOUCH-COEXISTENCE-PROVIDER-OPTION.md,origin/deployed42eebac2; local merged source plus opening cancellation patch; deployed schemafc6e851f3ba0,ProTouch remains PENDING and the Business phone app must be preserved. Ordinary registration failed 100/2388001; no further register/delete/deregister is authorized. Supported Coexistence onboarding is unresolved: user declined both own Tech Provider registration and a new paid subscription. Existing Twilio account has only its shared sandbox. Deployed application health does not establish WhatsApp inbound/AI/opening delivery.,Keep phone app and Coexistence disabled; obtain a supported onboarding route consistent with the user constraints before a real account-bound acceptance test. Continue independent local requirement work where incomplete.,"[{""as_of"":""Before October5 live60f26bf evidence refresh"",""superseded_fields"":{""evidence"":""docs/readiness/poc-rescue-local/WHATSAPP.md; .artifacts/poc-rescue-local/wa-current-final.log"",""blocker"":""ProTouch registration attempted with user approval: HTTP400/code100/subcode2388001 says number belongs to an existing WhatsApp account; needs user-identified migration/disconnection. No deregistration or further POST. Live acceptance/canary still absent."",""next_action"":""Execute exact acceptance on approved canary/provider and retain real outcomes; do not count mocks as live evidence.""},""reason"":""Preserve prior local/baseline evidence while distinguishing current deployment, controlled outbound success and remaining provider gates.""}]","{""previous_labels"":{""implementation"":""EXISTING_PARTIAL""},""meaning"":""Allowed status vocabulary only. Discovery/source inspection is not acceptance. Partial evidence remains FIXED_UNVERIFIED; read the acceptance, evidence and blocker.""}"
PDF-048,P1,agent-publishing,"PDF pages 15, 22",Resolve model configuration per agent version with an explicit environment fallback.,Two versions with different model IDs invoke their configured models; missing configuration uses documented fallback and is observable.,All configured; ProTouch and Or-On required,agent-publishing,Authorized operator / service principal,services/ts/messaging-worker/src/session-agent-admission.ts; packages/ts/crm/src/agent-quality-gate.ts,VERIFIED_LOCAL,FIXED_UNVERIFIED,VERIFIED_LOCAL,BLOCKED,Read exact acceptance; mocks do not establish provider acceptance,Version-specific trusted model routing tests pass. Both live agent versions currently have null model_configuration_id and use gemini-2.5-flash fallback.,session-admission-worker.postgres; model-routing.postgres; trusted-model-routing; wa-current-final:69 files/660 pass/1 Windows symlink skip,docs/readiness/poc-rescue-local/WHATSAPP.md; .artifacts/poc-rescue-local/wa-current-final.log; docs/readiness/poc-rescue-local/LIVE-ACTIVATION.md; COEXISTENCE-GAP.md; PROTOUCH-COEXISTENCE-PROVIDER-OPTION.md,origin/deployed42eebac2; local merged source plus opening cancellation patch; deployed schemafc6e851f3ba0,ProTouch remains PENDING and the Business phone app must be preserved. Ordinary registration failed 100/2388001; no further register/delete/deregister is authorized. Supported Coexistence onboarding is unresolved: user declined both own Tech Provider registration and a new paid subscription. Existing Twilio account has only its shared sandbox. Deployed application health does not establish WhatsApp inbound/AI/opening delivery.,Keep phone app and Coexistence disabled; obtain a supported onboarding route consistent with the user constraints before a real account-bound acceptance test. Continue independent local requirement work where incomplete.,"[{""as_of"":""Before October5 live60f26bf evidence refresh"",""superseded_fields"":{""evidence"":""docs/readiness/poc-rescue-local/WHATSAPP.md; .artifacts/poc-rescue-local/wa-current-final.log"",""blocker"":""ProTouch registration attempted with user approval: HTTP400/code100/subcode2388001 says number belongs to an existing WhatsApp account; needs user-identified migration/disconnection. No deregistration or further POST. Live acceptance/canary still absent."",""next_action"":""Execute exact acceptance on approved canary/provider and retain real outcomes; do not count mocks as live evidence.""},""reason"":""Preserve prior local/baseline evidence while distinguishing current deployment, controlled outbound success and remaining provider gates.""}]","{""previous_labels"":{""implementation"":""EXISTING_PARTIAL""},""meaning"":""Allowed status vocabulary only. Discovery/source inspection is not acceptance. Partial evidence remains FIXED_UNVERIFIED; read the acceptance, evidence and blocker.""}"
PDF-049,P1,agent-publishing,"PDF pages 15, 16, 23, 30","Gate publishing on a real-model golden set of 30 anonymized real conversations per agent, with human Hebrew evaluation, and run nightly.",Known bad version cannot publish; passing report records exact model/version/prompt/source set; nightly failures alert.,All configured; ProTouch and Or-On required,agent-publishing,Authorized operator / service principal,services/ts/messaging-worker/src/session-agent-admission.ts; packages/ts/crm/src/agent-quality-gate.ts,FIXED_UNVERIFIED,FIXED_UNVERIFIED,NOT_CHECKED,BLOCKED,Read exact acceptance; mocks do not establish provider acceptance,"Persisted real-dataset/human-review evaluation gate exists; no 30 real anonymized cases per agent, actual human scoring, or nightly evidence supplied.",session-admission-worker.postgres; model-routing.postgres; trusted-model-routing; wa-current-final:69 files/660 pass/1 Windows symlink skip,docs/readiness/poc-rescue-local/WHATSAPP.md; .artifacts/poc-rescue-local/wa-current-final.log; docs/readiness/poc-rescue-local/LIVE-ACTIVATION.md; COEXISTENCE-GAP.md; PROTOUCH-COEXISTENCE-PROVIDER-OPTION.md,origin/deployed42eebac2; local merged source plus opening cancellation patch; deployed schemafc6e851f3ba0,ProTouch remains PENDING and the Business phone app must be preserved. Ordinary registration failed 100/2388001; no further register/delete/deregister is authorized. Supported Coexistence onboarding is unresolved: user declined both own Tech Provider registration and a new paid subscription. Existing Twilio account has only its shared sandbox. Deployed application health does not establish WhatsApp inbound/AI/opening delivery.,Keep phone app and Coexistence disabled; obtain a supported onboarding route consistent with the user constraints before a real account-bound acceptance test. Continue independent local requirement work where incomplete.,"[{""as_of"":""Before October5 live60f26bf evidence refresh"",""superseded_fields"":{""evidence"":""docs/readiness/poc-rescue-local/WHATSAPP.md; .artifacts/poc-rescue-local/wa-current-final.log"",""blocker"":""ProTouch registration attempted with user approval: HTTP400/code100/subcode2388001 says number belongs to an existing WhatsApp account; needs user-identified migration/disconnection. No deregistration or further POST. Live acceptance/canary still absent."",""next_action"":""Execute exact acceptance on approved canary/provider and retain real outcomes; do not count mocks as live evidence.""},""reason"":""Preserve prior local/baseline evidence while distinguishing current deployment, controlled outbound success and remaining provider gates.""}]","{""previous_labels"":{""discovery"":""PARTIAL"",""implementation"":""EXISTING_PARTIAL""},""meaning"":""Allowed status vocabulary only. Discovery/source inspection is not acceptance. Partial evidence remains FIXED_UNVERIFIED; read the acceptance, evidence and blocker.""}"
PDF-050,P1,agent-publishing,PDF pages 15,New agent versions must not be born valid before required evaluation.,Fresh untested version is non-publishable until its required test result exists.,All configured; ProTouch and Or-On required,agent-publishing,Authorized operator / service principal,services/ts/messaging-worker/src/session-agent-admission.ts; packages/ts/crm/src/agent-quality-gate.ts,FIXED_UNVERIFIED,FIXED_UNVERIFIED,NOT_CHECKED,BLOCKED,Read exact acceptance; mocks do not establish provider acceptance,Publication evaluation gates exist in current source; the historical already-published versions and fake tests do not establish current real-evaluation approval.,session-admission-worker.postgres; model-routing.postgres; trusted-model-routing; wa-current-final:69 files/660 pass/1 Windows symlink skip,docs/readiness/poc-rescue-local/WHATSAPP.md; .artifacts/poc-rescue-local/wa-current-final.log; docs/readiness/poc-rescue-local/LIVE-ACTIVATION.md; COEXISTENCE-GAP.md; PROTOUCH-COEXISTENCE-PROVIDER-OPTION.md,origin/deployed42eebac2; local merged source plus opening cancellation patch; deployed schemafc6e851f3ba0,ProTouch remains PENDING and the Business phone app must be preserved. Ordinary registration failed 100/2388001; no further register/delete/deregister is authorized. Supported Coexistence onboarding is unresolved: user declined both own Tech Provider registration and a new paid subscription. Existing Twilio account has only its shared sandbox. Deployed application health does not establish WhatsApp inbound/AI/opening delivery.,Keep phone app and Coexistence disabled; obtain a supported onboarding route consistent with the user constraints before a real account-bound acceptance test. Continue independent local requirement work where incomplete.,"[{""as_of"":""Before October5 live60f26bf evidence refresh"",""superseded_fields"":{""evidence"":""docs/readiness/poc-rescue-local/WHATSAPP.md; .artifacts/poc-rescue-local/wa-current-final.log"",""blocker"":""ProTouch registration attempted with user approval: HTTP400/code100/subcode2388001 says number belongs to an existing WhatsApp account; needs user-identified migration/disconnection. No deregistration or further POST. Live acceptance/canary still absent."",""next_action"":""Execute exact acceptance on approved canary/provider and retain real outcomes; do not count mocks as live evidence.""},""reason"":""Preserve prior local/baseline evidence while distinguishing current deployment, controlled outbound success and remaining provider gates.""}]","{""previous_labels"":{""discovery"":""PARTIAL"",""implementation"":""EXISTING_PARTIAL""},""meaning"":""Allowed status vocabulary only. Discovery/source inspection is not acceptance. Partial evidence remains FIXED_UNVERIFIED; read the acceptance, evidence and blocker.""}"
PDF-051,P1,memory,"PDF pages 11, 12","Introduce a configurable session boundary, initially 12 idle hours per business.",Returning customer after boundary starts a new topical session while preserved verified facts remain available.,All configured; ProTouch and Or-On required,memory,Authorized operator / service principal,services/ts/messaging-worker/src/session-memory-context.ts; services/ts/messaging-worker/src/memory-summary-job.ts; packages/ts/crm/src/messaging-memory.ts,VERIFIED_LOCAL,FIXED_UNVERIFIED,VERIFIED_LOCAL,BLOCKED,Read exact acceptance; mocks do not establish provider acceptance,Memory/session admission has initial 12-hour boundary. Automatic opening independently uses 24 hours; reviewed tenant policy and activation still required.,session-memory-context.postgres; memory-summary-model; memory-summary-job; ai-authored-context.postgres; ai-authored-context-boundary.postgres; wa-current-final:69 files/660 pass/1 Windows symlink skip,docs/readiness/poc-rescue-local/WHATSAPP.md; .artifacts/poc-rescue-local/wa-current-final.log; docs/readiness/poc-rescue-local/LIVE-ACTIVATION.md; COEXISTENCE-GAP.md; PROTOUCH-COEXISTENCE-PROVIDER-OPTION.md,origin/deployed42eebac2; local merged source plus opening cancellation patch; deployed schemafc6e851f3ba0,ProTouch remains PENDING and the Business phone app must be preserved. Ordinary registration failed 100/2388001; no further register/delete/deregister is authorized. Supported Coexistence onboarding is unresolved: user declined both own Tech Provider registration and a new paid subscription. Existing Twilio account has only its shared sandbox. Deployed application health does not establish WhatsApp inbound/AI/opening delivery.,Keep phone app and Coexistence disabled; obtain a supported onboarding route consistent with the user constraints before a real account-bound acceptance test. Continue independent local requirement work where incomplete.,"[{""as_of"":""Before October5 live60f26bf evidence refresh"",""superseded_fields"":{""evidence"":""docs/readiness/poc-rescue-local/WHATSAPP.md; .artifacts/poc-rescue-local/wa-current-final.log"",""blocker"":""ProTouch registration attempted with user approval: HTTP400/code100/subcode2388001 says number belongs to an existing WhatsApp account; needs user-identified migration/disconnection. No deregistration or further POST. Live acceptance/canary still absent."",""next_action"":""Execute exact acceptance on approved canary/provider and retain real outcomes; do not count mocks as live evidence.""},""reason"":""Preserve prior local/baseline evidence while distinguishing current deployment, controlled outbound success and remaining provider gates.""}]","{""previous_labels"":{""implementation"":""EXISTING_PARTIAL""},""meaning"":""Allowed status vocabulary only. Discovery/source inspection is not acceptance. Partial evidence remains FIXED_UNVERIFIED; read the acceptance, evidence and blocker.""}"
PDF-052,P1,memory,PDF pages 12,"Load current session turns up to 20 including templates, transcripts and captions.",History selection respects session age/budget and retains multimodal context; long sessions summarize omitted material.,All configured; ProTouch and Or-On required,memory,Authorized operator / service principal,services/ts/messaging-worker/src/session-memory-context.ts; services/ts/messaging-worker/src/memory-summary-job.ts; packages/ts/crm/src/messaging-memory.ts,VERIFIED_LOCAL,FIXED_UNVERIFIED,VERIFIED_LOCAL,BLOCKED,Read exact acceptance; mocks do not establish provider acceptance,Session context PostgreSQL test proves 20-customer-turn bounded context and guard exclusions; media/template paths pass locally.,session-memory-context.postgres; memory-summary-model; memory-summary-job; ai-authored-context.postgres; ai-authored-context-boundary.postgres; wa-current-final:69 files/660 pass/1 Windows symlink skip,docs/readiness/poc-rescue-local/WHATSAPP.md; .artifacts/poc-rescue-local/wa-current-final.log; docs/readiness/poc-rescue-local/LIVE-ACTIVATION.md; COEXISTENCE-GAP.md; PROTOUCH-COEXISTENCE-PROVIDER-OPTION.md,origin/deployed42eebac2; local merged source plus opening cancellation patch; deployed schemafc6e851f3ba0,ProTouch remains PENDING and the Business phone app must be preserved. Ordinary registration failed 100/2388001; no further register/delete/deregister is authorized. Supported Coexistence onboarding is unresolved: user declined both own Tech Provider registration and a new paid subscription. Existing Twilio account has only its shared sandbox. Deployed application health does not establish WhatsApp inbound/AI/opening delivery.,Keep phone app and Coexistence disabled; obtain a supported onboarding route consistent with the user constraints before a real account-bound acceptance test. Continue independent local requirement work where incomplete.,"[{""as_of"":""Before October5 live60f26bf evidence refresh"",""superseded_fields"":{""evidence"":""docs/readiness/poc-rescue-local/WHATSAPP.md; .artifacts/poc-rescue-local/wa-current-final.log"",""blocker"":""ProTouch registration attempted with user approval: HTTP400/code100/subcode2388001 says number belongs to an existing WhatsApp account; needs user-identified migration/disconnection. No deregistration or further POST. Live acceptance/canary still absent."",""next_action"":""Execute exact acceptance on approved canary/provider and retain real outcomes; do not count mocks as live evidence.""},""reason"":""Preserve prior local/baseline evidence while distinguishing current deployment, controlled outbound success and remaining provider gates.""}]","{""previous_labels"":{""implementation"":""EXISTING_PARTIAL""},""meaning"":""Allowed status vocabulary only. Discovery/source inspection is not acceptance. Partial evidence remains FIXED_UNVERIFIED; read the acceptance, evidence and blocker.""}"
PDF-053,P1,memory,PDF pages 12,"Persist conversation summaries with covered_until_message_id, generated in background at session end or every ten turns.",Repeated/retried summary work never duplicates or skips covered intervals; cursor and input range are auditable.,All configured; ProTouch and Or-On required,memory,Authorized operator / service principal,services/ts/messaging-worker/src/session-memory-context.ts; services/ts/messaging-worker/src/memory-summary-job.ts; packages/ts/crm/src/messaging-memory.ts,VERIFIED_LOCAL,FIXED_UNVERIFIED,VERIFIED_LOCAL,BLOCKED,Read exact acceptance; mocks do not establish provider acceptance,Durable background summary work and coverage cursor/model tests pass; live session-end/10-turn summary generation unverified.,session-memory-context.postgres; memory-summary-model; memory-summary-job; ai-authored-context.postgres; ai-authored-context-boundary.postgres; wa-current-final:69 files/660 pass/1 Windows symlink skip,docs/readiness/poc-rescue-local/WHATSAPP.md; .artifacts/poc-rescue-local/wa-current-final.log; docs/readiness/poc-rescue-local/LIVE-ACTIVATION.md; COEXISTENCE-GAP.md; PROTOUCH-COEXISTENCE-PROVIDER-OPTION.md,origin/deployed42eebac2; local merged source plus opening cancellation patch; deployed schemafc6e851f3ba0,ProTouch remains PENDING and the Business phone app must be preserved. Ordinary registration failed 100/2388001; no further register/delete/deregister is authorized. Supported Coexistence onboarding is unresolved: user declined both own Tech Provider registration and a new paid subscription. Existing Twilio account has only its shared sandbox. Deployed application health does not establish WhatsApp inbound/AI/opening delivery.,Keep phone app and Coexistence disabled; obtain a supported onboarding route consistent with the user constraints before a real account-bound acceptance test. Continue independent local requirement work where incomplete.,"[{""as_of"":""Before October5 live60f26bf evidence refresh"",""superseded_fields"":{""evidence"":""docs/readiness/poc-rescue-local/WHATSAPP.md; .artifacts/poc-rescue-local/wa-current-final.log"",""blocker"":""ProTouch registration attempted with user approval: HTTP400/code100/subcode2388001 says number belongs to an existing WhatsApp account; needs user-identified migration/disconnection. No deregistration or further POST. Live acceptance/canary still absent."",""next_action"":""Execute exact acceptance on approved canary/provider and retain real outcomes; do not count mocks as live evidence.""},""reason"":""Preserve prior local/baseline evidence while distinguishing current deployment, controlled outbound success and remaining provider gates.""}]","{""previous_labels"":{""implementation"":""EXISTING_PARTIAL""},""meaning"":""Allowed status vocabulary only. Discovery/source inspection is not acceptance. Partial evidence remains FIXED_UNVERIFIED; read the acceptance, evidence and blocker.""}"
PDF-054,P0,memory,"PDF pages 11, 12","Generate memory summaries only from customer messages and verified action receipts, excluding AI self-authored assertions.",Seed hallucinated agent reply/handoff note and confirm it cannot become asserted customer memory.,All configured; ProTouch and Or-On required,memory,Authorized operator / service principal,services/ts/messaging-worker/src/session-memory-context.ts; services/ts/messaging-worker/src/memory-summary-job.ts; packages/ts/crm/src/messaging-memory.ts,VERIFIED_LOCAL,FIXED_UNVERIFIED,VERIFIED_LOCAL,BLOCKED,Read exact acceptance; mocks do not establish provider acceptance,AI-authored provenance boundary and customer/action-evidence summary tests pass; no real shadow corpus yet.,session-memory-context.postgres; memory-summary-model; memory-summary-job; ai-authored-context.postgres; ai-authored-context-boundary.postgres; wa-current-final:69 files/660 pass/1 Windows symlink skip,docs/readiness/poc-rescue-local/WHATSAPP.md; .artifacts/poc-rescue-local/wa-current-final.log; docs/readiness/poc-rescue-local/LIVE-ACTIVATION.md; COEXISTENCE-GAP.md; PROTOUCH-COEXISTENCE-PROVIDER-OPTION.md,origin/deployed42eebac2; local merged source plus opening cancellation patch; deployed schemafc6e851f3ba0,ProTouch remains PENDING and the Business phone app must be preserved. Ordinary registration failed 100/2388001; no further register/delete/deregister is authorized. Supported Coexistence onboarding is unresolved: user declined both own Tech Provider registration and a new paid subscription. Existing Twilio account has only its shared sandbox. Deployed application health does not establish WhatsApp inbound/AI/opening delivery.,Keep phone app and Coexistence disabled; obtain a supported onboarding route consistent with the user constraints before a real account-bound acceptance test. Continue independent local requirement work where incomplete.,"[{""as_of"":""Before October5 live60f26bf evidence refresh"",""superseded_fields"":{""evidence"":""docs/readiness/poc-rescue-local/WHATSAPP.md; .artifacts/poc-rescue-local/wa-current-final.log"",""blocker"":""ProTouch registration attempted with user approval: HTTP400/code100/subcode2388001 says number belongs to an existing WhatsApp account; needs user-identified migration/disconnection. No deregistration or further POST. Live acceptance/canary still absent."",""next_action"":""Execute exact acceptance on approved canary/provider and retain real outcomes; do not count mocks as live evidence.""},""reason"":""Preserve prior local/baseline evidence while distinguishing current deployment, controlled outbound success and remaining provider gates.""}]","{""previous_labels"":{""implementation"":""EXISTING_PARTIAL""},""meaning"":""Allowed status vocabulary only. Discovery/source inspection is not acceptance. Partial evidence remains FIXED_UNVERIFIED; read the acceptance, evidence and blocker.""}"
PDF-055,P1,memory,PDF pages 12,Load the last three relevant summaries into a new session.,New session recalls supported prior needs without presenting obsolete session context as current.,All configured; ProTouch and Or-On required,memory,Authorized operator / service principal,services/ts/messaging-worker/src/session-memory-context.ts; services/ts/messaging-worker/src/memory-summary-job.ts; packages/ts/crm/src/messaging-memory.ts,FIXED_UNVERIFIED,FIXED_UNVERIFIED,NOT_CHECKED,BLOCKED,Read exact acceptance; mocks do not establish provider acceptance,Prior-session summaries are assembled with source/authorization checks; three-summary relevance on actual returning-customer cases unverified.,session-memory-context.postgres; memory-summary-model; memory-summary-job; ai-authored-context.postgres; ai-authored-context-boundary.postgres; wa-current-final:69 files/660 pass/1 Windows symlink skip,docs/readiness/poc-rescue-local/WHATSAPP.md; .artifacts/poc-rescue-local/wa-current-final.log; docs/readiness/poc-rescue-local/LIVE-ACTIVATION.md; COEXISTENCE-GAP.md; PROTOUCH-COEXISTENCE-PROVIDER-OPTION.md,origin/deployed42eebac2; local merged source plus opening cancellation patch; deployed schemafc6e851f3ba0,ProTouch remains PENDING and the Business phone app must be preserved. Ordinary registration failed 100/2388001; no further register/delete/deregister is authorized. Supported Coexistence onboarding is unresolved: user declined both own Tech Provider registration and a new paid subscription. Existing Twilio account has only its shared sandbox. Deployed application health does not establish WhatsApp inbound/AI/opening delivery.,Keep phone app and Coexistence disabled; obtain a supported onboarding route consistent with the user constraints before a real account-bound acceptance test. Continue independent local requirement work where incomplete.,"[{""as_of"":""Before October5 live60f26bf evidence refresh"",""superseded_fields"":{""evidence"":""docs/readiness/poc-rescue-local/WHATSAPP.md; .artifacts/poc-rescue-local/wa-current-final.log"",""blocker"":""ProTouch registration attempted with user approval: HTTP400/code100/subcode2388001 says number belongs to an existing WhatsApp account; needs user-identified migration/disconnection. No deregistration or further POST. Live acceptance/canary still absent."",""next_action"":""Execute exact acceptance on approved canary/provider and retain real outcomes; do not count mocks as live evidence.""},""reason"":""Preserve prior local/baseline evidence while distinguishing current deployment, controlled outbound success and remaining provider gates.""}]","{""previous_labels"":{""discovery"":""PARTIAL"",""implementation"":""EXISTING_PARTIAL""},""meaning"":""Allowed status vocabulary only. Discovery/source inspection is not acceptance. Partial evidence remains FIXED_UNVERIFIED; read the acceptance, evidence and blocker.""}"
PDF-056,P1,memory,PDF pages 12,"Store customer facts with key/value, source message, stated/verified state and date; CRM fields take precedence; operators can correct/delete.",Correction/delete and concurrent extraction tests preserve operator control and tenant isolation; extracted fact never overwrites authoritative CRM value.,All configured; ProTouch and Or-On required,memory,Authorized operator / service principal,services/ts/messaging-worker/src/session-memory-context.ts; services/ts/messaging-worker/src/memory-summary-job.ts; packages/ts/crm/src/messaging-memory.ts,VERIFIED_LOCAL,FIXED_UNVERIFIED,VERIFIED_LOCAL,BLOCKED,Read exact acceptance; mocks do not establish provider acceptance,Customer facts and human correction/delete controls exist; worker memory-context tests pass; end-to-end operator corrections tracked by UI/CRM tests separately.,session-memory-context.postgres; memory-summary-model; memory-summary-job; ai-authored-context.postgres; ai-authored-context-boundary.postgres; wa-current-final:69 files/660 pass/1 Windows symlink skip,docs/readiness/poc-rescue-local/WHATSAPP.md; .artifacts/poc-rescue-local/wa-current-final.log; docs/readiness/poc-rescue-local/LIVE-ACTIVATION.md; COEXISTENCE-GAP.md; PROTOUCH-COEXISTENCE-PROVIDER-OPTION.md,origin/deployed42eebac2; local merged source plus opening cancellation patch; deployed schemafc6e851f3ba0,ProTouch remains PENDING and the Business phone app must be preserved. Ordinary registration failed 100/2388001; no further register/delete/deregister is authorized. Supported Coexistence onboarding is unresolved: user declined both own Tech Provider registration and a new paid subscription. Existing Twilio account has only its shared sandbox. Deployed application health does not establish WhatsApp inbound/AI/opening delivery.,Keep phone app and Coexistence disabled; obtain a supported onboarding route consistent with the user constraints before a real account-bound acceptance test. Continue independent local requirement work where incomplete.,"[{""as_of"":""Before October5 live60f26bf evidence refresh"",""superseded_fields"":{""evidence"":""docs/readiness/poc-rescue-local/WHATSAPP.md; .artifacts/poc-rescue-local/wa-current-final.log"",""blocker"":""ProTouch registration attempted with user approval: HTTP400/code100/subcode2388001 says number belongs to an existing WhatsApp account; needs user-identified migration/disconnection. No deregistration or further POST. Live acceptance/canary still absent."",""next_action"":""Execute exact acceptance on approved canary/provider and retain real outcomes; do not count mocks as live evidence.""},""reason"":""Preserve prior local/baseline evidence while distinguishing current deployment, controlled outbound success and remaining provider gates.""}]","{""previous_labels"":{""implementation"":""EXISTING_PARTIAL""},""meaning"":""Allowed status vocabulary only. Discovery/source inspection is not acceptance. Partial evidence remains FIXED_UNVERIFIED; read the acceptance, evidence and blocker.""}"
PDF-057,P1,memory,"PDF pages 11, 20",Write WhatsApp profile name only when CRM contact has no name.,Operator-corrected name survives every inbound event and profile name change.,All configured; ProTouch and Or-On required,memory,Authorized operator / service principal,services/ts/messaging-worker/src/session-memory-context.ts; services/ts/messaging-worker/src/memory-summary-job.ts; packages/ts/crm/src/messaging-memory.ts,VERIFIED_LOCAL,FIXED_UNVERIFIED,VERIFIED_LOCAL,BLOCKED,Read exact acceptance; mocks do not establish provider acceptance,Current ingress preserves established CRM contact names; current worker/database fixtures pass. No live contact was overwritten for a test.,session-memory-context.postgres; memory-summary-model; memory-summary-job; ai-authored-context.postgres; ai-authored-context-boundary.postgres; wa-current-final:69 files/660 pass/1 Windows symlink skip,docs/readiness/poc-rescue-local/WHATSAPP.md; .artifacts/poc-rescue-local/wa-current-final.log; docs/readiness/poc-rescue-local/LIVE-ACTIVATION.md; COEXISTENCE-GAP.md; PROTOUCH-COEXISTENCE-PROVIDER-OPTION.md,origin/deployed42eebac2; local merged source plus opening cancellation patch; deployed schemafc6e851f3ba0,ProTouch remains PENDING and the Business phone app must be preserved. Ordinary registration failed 100/2388001; no further register/delete/deregister is authorized. Supported Coexistence onboarding is unresolved: user declined both own Tech Provider registration and a new paid subscription. Existing Twilio account has only its shared sandbox. Deployed application health does not establish WhatsApp inbound/AI/opening delivery.,Keep phone app and Coexistence disabled; obtain a supported onboarding route consistent with the user constraints before a real account-bound acceptance test. Continue independent local requirement work where incomplete.,"[{""as_of"":""Before October5 live60f26bf evidence refresh"",""superseded_fields"":{""evidence"":""docs/readiness/poc-rescue-local/WHATSAPP.md; .artifacts/poc-rescue-local/wa-current-final.log"",""blocker"":""ProTouch registration attempted with user approval: HTTP400/code100/subcode2388001 says number belongs to an existing WhatsApp account; needs user-identified migration/disconnection. No deregistration or further POST. Live acceptance/canary still absent."",""next_action"":""Execute exact acceptance on approved canary/provider and retain real outcomes; do not count mocks as live evidence.""},""reason"":""Preserve prior local/baseline evidence while distinguishing current deployment, controlled outbound success and remaining provider gates.""}]","{""previous_labels"":{""implementation"":""EXISTING_PARTIAL""},""meaning"":""Allowed status vocabulary only. Discovery/source inspection is not acceptance. Partial evidence remains FIXED_UNVERIFIED; read the acceptance, evidence and blocker.""}"
PDF-058,P1,memory,"PDF pages 11, 12, 20",Mark AI-created notes and tasks and exclude them as independent truth from retrieval context.,AI handoff note is visible operationally but not re-ingested as verified memory.,All configured; ProTouch and Or-On required,memory,Authorized operator / service principal,services/ts/messaging-worker/src/session-memory-context.ts; services/ts/messaging-worker/src/memory-summary-job.ts; packages/ts/crm/src/messaging-memory.ts,VERIFIED_LOCAL,FIXED_UNVERIFIED,VERIFIED_LOCAL,BLOCKED,Read exact acceptance; mocks do not establish provider acceptance,AI-authored notes/tasks have provenance and guarded exclusion; two PostgreSQL context-boundary suites pass.,session-memory-context.postgres; memory-summary-model; memory-summary-job; ai-authored-context.postgres; ai-authored-context-boundary.postgres; wa-current-final:69 files/660 pass/1 Windows symlink skip,docs/readiness/poc-rescue-local/WHATSAPP.md; .artifacts/poc-rescue-local/wa-current-final.log; docs/readiness/poc-rescue-local/LIVE-ACTIVATION.md; COEXISTENCE-GAP.md; PROTOUCH-COEXISTENCE-PROVIDER-OPTION.md,origin/deployed42eebac2; local merged source plus opening cancellation patch; deployed schemafc6e851f3ba0,ProTouch remains PENDING and the Business phone app must be preserved. Ordinary registration failed 100/2388001; no further register/delete/deregister is authorized. Supported Coexistence onboarding is unresolved: user declined both own Tech Provider registration and a new paid subscription. Existing Twilio account has only its shared sandbox. Deployed application health does not establish WhatsApp inbound/AI/opening delivery.,Keep phone app and Coexistence disabled; obtain a supported onboarding route consistent with the user constraints before a real account-bound acceptance test. Continue independent local requirement work where incomplete.,"[{""as_of"":""Before October5 live60f26bf evidence refresh"",""superseded_fields"":{""evidence"":""docs/readiness/poc-rescue-local/WHATSAPP.md; .artifacts/poc-rescue-local/wa-current-final.log"",""blocker"":""ProTouch registration attempted with user approval: HTTP400/code100/subcode2388001 says number belongs to an existing WhatsApp account; needs user-identified migration/disconnection. No deregistration or further POST. Live acceptance/canary still absent."",""next_action"":""Execute exact acceptance on approved canary/provider and retain real outcomes; do not count mocks as live evidence.""},""reason"":""Preserve prior local/baseline evidence while distinguishing current deployment, controlled outbound success and remaining provider gates.""}]","{""previous_labels"":{""implementation"":""EXISTING_PARTIAL""},""meaning"":""Allowed status vocabulary only. Discovery/source inspection is not acceptance. Partial evidence remains FIXED_UNVERIFIED; read the acceptance, evidence and blocker.""}"
PDF-059,P1,memory,PDF pages 11,Correct firstConversation/known-before-session behavior so returning customers are not treated as new forever.,First/new-session/returning-customer tests choose correct greeting and do not ask known details again.,All configured; ProTouch and Or-On required,memory,Authorized operator / service principal,services/ts/messaging-worker/src/session-memory-context.ts; services/ts/messaging-worker/src/memory-summary-job.ts; packages/ts/crm/src/messaging-memory.ts,VERIFIED_LOCAL,FIXED_UNVERIFIED,VERIFIED_LOCAL,BLOCKED,Read exact acceptance; mocks do not establish provider acceptance,Known-before-session derives from admitted session/memory context in current source; returning-customer live scenario and canary remain.,session-memory-context.postgres; memory-summary-model; memory-summary-job; ai-authored-context.postgres; ai-authored-context-boundary.postgres; wa-current-final:69 files/660 pass/1 Windows symlink skip,docs/readiness/poc-rescue-local/WHATSAPP.md; .artifacts/poc-rescue-local/wa-current-final.log; docs/readiness/poc-rescue-local/LIVE-ACTIVATION.md; COEXISTENCE-GAP.md; PROTOUCH-COEXISTENCE-PROVIDER-OPTION.md,origin/deployed42eebac2; local merged source plus opening cancellation patch; deployed schemafc6e851f3ba0,ProTouch remains PENDING and the Business phone app must be preserved. Ordinary registration failed 100/2388001; no further register/delete/deregister is authorized. Supported Coexistence onboarding is unresolved: user declined both own Tech Provider registration and a new paid subscription. Existing Twilio account has only its shared sandbox. Deployed application health does not establish WhatsApp inbound/AI/opening delivery.,Keep phone app and Coexistence disabled; obtain a supported onboarding route consistent with the user constraints before a real account-bound acceptance test. Continue independent local requirement work where incomplete.,"[{""as_of"":""Before October5 live60f26bf evidence refresh"",""superseded_fields"":{""evidence"":""docs/readiness/poc-rescue-local/WHATSAPP.md; .artifacts/poc-rescue-local/wa-current-final.log"",""blocker"":""ProTouch registration attempted with user approval: HTTP400/code100/subcode2388001 says number belongs to an existing WhatsApp account; needs user-identified migration/disconnection. No deregistration or further POST. Live acceptance/canary still absent."",""next_action"":""Execute exact acceptance on approved canary/provider and retain real outcomes; do not count mocks as live evidence.""},""reason"":""Preserve prior local/baseline evidence while distinguishing current deployment, controlled outbound success and remaining provider gates.""}]","{""previous_labels"":{""implementation"":""EXISTING_PARTIAL""},""meaning"":""Allowed status vocabulary only. Discovery/source inspection is not acceptance. Partial evidence remains FIXED_UNVERIFIED; read the acceptance, evidence and blocker.""}"
PDF-060,P1,memory,PDF pages 23,Roll out memory in shadow for the first week and manually review 50 conversations before prompt use.,"Record 50 anonymized reviews, correction counts and <5% summary error rate before enabling memory in live prompts.",All configured; ProTouch and Or-On required,memory,Authorized operator / service principal,services/ts/messaging-worker/src/session-memory-context.ts; services/ts/messaging-worker/src/memory-summary-job.ts; packages/ts/crm/src/messaging-memory.ts,FIXED_UNVERIFIED,FIXED_UNVERIFIED,NOT_CHECKED,BLOCKED,Read exact acceptance; mocks do not establish provider acceptance,Human-review/shadow gate exists; live flags absent. Required week-long shadow and fifty reviewed real conversations have not elapsed.,session-memory-context.postgres; memory-summary-model; memory-summary-job; ai-authored-context.postgres; ai-authored-context-boundary.postgres; wa-current-final:69 files/660 pass/1 Windows symlink skip,docs/readiness/poc-rescue-local/WHATSAPP.md; .artifacts/poc-rescue-local/wa-current-final.log; docs/readiness/poc-rescue-local/LIVE-ACTIVATION.md; COEXISTENCE-GAP.md; PROTOUCH-COEXISTENCE-PROVIDER-OPTION.md,origin/deployed42eebac2; local merged source plus opening cancellation patch; deployed schemafc6e851f3ba0,ProTouch remains PENDING and the Business phone app must be preserved. Ordinary registration failed 100/2388001; no further register/delete/deregister is authorized. Supported Coexistence onboarding is unresolved: user declined both own Tech Provider registration and a new paid subscription. Existing Twilio account has only its shared sandbox. Deployed application health does not establish WhatsApp inbound/AI/opening delivery.,Keep phone app and Coexistence disabled; obtain a supported onboarding route consistent with the user constraints before a real account-bound acceptance test. Continue independent local requirement work where incomplete.,"[{""as_of"":""Before October5 live60f26bf evidence refresh"",""superseded_fields"":{""evidence"":""docs/readiness/poc-rescue-local/WHATSAPP.md; .artifacts/poc-rescue-local/wa-current-final.log"",""blocker"":""ProTouch registration attempted with user approval: HTTP400/code100/subcode2388001 says number belongs to an existing WhatsApp account; needs user-identified migration/disconnection. No deregistration or further POST. Live acceptance/canary still absent."",""next_action"":""Execute exact acceptance on approved canary/provider and retain real outcomes; do not count mocks as live evidence.""},""reason"":""Preserve prior local/baseline evidence while distinguishing current deployment, controlled outbound success and remaining provider gates.""}]","{""previous_labels"":{""discovery"":""PARTIAL"",""implementation"":""EXISTING_PARTIAL""},""meaning"":""Allowed status vocabulary only. Discovery/source inspection is not acceptance. Partial evidence remains FIXED_UNVERIFIED; read the acceptance, evidence and blocker.""}"
PDF-061,P0,voice-wiring,PDF pages 13,Wire the real provisioner into deployed control-api and create a real LiveKit Cloud inbound trunk with allowlist and DID-specific routing.,"Each configured DID routes to its intended tenant/agent using actual provider configuration, not simulator dispatch rules.",All configured; ProTouch and Or-On required,voice-wiring,Authorized operator / service principal,services/py/control-api/src/control_api/voice.py:752; packages/py/oron-tenancy/src/oron_tenancy/provisioner.py,REPRODUCED,BLOCKED,REPRODUCED,BLOCKED,"Retain exact acceptance; local SDK/fake media, real PostgreSQL and synthetic real-model evidence are distinct from provider call/listening acceptance.","Historical carrier-CIDR enforcement failed and the unsafe rule was removed; original containment evidence is preserved. The separately reviewed signed Twilio callback plus dedicated SIP digest alternative is now deployed. Audited exact ProTouch DID binding committed SDR_qwuvuQ9waXV7, preserving tenant/DID/flow. Post-binding valid HMAC naming the known completed/outbound CallSid returned403 after provider lookup; no single rejection predicate is inferred. TwilioPN0a62bfdaaf8f2a393860ab1c6bc3f466 now has empty TrunkSid and VoiceURLhttps://dev.or-on.io/twilio/voice/inbound with POST; complete routing readback preserved other fields and outbound provider configuration. Incoming human-call acceptance remains pending. The only post-cutover outbound regression, session57d373de-1375-5ed8-917b-c975ab50f6d9, ended with answered=false and both artifact references; active sessions and provider rooms are0. TwilioCA6cdfca66ac20f2d7fcca4f479353bacc reports failed/duration0 with the exact***4553 sender and approved***7692 recipient. Signed SIP SCL_Eg2oCSr2dHts left at00:28:06.960Z while ringing with USER_UNAVAILABLE; this supports an unanswered target, not a proven caller-ID regression or successful conversation. Its later room_finished receipt was quarantined with dispatcher_attempts_exhausted at00:30:30.428Z; DISC-033 records that separate defect with cause unverified. This alternative does not retroactively prove the failed source-IP allowlist or automatic provisioning for every tenant.","One bounded non-PSTN INVITE from the owned VM outside the allowlist received200OK; signed ingress bound exact trunk/rule/session. Containment readback proves zero dispatch rules and no active probe room.; Local candidate79a4a84: combined314 passed; later handler/dispatcher/provider87 passed; official-vector handler25 passed; transfer13 passed; actual PostgreSQL4 passed under platform_voice; isolated TLS/Caddy6 routes passed. Counts overlap and must not be summed. Final independent run35 passed (17 gate/isolation probes plus18 tracked real-loopback cases); no provider calls. On deployed0f003cc/schemaaf54, one non-PSTN positive-only probe at00:21:56-00:22:00UTC used two INVITEs (407 then486). Actual signed eventEV_ssdB8wwgcwsb, ledger886a5126-06c0-488b-81c0-a7d43bf2b108, matched the exact trunk/rule/probe and settled quarantined on attempt1 with inbound_rule_mismatch. Matching left event reported ROOM_DELETED; application sessions, caller contacts and remaining provider rooms were0. The left receipt was still received in this snapshot; no terminal processed claim is made for that event. The original79a4a84 failed suite is preserved; only its negative provider-authentication results are reused with a fresh unchanged-policy check, not as a full0f suite rerun. The only post-cutover outbound regression, session57d373de-1375-5ed8-917b-c975ab50f6d9, ended with answered=false and both artifact references; active sessions and provider rooms are0. TwilioCA6cdfca66ac20f2d7fcca4f479353bacc reports failed/duration0 with the exact***4553 sender and approved***7692 recipient. Signed SIP SCL_Eg2oCSr2dHts left at00:28:06.960Z while ringing with USER_UNAVAILABLE; this supports an unanswered target, not a proven caller-ID regression or successful conversation. Its later room_finished receipt was quarantined with dispatcher_attempts_exhausted at00:30:30.428Z; DISC-033 records that separate defect with cause unverified.",docs/readiness/poc-rescue-local/VOICE.md; .artifacts/poc-rescue-local/voice-carrier-routing.json; docs/readiness/poc-rescue-local/LIVE-ACTIVATION.md; PROTOUCH-INBOUND-ACL-FAILURE.md; INBOUND-PEER-REVIEW.md; TWILIO-INBOUND-SIGNED-ROUTING.md; .artifacts/poc-rescue-local/twilio-inbound-peer-final-79a4a84.json; PROTOUCH-DIGEST-PROOF.md; .artifacts/poc-rescue-local/protouch-inbound-settlement-live-deploy.json; .artifacts/poc-rescue-local/poc-digest-f5da706e5f7b44308e846aba13a2b637.json; .artifacts/poc-rescue-local/protouch-digest-binding-bind-committed.json; .artifacts/poc-rescue-local/protouch-digest-cutover-proof-gates.json; .artifacts/poc-rescue-local/protouch-digest-operator-receipt.json; .artifacts/poc-rescue-local/live-voice-postcutover-result.json; .artifacts/poc-rescue-local/live-voice-postcutover-provider.json; .artifacts/poc-rescue-local/live-voice-postcutover-errors.json; .artifacts/poc-rescue-local/live-voice-postcutover-insights.json,"Live source0f003ccd0049e6c2b0bc8f19e17a80d7f339e198; schemaaf54b6c13e92 (140 revisions). All five published images/readbacks, all seven healthy services and independent deployed runtime checks passed. Positive-only provider proof2026-10-05T00:21:56-00:22:00Z; audited DID binding and carrier callback cutover followed separate gates.","Original source-IP allowlist enforcement remains unproved. The reviewed authenticated alternative passed provider-authentication/guard gates and has been cut over for ProTouch, but human incoming acceptance, a successful post-cutover outbound conversation and all-configured-DID/provisioner acceptance remain open. The unanswered regression also exposed DISC-033.",Verify the already-authorized incoming human call and investigate DISC-033 on the activated authenticated route; preserve the unanswered outbound regression; preserve the original failure and rollback evidence. Do not certify broad provisioning or the unsupported ACL from route readback.,"[{""as_of"":""Before October5 live60f26bf evidence refresh"",""superseded_fields"":{""fix"":""Retained real SIP provisioner exists, but deployed control API still inserts simulator dispatch rules. No inbound activation performed."",""tests"":""Source inspection; actual LiveKit read lists zero inbound trunks and zero dispatch rules; voice phone-number PostgreSQL isolation tests pass."",""evidence"":""docs/readiness/poc-rescue-local/VOICE.md; .artifacts/poc-rescue-local/voice-carrier-routing.json"",""revision"":""Merged authoritative source42eebac2 plus local voice repairs; real disposable DB head7c91e5a2b640; no deployment claim"",""blocker"":""Real provisioner not wired; reviewed inbound allowlist/DID/agent mapping and infrastructure activation required."",""next_action"":""Wire durable real provisioning under reviewed provider plan, then verify both real DIDs against active tenant and published agent.""},""reason"":""Preserve prior local/baseline evidence while distinguishing current deployment, controlled outbound success and remaining provider gates.""},{""as_of"":""Before October5 authenticated inbound candidate79a4a84 local verification"",""superseded_fields"":{""fix"":""A real restricted inbound trunk and DID-specific dispatch rule were prepared, but a source outside all eight configured carrier CIDRs was admitted. Removed the new rule and restored the simulator DID marker by audited CAS; carrier origination never switched. Containment depends on provider dispatch-rule removal. The simulator marker did not enforce admission on live60f; the probe session failed during startup. Missing authoritative dispatch-rule validation is tracked separately as DISC-028."",""tests"":""One bounded non-PSTN INVITE from the owned VM outside the allowlist received200OK; signed ingress bound exact trunk/rule/session. Containment readback proves zero dispatch rules and no active probe room."",""evidence"":""docs/readiness/poc-rescue-local/VOICE.md; .artifacts/poc-rescue-local/voice-carrier-routing.json; docs/readiness/poc-rescue-local/LIVE-ACTIVATION.md; PROTOUCH-INBOUND-ACL-FAILURE.md"",""revision"":""Live 60f26bfe1775997da1fb5159ec9e09a08246068b; schema 9e43a5b02d81 (139 revisions); deployed 2026-10-04T23:06Z"",""next_action"":""Obtain verified provider ACL enforcement or review an authenticated alternative; repeat a bounded rejected-source test before carrier cutover.""},""reason"":""Preserve prior live failure/containment and partial local state; candidate verification does not establish a new deployed revision or provider acceptance.""},{""as_of"":""Before October5 live0f003cc repaired signed-provider proof and authenticated inbound cutover"",""superseded_fields"":{""fix"":""A real restricted inbound trunk and DID-specific dispatch rule were prepared, but a source outside all eight configured carrier CIDRs was admitted. Removed the new rule and restored the simulator DID marker by audited CAS; carrier origination never switched. Containment depends on provider dispatch-rule removal. The simulator marker did not enforce admission on live60f; the probe session failed during startup. Missing authoritative dispatch-rule validation is tracked separately as DISC-028.; A default-disabled authenticated Twilio inbound alternative and authoritative application rule fence are now locally verified; these do not prove provider digest enforcement or repair the observed live ACL failure."",""tests"":""One bounded non-PSTN INVITE from the owned VM outside the allowlist received200OK; signed ingress bound exact trunk/rule/session. Containment readback proves zero dispatch rules and no active probe room.; Local candidate79a4a84: combined314 passed; later handler/dispatcher/provider87 passed; official-vector handler25 passed; transfer13 passed; actual PostgreSQL4 passed under platform_voice; isolated TLS/Caddy6 routes passed. Counts overlap and must not be summed. Final independent run35 passed (17 gate/isolation probes plus18 tracked real-loopback cases); no provider calls."",""evidence"":""docs/readiness/poc-rescue-local/VOICE.md; .artifacts/poc-rescue-local/voice-carrier-routing.json; docs/readiness/poc-rescue-local/LIVE-ACTIVATION.md; PROTOUCH-INBOUND-ACL-FAILURE.md; INBOUND-PEER-REVIEW.md; TWILIO-INBOUND-SIGNED-ROUTING.md; .artifacts/poc-rescue-local/twilio-inbound-peer-final-79a4a84.json"",""revision"":""Live 60f26bfe1775997da1fb5159ec9e09a08246068b; schema 9e43a5b02d81 (139 revisions); deployed 2026-10-04T23:06Z; Local candidate 79a4a84d1df4e00bad2e7821b5673c102bba55b5; independent test checkpoint 8e1a0a0. Last verified live baseline for this review: 60f26bf, schema 9e43a5b02d81. No new deployment or live inbound acceptance claimed."",""blocker"":""Live provider ACL enforcement failed despite configuration readback. Inbound remains contained and unavailable; project enablement or another provider cause is not established."",""next_action"":""Complete exact-image verification and the reviewed authenticated-inbound provider admission gates before any carrier cutover; retain containment until actual evidence exists.""},""reason"":""Preserve previous local-only or failed live evidence. Promote only the narrowly observed repaired quarantine defect; configuration/cutover and provider rejection do not establish a successful human incoming call or WhatsApp delivery.""}]",
PDF-062,P0,voice-wiring,PDF pages 13,Route signed LiveKit webhooks through public /livekit/webhook to dispatcher:8082 with correct network reachability.,"Provider webhook reaches dispatcher, validates authenticity and deduplicates; unauthenticated/replayed events cannot launch unauthorized calls.",All configured; ProTouch and Or-On required,voice-wiring,Authorized operator / service principal,packages/py/oron-dispatcher/src/oron_dispatcher/webhook.py; services/py/dispatcher/src/dispatcher_runtime/main.py; infra/deployment/Caddyfile,VERIFIED_LOCAL,VERIFIED_LOCAL,VERIFIED_LOCAL,FIXED_UNVERIFIED,"Retain exact acceptance; local SDK/fake media, real PostgreSQL and synthetic real-model evidence are distinct from provider call/listening acceptance.","Narrow public Caddy route/network repair owned by root; Python signature, replay and durable ownership preserved.","Dispatcher webhook tests plus real DB test_phase5_dispatcher_webhooks.py; voice-merged-memory-db31 passed0skip across6files.; LiveKit Console signed room_started EV_eugWmGhovZmm reached public /livekit/webhook, returned200 and durable processed in one attempt at22:46:34Z; unsigned request returned401. Controlled outbound calls also produced provider ingress.; Local candidate79a4a84: combined314 passed; later handler/dispatcher/provider87 passed; official-vector handler25 passed; transfer13 passed; actual PostgreSQL4 passed under platform_voice; isolated TLS/Caddy6 routes passed. Counts overlap and must not be summed. Final independent run35 passed (17 gate/isolation probes plus18 tracked real-loopback cases); no provider calls. On deployed0f003cc/schemaaf54, one non-PSTN positive-only probe at00:21:56-00:22:00UTC used two INVITEs (407 then486). Actual signed eventEV_ssdB8wwgcwsb, ledger886a5126-06c0-488b-81c0-a7d43bf2b108, matched the exact trunk/rule/probe and settled quarantined on attempt1 with inbound_rule_mismatch. Matching left event reported ROOM_DELETED; application sessions, caller contacts and remaining provider rooms were0. The left receipt was still received in this snapshot; no terminal processed claim is made for that event. The original79a4a84 failed suite is preserved; only its negative provider-authentication results are reused with a fresh unchanged-policy check, not as a full0f suite rerun. Exact compiled0f proof verifies duplicate finality; no duplicate real-provider launch-denial acceptance was added by this refresh.",docs/readiness/poc-rescue-local/VOICE.md; .artifacts/poc-rescue-local/voice-merged-memory-db.log; docs/readiness/poc-rescue-local/LIVE-ACTIVATION.md; INBOUND-PEER-REVIEW.md; TWILIO-INBOUND-SIGNED-ROUTING.md; .artifacts/poc-rescue-local/twilio-inbound-peer-final-79a4a84.json; PROTOUCH-DIGEST-PROOF.md; .artifacts/poc-rescue-local/protouch-inbound-settlement-live-deploy.json; .artifacts/poc-rescue-local/poc-digest-f5da706e5f7b44308e846aba13a2b637.json; .artifacts/poc-rescue-local/protouch-digest-binding-bind-committed.json; .artifacts/poc-rescue-local/protouch-digest-cutover-proof-gates.json; .artifacts/poc-rescue-local/protouch-digest-operator-receipt.json,"Live source0f003ccd0049e6c2b0bc8f19e17a80d7f339e198; schemaaf54b6c13e92 (140 revisions). All five published images/readbacks, all seven healthy services and independent deployed runtime checks passed. Positive-only provider proof2026-10-05T00:21:56-00:22:00Z; audited DID binding and carrier callback cutover followed separate gates.",Actual signed provider ingress and durable first-attempt guard settlement are verified on0f. Duplicate/replay finality has actual PostgreSQL and compiled-image evidence; a dedicated live duplicate/replay launch-denial case for the full acceptance has not been recorded.,Retain signed provider event and compiled duplicate receipts; distinguish them from any future scoped live replay acceptance. Human incoming calling remains a separate gate.,"[{""as_of"":""Before October5 live60f26bf evidence refresh"",""superseded_fields"":{""live"":""BLOCKED"",""tests"":""Dispatcher webhook tests plus real DB test_phase5_dispatcher_webhooks.py; voice-merged-memory-db31 passed0skip across6files."",""evidence"":""docs/readiness/poc-rescue-local/VOICE.md; .artifacts/poc-rescue-local/voice-merged-memory-db.log"",""revision"":""Merged authoritative source42eebac2 plus local voice repairs; real disposable DB head7c91e5a2b640; no deployment claim"",""blocker"":""No carrier-originated callback or deployed end-to-end call observed by voice workstream."",""next_action"":""Append root Docker/Caddy evidence; verify signed provider callback through deployed public endpoint with durable duplicate receipt.""},""reason"":""Preserve prior local/baseline evidence while distinguishing current deployment, controlled outbound success and remaining provider gates.""},{""as_of"":""Before October5 authenticated inbound candidate79a4a84 local verification"",""superseded_fields"":{""tests"":""Dispatcher webhook tests plus real DB test_phase5_dispatcher_webhooks.py; voice-merged-memory-db31 passed0skip across6files.; LiveKit Console signed room_started EV_eugWmGhovZmm reached public /livekit/webhook, returned200 and durable processed in one attempt at22:46:34Z; unsigned request returned401. Controlled outbound calls also produced provider ingress."",""evidence"":""docs/readiness/poc-rescue-local/VOICE.md; .artifacts/poc-rescue-local/voice-merged-memory-db.log; docs/readiness/poc-rescue-local/LIVE-ACTIVATION.md"",""revision"":""Live 60f26bfe1775997da1fb5159ec9e09a08246068b; schema 9e43a5b02d81 (139 revisions); deployed 2026-10-04T23:06Z""},""reason"":""Preserve prior live failure/containment and partial local state; candidate verification does not establish a new deployed revision or provider acceptance.""},{""as_of"":""Before October5 live0f003cc repaired signed-provider proof and authenticated inbound cutover"",""superseded_fields"":{""tests"":""Dispatcher webhook tests plus real DB test_phase5_dispatcher_webhooks.py; voice-merged-memory-db31 passed0skip across6files.; LiveKit Console signed room_started EV_eugWmGhovZmm reached public /livekit/webhook, returned200 and durable processed in one attempt at22:46:34Z; unsigned request returned401. Controlled outbound calls also produced provider ingress.; Local candidate79a4a84: combined314 passed; later handler/dispatcher/provider87 passed; official-vector handler25 passed; transfer13 passed; actual PostgreSQL4 passed under platform_voice; isolated TLS/Caddy6 routes passed. Counts overlap and must not be summed. Final independent run35 passed (17 gate/isolation probes plus18 tracked real-loopback cases); no provider calls."",""evidence"":""docs/readiness/poc-rescue-local/VOICE.md; .artifacts/poc-rescue-local/voice-merged-memory-db.log; docs/readiness/poc-rescue-local/LIVE-ACTIVATION.md; INBOUND-PEER-REVIEW.md; TWILIO-INBOUND-SIGNED-ROUTING.md; .artifacts/poc-rescue-local/twilio-inbound-peer-final-79a4a84.json"",""revision"":""Live 60f26bfe1775997da1fb5159ec9e09a08246068b; schema 9e43a5b02d81 (139 revisions); deployed 2026-10-04T23:06Z; Local candidate 79a4a84d1df4e00bad2e7821b5673c102bba55b5; independent test checkpoint 8e1a0a0. Last verified live baseline for this review: 60f26bf, schema 9e43a5b02d81. No new deployment or live inbound acceptance claimed."",""blocker"":""Live authenticated ingress and unsigned rejection are verified; a dedicated live duplicate/replay launch-denial test for the full acceptance has not been recorded."",""next_action"":""Retain provider event receipts; verify bounded live duplicate/replay behavior separately without enabling the contained inbound route.""},""reason"":""Preserve previous local-only or failed live evidence. Promote only the narrowly observed repaired quarantine defect; configuration/cutover and provider rejection do not establish a successful human incoming call or WhatsApp delivery.""}]",
PDF-063,P0,voice-safety,"PDF pages 13, 20","Enforce global and per-tenant call caps matched to host capacity, initially about four on the old VM, with a spoken busy response.",Cap+1 load yields bounded active agents and clear busy handling; other tenants retain allocated capacity.,All configured; ProTouch and Or-On required,voice-safety,Authorized operator / service principal,packages/py/oron-dispatcher/src/oron_dispatcher/dispatcher.py; services/py/dispatcher/src/dispatcher_runtime/announcements.py,VERIFIED_LOCAL,VERIFIED_LOCAL,VERIFIED_LOCAL,BLOCKED,"Retain exact acceptance; local SDK/fake media, real PostgreSQL and synthetic real-model evidence are distinct from provider call/listening acceptance.",Preserved newer origin cap implementation: pending slots reserved synchronously; global/per-tenant defaults3; fixed busy audio before hangup.,test_pending_admission_counts_toward_cap_and_duplicate_does_not_hangup; test_busy_audio_once_before_hangup_without_agent_or_db_admission; test_tenant_capacity_is_separate_from_global_capacity_and_released.,docs/readiness/poc-rescue-local/VOICE.md; .artifacts/poc-rescue-local/voice-final-current.log,Historical local evidence: Merged authoritative source42eebac2 plus local voice repairs; real disposable DB head7c91e5a2b640; Live 60f26bfe1775997da1fb5159ec9e09a08246068b; schema 9e43a5b02d81 (139 revisions); deployed 2026-10-04T23:06Z,Actual 4GB host capacity and recipient-audible busy response unmeasured.,"Run bounded approved cap+1 calls and monitor host memory, other tenant capacity and audible busy outcome.","[{""as_of"":""Before October5 live60f26bf evidence refresh"",""superseded_fields"":{""revision"":""Merged authoritative source42eebac2 plus local voice repairs; real disposable DB head7c91e5a2b640; no deployment claim""},""reason"":""Preserve prior local/baseline evidence while distinguishing current deployment, controlled outbound success and remaining provider gates.""}]",
PDF-064,P0,voice-safety,"PDF pages 13, 20",Write recordings to a suitable persistent volume rather than bounded in-memory /tmp; remove staged local copies only after durable upload succeeds.,Repeated simulations/calls do not leak local disk/memory; failed upload preserves recoverable data; successful upload cleans only owned staging files.,All configured; ProTouch and Or-On required,voice-safety,Authorized operator / service principal,packages/py/oron-agent/src/oron_agent/bot.py; packages/py/oron-agent/src/oron_agent/artifacts.py,VERIFIED_LOCAL,VERIFIED_LOCAL,VERIFIED_LOCAL,FIXED_UNVERIFIED,"Retain exact acceptance; local SDK/fake media, real PostgreSQL and synthetic real-model evidence are distinct from provider call/listening acceptance.","Stage within configured ARTIFACTS_LOCAL_ROOT/.staging; retain upstream cleanup only after durable upload and finalization, owned UUID path and symlink guards.","test_artifact_capture.py includes20 actual WAV/transcript copy+cleanup lifecycles and failure/unsafe-path cases. Not20 full calls.; Controlled ProTouch outbound session 0af0ed12-555f-5cc8-bc4e-47a033fe1be8: answered=true, ended, recording and transcript present; no TTS/finalization errors. Twilio CA6ed0c3249d2ce35f29e0baeb558232bb completed 23 seconds, sender ***4553 to approved ***7692. User confirmed receipt and Hebrew agent conversation. This is one outbound call, not inbound, load or percentile acceptance.; Authorized CRM detail and private artifact retrieval returned 200; recording WAV has 28.0825 seconds of nonzero PCM at 24kHz, transcript has 3 Hebrew lines; other-tenant access returned 404 and anonymous access 401. Retention/load are separate gates.",docs/readiness/poc-rescue-local/VOICE.md; .artifacts/poc-rescue-local/voice-final-current.log; docs/readiness/poc-rescue-local/LIVE-ACTIVATION.md; .artifacts/poc-rescue-local/live-voice-60f26bf-provider.json; VOICE-PICKUP-LIFECYCLE.md; .artifacts/poc-rescue-local/live-voice-60f26bf-result.json; .artifacts/poc-rescue-local/live-voice-60f26bf-artifact-readback.json,Live 60f26bfe1775997da1fb5159ec9e09a08246068b; schema 9e43a5b02d81 (139 revisions); deployed 2026-10-04T23:06Z,"One live completed call has retrievable recording/transcript artifacts, but 20 full-call memory/disk, upload-failure and retention acceptance is still outstanding.",Verify durable artifact retrieval/retention and full-call memory/disk behavior under the scoped load/failure acceptance.,"[{""as_of"":""Before October5 live60f26bf evidence refresh"",""superseded_fields"":{""live"":""BLOCKED"",""tests"":""test_artifact_capture.py includes20 actual WAV/transcript copy+cleanup lifecycles and failure/unsafe-path cases. Not20 full calls."",""evidence"":""docs/readiness/poc-rescue-local/VOICE.md; .artifacts/poc-rescue-local/voice-final-current.log"",""revision"":""Merged authoritative source42eebac2 plus local voice repairs; real disposable DB head7c91e5a2b640; no deployment claim"",""blocker"":""Deployed persistent-volume and full-call memory test outstanding; whole-call audio buffer remains a capacity risk."",""next_action"":""Verify deployed mount and run full20-call lifecycle with memory/disk baselines, upload failures and caps.""},""reason"":""Preserve prior local/baseline evidence while distinguishing current deployment, controlled outbound success and remaining provider gates.""}]",
PDF-065,P0,voice-safety,"PDF pages 13, 14, 23","On shutdown/deploy stop accepting calls, drain active calls safely, speak an orderly goodbye if termination is required, finalize sessions and avoid orphan states.","Deploy during an active call produces orderly observable end, finalized records and available WhatsApp.",All configured; ProTouch and Or-On required,voice-safety,Authorized operator / service principal,packages/py/oron-dispatcher/src/oron_dispatcher/dispatcher.py; packages/py/oron-dispatcher/src/oron_dispatcher/webhook.py; packages/py/oron-agent/src/oron_agent/bot.py,VERIFIED_LOCAL,VERIFIED_LOCAL,VERIFIED_LOCAL,BLOCKED,"Retain exact acceptance; local SDK/fake media, real PostgreSQL and synthetic real-model evidence are distinct from provider call/listening acceptance.",Retained concurrent bounded90s drain/fixed goodbye/finalization. Corrected healthy-DB /health/ready response during drain from200 to503.,Drain pending/startup/concurrent/deadline tests; new test_draining_dispatcher_is_not_ready_even_while_database_is_healthy; local lifecycle tests.,docs/readiness/poc-rescue-local/VOICE.md; .artifacts/poc-rescue-local/voice-final-current.log,Historical local evidence: Merged authoritative source42eebac2 plus local voice repairs; real disposable DB head7c91e5a2b640; Live 60f26bfe1775997da1fb5159ec9e09a08246068b; schema 9e43a5b02d81 (139 revisions); deployed 2026-10-04T23:06Z,No active real-call deployment with audible goodbye and concurrent messaging availability evidence.,Perform controlled deploy during approved test call and retain provider/session/messaging trace.,"[{""as_of"":""Before October5 live60f26bf evidence refresh"",""superseded_fields"":{""revision"":""Merged authoritative source42eebac2 plus local voice repairs; real disposable DB head7c91e5a2b640; no deployment claim""},""reason"":""Preserve prior local/baseline evidence while distinguishing current deployment, controlled outbound success and remaining provider gates.""}]",
PDF-066,P0,voice-safety,"PDF pages 13, 18, 20",Schedule a sweeper and safely close broken voice sessions before deploy waits.,Abandoned started session is reconciled without killing a live call; deploy cannot deadlock on stale state.,All configured; ProTouch and Or-On required,voice-safety,Authorized operator / service principal,packages/py/oron-sessions/src/oron_sessions/sweeper.py; infra/deployment/config/sweeper.env.template; scripts/deploy-dev.sh,VERIFIED_LOCAL,FIXED_UNVERIFIED,NOT_CHECKED,BLOCKED,"Retain exact acceptance; local SDK/fake media, real PostgreSQL and synthetic real-model evidence are distinct from provider call/listening acceptance.",Newer origin has scheduled least-privilege sweeper and pre-deploy sweep; root owns runtime/deploy adjustments.,Source inspected; test_stale_session_sweep.py identified. Voice workstream did not execute that test in its66 DB cases.,docs/readiness/poc-rescue-local/VOICE.md; root full-suite/runtime evidence to append,Historical local evidence: Merged authoritative source42eebac2 plus local voice repairs; real disposable DB head7c91e5a2b640; Live 60f26bfe1775997da1fb5159ec9e09a08246068b; schema 9e43a5b02d81 (139 revisions); deployed 2026-10-04T23:06Z,Actual stale-session/live-session-safe deployment timing not observed by this workstream.,Root append dedicated sweeper DB/runtime evidence; verify live call survives reconciliation and stale row cannot deadlock deploy.,"[{""as_of"":""Before October5 live60f26bf evidence refresh"",""superseded_fields"":{""revision"":""Merged authoritative source42eebac2 plus local voice repairs; real disposable DB head7c91e5a2b640; no deployment claim""},""reason"":""Preserve prior local/baseline evidence while distinguishing current deployment, controlled outbound success and remaining provider gates.""}]",
PDF-067,P0,voice-safety,"PDF pages 14, 20",Transient operator-control DB/read failures should retain a bounded last-known safe state and retry rather than permanently muting the whole call.,"Transient outage recovers speech without overriding explicit mute, human takeover, revocation or authorization controls.",All configured; ProTouch and Or-On required,voice-safety,Authorized operator / service principal,packages/py/oron-agent/src/oron_agent/voice_control.py,VERIFIED_LOCAL,VERIFIED_LOCAL,VERIFIED_LOCAL,BLOCKED,"Retain exact acceptance; local SDK/fake media, real PostgreSQL and synthetic real-model evidence are distinct from provider call/listening acceptance.",Retain media through brief DB read failure; expire at first failed read after5s lease threshold plus bounded polling/read detection latency. Recover only fresh exact-epoch acknowledgement; explicit revoke/takeover/barrier failures stay closed.,test_voice_control.py outage/timeout/recovery/stale generation/revocation cases;86 targeted control+session+grounding tests passed.,docs/readiness/poc-rescue-local/VOICE.md; .artifacts/poc-rescue-local/voice-final-current.log; db voice-merged-db.log,Historical local evidence: Merged authoritative source42eebac2 plus local voice repairs; real disposable DB head7c91e5a2b640; Live 60f26bfe1775997da1fb5159ec9e09a08246068b; schema 9e43a5b02d81 (139 revisions); deployed 2026-10-04T23:06Z,Live audible recovery under injected storage fault not exercised.,Inject short and prolonged DB outage in approved voice test while testing operator mute/takeover and fresh authorization.,"[{""as_of"":""Before October5 live60f26bf evidence refresh"",""superseded_fields"":{""revision"":""Merged authoritative source42eebac2 plus local voice repairs; real disposable DB head7c91e5a2b640; no deployment claim""},""reason"":""Preserve prior local/baseline evidence while distinguishing current deployment, controlled outbound success and remaining provider gates.""}]",
PDF-068,P1,voice-recovery,"PDF pages 14, 23",LLM/TTS failures produce a safe spoken fallback and one bounded retry; provide a validated TTS failover.,Injected model/TTS faults produce audible response and successful fallback or clean handoff; no prolonged dead air.,All configured; ProTouch and Or-On required,voice-recovery,Authorized operator / service principal,packages/py/oron-agent/src/oron_agent/voice_failure.py; packages/py/oron-agent/src/oron_agent/voice_control.py; services/py/dispatcher/src/dispatcher_runtime/announcements.py,VERIFIED_LOCAL,VERIFIED_LOCAL,VERIFIED_LOCAL,FIXED_UNVERIFIED,"Retain exact acceptance; local SDK/fake media, real PostgreSQL and synthetic real-model evidence are distinct from provider call/listening acceptance.",Retained upstream bounded one-recovery policy and fixed prerecorded fallback independent of failed LLM/TTS; interruptions honor ownership.,"test_voice_failure.py and SDK interruption tests in owned suite.; Controlled ProTouch outbound session 0af0ed12-555f-5cc8-bc4e-47a033fe1be8: answered=true, ended, recording and transcript present; no TTS/finalization errors. Twilio CA6ed0c3249d2ce35f29e0baeb558232bb completed 23 seconds, sender ***4553 to approved ***7692. User confirmed receipt and Hebrew agent conversation. This is one outbound call, not inbound, load or percentile acceptance.",docs/readiness/poc-rescue-local/VOICE.md; .artifacts/poc-rescue-local/voice-final-current.log; docs/readiness/poc-rescue-local/LIVE-ACTIVATION.md; .artifacts/poc-rescue-local/live-voice-60f26bf-provider.json; VOICE-PICKUP-LIFECYCLE.md; .artifacts/poc-rescue-local/live-voice-60f26bf-result.json; .artifacts/poc-rescue-local/live-voice-60f26bf-artifact-readback.json,Live 60f26bfe1775997da1fb5159ec9e09a08246068b; schema 9e43a5b02d81 (139 revisions); deployed 2026-10-04T23:06Z,"Soniox pre-pickup expiry is fixed and one Hebrew live conversation succeeded; live induced LLM/TTS failure, bounded fallback/retry and validated failover acceptance remains incomplete.","Inject actual LLM/TTS failures on approved call, measure silence/retry limit and hear fixed fallback/handoff.","[{""as_of"":""Before October5 live60f26bf evidence refresh"",""superseded_fields"":{""live"":""BLOCKED"",""tests"":""test_voice_failure.py and SDK interruption tests in owned suite."",""evidence"":""docs/readiness/poc-rescue-local/VOICE.md; .artifacts/poc-rescue-local/voice-final-current.log"",""revision"":""Merged authoritative source42eebac2 plus local voice repairs; real disposable DB head7c91e5a2b640; no deployment claim"",""blocker"":""No provider-fault call listening or second TTS-provider audible validation.""},""reason"":""Preserve prior local/baseline evidence while distinguishing current deployment, controlled outbound success and remaining provider gates.""}]",
PDF-069,P1,voice-recovery,PDF pages 14,"Idle handling must respect caller speech detected by VAD, not hang up on an actively talking caller.","Long speech, silence, VAD-only and recognition failure tests show appropriate timers and no premature hangup.",All configured; ProTouch and Or-On required,voice-recovery,Authorized operator / service principal,packages/py/oron-agent/src/oron_agent/idle.py,VERIFIED_LOCAL,VERIFIED_LOCAL,VERIFIED_LOCAL,BLOCKED,"Retain exact acceptance; local SDK/fake media, real PostgreSQL and synthetic real-model evidence are distinct from provider call/listening acceptance.",Existing VAD-aware idle behavior retained.,packages/py/oron-agent/tests/test_idle.py in owned regression.,docs/readiness/poc-rescue-local/VOICE.md; .artifacts/poc-rescue-local/voice-final-current.log,Historical local evidence: Merged authoritative source42eebac2 plus local voice repairs; real disposable DB head7c91e5a2b640; Live 60f26bfe1775997da1fb5159ec9e09a08246068b; schema 9e43a5b02d81 (139 revisions); deployed 2026-10-04T23:06Z,"Real long Hebrew speech, recognition failure and device VAD-only listening not performed.",Record long speech/silence/VAD-only cases and confirm no premature call end.,"[{""as_of"":""Before October5 live60f26bf evidence refresh"",""superseded_fields"":{""revision"":""Merged authoritative source42eebac2 plus local voice repairs; real disposable DB head7c91e5a2b640; no deployment claim""},""reason"":""Preserve prior local/baseline evidence while distinguishing current deployment, controlled outbound success and remaining provider gates.""}]",
PDF-070,P1,voice-wiring,PDF pages 14,Acknowledge verified webhooks quickly and launch agent startup asynchronously with durable idempotent ownership.,Slow ~15s startup does not delay webhook acknowledgment or create duplicate agents under provider retries.,All configured; ProTouch and Or-On required,voice-wiring,Authorized operator / service principal,packages/py/oron-dispatcher/src/oron_dispatcher/webhook_pump.py; packages/py/oron-dispatcher/src/oron_dispatcher/webhook.py; services/py/dispatcher/src/dispatcher_runtime/persistence.py,VERIFIED_LOCAL,VERIFIED_LOCAL,VERIFIED_LOCAL,BLOCKED,"Retain exact acceptance; local SDK/fake media, real PostgreSQL and synthetic real-model evidence are distinct from provider call/listening acceptance.","Retained durable accept+pump ownership, background startup, lease heartbeat/recovery and liveness recheck.",test_webhook_pump.py; real PostgreSQL test_phase5_dispatcher_webhooks.py in31-case memory suite.,docs/readiness/poc-rescue-local/VOICE.md; .artifacts/poc-rescue-local/voice-final-current.log; .artifacts/poc-rescue-local/voice-merged-memory-db.log,Historical local evidence: Merged authoritative source42eebac2 plus local voice repairs; real disposable DB head7c91e5a2b640; Live 60f26bfe1775997da1fb5159ec9e09a08246068b; schema 9e43a5b02d81 (139 revisions); deployed 2026-10-04T23:06Z,No measured deployed15s-startup HTTP acknowledgment/provider-redelivery sample.,"Delay startup15s, time public webhook ack, redeliver same event and verify exactly one active ownership record/agent.","[{""as_of"":""Before October5 live60f26bf evidence refresh"",""superseded_fields"":{""revision"":""Merged authoritative source42eebac2 plus local voice repairs; real disposable DB head7c91e5a2b640; no deployment claim""},""reason"":""Preserve prior local/baseline evidence while distinguishing current deployment, controlled outbound success and remaining provider gates.""}]",
PDF-071,P1,voice-recovery,PDF pages 14,An unpublished/unavailable agent gives a short explanatory spoken message before hangup.,Unpublished-agent call hears safe fallback and records explicit failure reason.,All configured; ProTouch and Or-On required,voice-recovery,Authorized operator / service principal,packages/py/oron-dispatcher/src/oron_dispatcher/dispatcher.py; services/py/dispatcher/src/dispatcher_runtime/announcements.py,VERIFIED_LOCAL,VERIFIED_LOCAL,VERIFIED_LOCAL,BLOCKED,"Retain exact acceptance; local SDK/fake media, real PostgreSQL and synthetic real-model evidence are distinct from provider call/listening acceptance.",Retained prerecorded unavailable-he.wav playback before refusal/hangup.,test_unavailable_published_flow_plays_fixed_refusal_before_hangup; announcement asset/port tests.,docs/readiness/poc-rescue-local/VOICE.md; .artifacts/poc-rescue-local/voice-final-current.log,Historical local evidence: Merged authoritative source42eebac2 plus local voice repairs; real disposable DB head7c91e5a2b640; Live 60f26bfe1775997da1fb5159ec9e09a08246068b; schema 9e43a5b02d81 (139 revisions); deployed 2026-10-04T23:06Z,Playback port success is not recipient-audible evidence.,Call unavailable published agent on approved DID; retain audible refusal and explicit durable failure reason.,"[{""as_of"":""Before October5 live60f26bf evidence refresh"",""superseded_fields"":{""revision"":""Merged authoritative source42eebac2 plus local voice repairs; real disposable DB head7c91e5a2b640; no deployment claim""},""reason"":""Preserve prior local/baseline evidence while distinguishing current deployment, controlled outbound success and remaining provider gates.""}]",
PDF-072,P1,voice-performance,"PDF pages 8, 14, 23",Allow safe model warmup under operator control and prepare a recorded greeting; use model-supported low/no reasoning where appropriate.,Measure cold/first turn improvement with exact deployed provider/model; control restrictions remain honored.,All configured; ProTouch and Or-On required,voice-performance,Authorized operator / service principal,packages/py/oron-agent/src/oron_agent/llm.py; packages/py/oron-agent/src/oron_agent/bot.py,VERIFIED_LOCAL,REPRODUCED,FIXED_UNVERIFIED,BLOCKED,"Retain exact acceptance; local SDK/fake media, real PostgreSQL and synthetic real-model evidence are distinct from provider call/listening acceptance.",Existing preflight/opt-in warmup is disabled with active voice controller; low reasoning config and lifecycle fixed audio exist. Ordinary prerecorded greeting/controlled warmup not demonstrated.,test_llm_preflight.py and current provider serializer tests; no cold/first-audio performance benchmark.,docs/readiness/poc-rescue-local/VOICE.md,Historical local evidence: Merged authoritative source42eebac2 plus local voice repairs; real disposable DB head7c91e5a2b640; Live 60f26bfe1775997da1fb5159ec9e09a08246068b; schema 9e43a5b02d81 (139 revisions); deployed 2026-10-04T23:06Z,Safe warmup under controller plus ordinary recorded greeting and cold-turn improvement still unverified.,"Implement/validate controller-aware warmup without customer sends, then cold/warm first-turn measurements using deployed model.","[{""as_of"":""Before October5 live60f26bf evidence refresh"",""superseded_fields"":{""revision"":""Merged authoritative source42eebac2 plus local voice repairs; real disposable DB head7c91e5a2b640; no deployment claim""},""reason"":""Preserve prior local/baseline evidence while distinguishing current deployment, controlled outbound success and remaining provider gates.""}]",
PDF-073,P1,voice-performance,"PDF pages 8, 14, 23",Reduce waiting for full JSON by streaming intent safely and pre-synthesizing fixed approved phrases.,"Audio starts within target while ungrounded, sensitive or unauthorized generated claims are never spoken early.",All configured; ProTouch and Or-On required,voice-performance,Authorized operator / service principal,packages/py/oron-agent/src/oron_agent/turn_planner.py; packages/py/oron-agent/src/oron_agent/grounding.py,VERIFIED_LOCAL,VERIFIED_LOCAL,VERIFIED_LOCAL,BLOCKED,"Retain exact acceptance; local SDK/fake media, real PostgreSQL and synthetic real-model evidence are distinct from provider call/listening acceptance.",Retained bounded natural-text streaming and guarded numeric/evidence spans; fixed lifecycle phrases are prerecorded.,test_turn_planner.py and grounding unsafe/stale selector tests in owned suite.,docs/readiness/poc-rescue-local/VOICE.md; .artifacts/poc-rescue-local/voice-final-current.log,Historical local evidence: Merged authoritative source42eebac2 plus local voice repairs; real disposable DB head7c91e5a2b640; Live 60f26bfe1775997da1fb5159ec9e09a08246068b; schema 9e43a5b02d81 (139 revisions); deployed 2026-10-04T23:06Z,No real end-of-speech to first-audio latency sample.,Measure cold/warm audio onset while attempting sensitive/ungrounded text to confirm gating remains intact.,"[{""as_of"":""Before October5 live60f26bf evidence refresh"",""superseded_fields"":{""revision"":""Merged authoritative source42eebac2 plus local voice repairs; real disposable DB head7c91e5a2b640; no deployment claim""},""reason"":""Preserve prior local/baseline evidence while distinguishing current deployment, controlled outbound success and remaining provider gates.""}]",
PDF-074,P1,voice-performance,"PDF pages 8, 14","Cache reusable knowledge per call instead of loading twice each turn, with safe revocation/expiry behavior.",Query count drops; revoked sources are invalidated and tenant/call caches cannot cross boundaries.,All configured; ProTouch and Or-On required,voice-performance,Authorized operator / service principal,packages/py/oron-agent/src/oron_agent/knowledge_turn.py; services/py/dispatcher/src/dispatcher_runtime/persistence.py,VERIFIED_LOCAL,VERIFIED_LOCAL,VERIFIED_LOCAL,BLOCKED,"Retain exact acceptance; local SDK/fake media, real PostgreSQL and synthetic real-model evidence are distinct from provider call/listening acceptance.",Retained per-turn once-per-inference retrieval and revision/eligibility checks before speech; caches are tenant/call isolated.,test_knowledge_turn.py plus real DB test_voice_knowledge_turn.py/test_voice_knowledge_migration.py in31-case suite.,docs/readiness/poc-rescue-local/VOICE.md; .artifacts/poc-rescue-local/voice-merged-memory-db.log,Historical local evidence: Merged authoritative source42eebac2 plus local voice repairs; real disposable DB head7c91e5a2b640; Live 60f26bfe1775997da1fb5159ec9e09a08246068b; schema 9e43a5b02d81 (139 revisions); deployed 2026-10-04T23:06Z,Production query-count/latency reduction not measured.,Measure query count during approved call; revoke source between generation/speech and verify immediate invalidation.,"[{""as_of"":""Before October5 live60f26bf evidence refresh"",""superseded_fields"":{""revision"":""Merged authoritative source42eebac2 plus local voice repairs; real disposable DB head7c91e5a2b640; no deployment claim""},""reason"":""Preserve prior local/baseline evidence while distinguishing current deployment, controlled outbound success and remaining provider gates.""}]",
PDF-075,P1,voice-performance,"PDF pages 8, 14",Reduce operator-control polling to 2–5 seconds and usage checkpoint writes to about 15 seconds with reliable final flush.,DB load decreases; stop/takeover latency is measured and acceptable; final usage survives orderly termination.,All configured; ProTouch and Or-On required,voice-performance,Authorized operator / service principal,packages/py/oron-agent/src/oron_agent/voice_control.py; packages/py/oron-agent/src/oron_agent/session_recorder.py,REPRODUCED,VERIFIED_LOCAL,VERIFIED_LOCAL,BLOCKED,"Retain exact acceptance; local SDK/fake media, real PostgreSQL and synthetic real-model evidence are distinct from provider call/listening acceptance.",Changed default control polling0.5s->2s and usage checkpoints1s->15s. Each action still fresh-authorized; finalization flushes newest counters.,"86 targeted tests passed: real local scheduler pause acknowledged within1.9–3s with2reads; controlled15s checkpoint cadence and latest final write. Fake storage/media, not live endpoint.",docs/readiness/poc-rescue-local/VOICE.md; .artifacts/poc-rescue-local/voice-final-current.log,Historical local evidence: Merged authoritative source42eebac2 plus local voice repairs; real disposable DB head7c91e5a2b640; Live 60f26bfe1775997da1fb5159ec9e09a08246068b; schema 9e43a5b02d81 (139 revisions); deployed 2026-10-04T23:06Z,Actual DB load reduction and remote audible takeover latency not measured.,Measure deployed query rate and operator-to-audio stop latency; verify final durable usage after orderly termination.,"[{""as_of"":""Before October5 live60f26bf evidence refresh"",""superseded_fields"":{""revision"":""Merged authoritative source42eebac2 plus local voice repairs; real disposable DB head7c91e5a2b640; no deployment claim""},""reason"":""Preserve prior local/baseline evidence while distinguishing current deployment, controlled outbound success and remaining provider gates.""}]",
PDF-076,P0,voice-memory,"PDF pages 4, 12, 14",Use caller ID only as an unverified contact hint; do not disclose sensitive historical context before identity verification.,Spoofed/shared/reassigned caller identity cannot reveal customer data or enable protected actions.,All configured; ProTouch and Or-On required,voice-memory,Authorized operator / service principal,packages/py/oron-agent/src/oron_agent/identity_verification.py; services/py/dispatcher/src/dispatcher_runtime/persistence.py,VERIFIED_LOCAL,VERIFIED_LOCAL,VERIFIED_LOCAL,BLOCKED,"Retain exact acceptance; local SDK/fake media, real PostgreSQL and synthetic real-model evidence are distinct from provider call/listening acceptance.",Retained caller ID as hint and authoritative verified-identity gate before sensitive memory/actions.,Real PostgreSQL test_voice_handoff_verification.py and test_verified_channel_memory.py in35+31 suites; identity gate unit tests.,docs/readiness/poc-rescue-local/VOICE.md; .artifacts/poc-rescue-local/voice-merged-db.log; .artifacts/poc-rescue-local/voice-merged-memory-db.log,Historical local evidence: Merged authoritative source42eebac2 plus local voice repairs; real disposable DB head7c91e5a2b640; Live 60f26bfe1775997da1fb5159ec9e09a08246068b; schema 9e43a5b02d81 (139 revisions); deployed 2026-10-04T23:06Z,No live spoof/shared/reassigned number scenario.,Run approved adversarial identity cases with synthetic customer history and prove no sensitive disclosure before unlock.,"[{""as_of"":""Before October5 live60f26bf evidence refresh"",""superseded_fields"":{""revision"":""Merged authoritative source42eebac2 plus local voice repairs; real disposable DB head7c91e5a2b640; no deployment claim""},""reason"":""Preserve prior local/baseline evidence while distinguishing current deployment, controlled outbound success and remaining provider gates.""}]",
PDF-077,P1,voice-memory,"PDF pages 12, 14, 23","Load permitted shared customer facts/summaries at call start, read prior call context and write a supported call summary at call end.",Verified customer moves from WhatsApp to voice and back with accurate shared context; summary records its evidence.,All configured; ProTouch and Or-On required,voice-memory,Authorized operator / service principal,packages/py/oron-agent/src/oron_agent/memory_cadence.py; services/py/dispatcher/src/dispatcher_runtime/persistence.py,VERIFIED_LOCAL,VERIFIED_LOCAL,VERIFIED_LOCAL,BLOCKED,"Retain exact acceptance; local SDK/fake media, real PostgreSQL and synthetic real-model evidence are distinct from provider call/listening acceptance.",Retained canonical turn append/final checkpoint and identity-gated shared facts with source/version boundaries.,Real DB test_voice_memory_capture.py and test_verified_channel_memory.py;31-case memory/knowledge suite0skip.,docs/readiness/poc-rescue-local/VOICE.md; .artifacts/poc-rescue-local/voice-merged-memory-db.log,Historical local evidence: Merged authoritative source42eebac2 plus local voice repairs; real disposable DB head7c91e5a2b640; Live 60f26bfe1775997da1fb5159ec9e09a08246068b; schema 9e43a5b02d81 (139 revisions); deployed 2026-10-04T23:06Z,Verified WhatsApp->voice->WhatsApp provider continuity and supported summary listening not exercised.,Run one consented synthetic cross-channel customer scenario; inspect exact source-backed summary and revocation handling.,"[{""as_of"":""Before October5 live60f26bf evidence refresh"",""superseded_fields"":{""revision"":""Merged authoritative source42eebac2 plus local voice repairs; real disposable DB head7c91e5a2b640; no deployment claim""},""reason"":""Preserve prior local/baseline evidence while distinguishing current deployment, controlled outbound success and remaining provider gates.""}]",
PDF-078,P1,voice-quality,"PDF pages 10, 12, 22",Replace overly rigid fixed-line voice behavior with source-grounded useful conversation while retaining action and privacy safeguards.,"Human Hebrew evaluation passes business questions, diagnostics and safe clarification with natural responses.",All configured; ProTouch and Or-On required,voice-quality,Authorized operator / service principal,packages/py/oron-agent/src/oron_agent/grounding.py; packages/py/oron-agent/src/oron_agent/lead_capture.py; packages/py/oron-flows/tests/eval/test_exit_eval.py,VERIFIED_LOCAL,VERIFIED_LOCAL,VERIFIED_LOCAL,FIXED_UNVERIFIED,"Retain exact acceptance; local SDK/fake media, real PostgreSQL and synthetic real-model evidence are distinct from provider call/listening acceptance.",Expose reviewed numeric field types and distinguish finalize/follow-up; clarify silent authored routing needs no business receipt. Update stale eval to production instruction folding/persona/render contract.,"Final current Gemini2.5Flash lead/support20 passed0skip27.60s (16 synthetic model cases+4 static); exit5 passed0skip12.47s (18 model outcomes across6scenarios+4 static). Offline owned1293 passed17 gated. Human30-conversation Hebrew evaluation absent.; Controlled ProTouch outbound session 0af0ed12-555f-5cc8-bc4e-47a033fe1be8: answered=true, ended, recording and transcript present; no TTS/finalization errors. Twilio CA6ed0c3249d2ce35f29e0baeb558232bb completed 23 seconds, sender ***4553 to approved ***7692. User confirmed receipt and Hebrew agent conversation. This is one outbound call, not inbound, load or percentile acceptance.",docs/readiness/poc-rescue-local/VOICE.md; .artifacts/poc-rescue-local/voice-provider-final.log; .artifacts/poc-rescue-local/voice-real-model-folded.log; .artifacts/poc-rescue-local/voice-exit-policy-after.log; docs/readiness/poc-rescue-local/LIVE-ACTIVATION.md; .artifacts/poc-rescue-local/live-voice-60f26bf-provider.json; VOICE-PICKUP-LIFECYCLE.md; .artifacts/poc-rescue-local/live-voice-60f26bf-result.json; .artifacts/poc-rescue-local/live-voice-60f26bf-artifact-readback.json,Live 60f26bfe1775997da1fb5159ec9e09a08246068b; schema 9e43a5b02d81 (139 revisions); deployed 2026-10-04T23:06Z,"User confirmed one Hebrew agent conversation; this does not establish the complete source-grounding, business-action and privacy evaluation.",Run reviewed minimized agent-specific conversation evaluation and human scoring; preserve failed traces alongside final outcomes.,"[{""as_of"":""Before October5 live60f26bf evidence refresh"",""superseded_fields"":{""live"":""BLOCKED"",""tests"":""Final current Gemini2.5Flash lead/support20 passed0skip27.60s (16 synthetic model cases+4 static); exit5 passed0skip12.47s (18 model outcomes across6scenarios+4 static). Offline owned1293 passed17 gated. Human30-conversation Hebrew evaluation absent."",""evidence"":""docs/readiness/poc-rescue-local/VOICE.md; .artifacts/poc-rescue-local/voice-provider-final.log; .artifacts/poc-rescue-local/voice-real-model-folded.log; .artifacts/poc-rescue-local/voice-exit-policy-after.log"",""revision"":""Merged authoritative source42eebac2 plus local voice repairs; real disposable DB head7c91e5a2b640; no deployment claim"",""blocker"":""Required human Hebrew30 real anonymized conversations per agent and accuracy threshold not established.""},""reason"":""Preserve prior local/baseline evidence while distinguishing current deployment, controlled outbound success and remaining provider gates.""}]",
PDF-079,P0,field-service,"PDF pages 10, 15, 20","Reconcile prompt and nested schema, including readyForConfirmation, and configure the provider-supported reasoning flag to avoid output-budget exhaustion.",Reproduce historical last_error_safe failures against current runtime; real model produces valid nested outputs and successful summaries.,All configured; ProTouch and Or-On required,field-service,Authorized operator / service principal,services/ts/messaging-worker/src/field-service-provider.ts; services/ts/messaging-worker/src/database.ts,VERIFIED_LOCAL,FIXED_UNVERIFIED,VERIFIED_LOCAL,BLOCKED,Read exact acceptance; mocks do not establish provider acceptance,Field extraction prompt/schema agree without stray readyForConfirmation; reasoning/output policy covered by four provider tests. Real model result pending.,field-service-provider; field-service-ocr.live; machine-service-tools.postgres; wa-current-final:69 files/660 pass/1 Windows symlink skip,docs/readiness/poc-rescue-local/WHATSAPP.md; .artifacts/poc-rescue-local/wa-current-final.log; docs/readiness/poc-rescue-local/LIVE-ACTIVATION.md; COEXISTENCE-GAP.md; PROTOUCH-COEXISTENCE-PROVIDER-OPTION.md,origin/deployed42eebac2; local merged source plus opening cancellation patch; deployed schemafc6e851f3ba0,ProTouch remains PENDING and the Business phone app must be preserved. Ordinary registration failed 100/2388001; no further register/delete/deregister is authorized. Supported Coexistence onboarding is unresolved: user declined both own Tech Provider registration and a new paid subscription. Existing Twilio account has only its shared sandbox. Deployed application health does not establish WhatsApp inbound/AI/opening delivery.,Keep phone app and Coexistence disabled; obtain a supported onboarding route consistent with the user constraints before a real account-bound acceptance test. Continue independent local requirement work where incomplete.,"[{""as_of"":""Before October5 live60f26bf evidence refresh"",""superseded_fields"":{""evidence"":""docs/readiness/poc-rescue-local/WHATSAPP.md; .artifacts/poc-rescue-local/wa-current-final.log"",""blocker"":""ProTouch registration attempted with user approval: HTTP400/code100/subcode2388001 says number belongs to an existing WhatsApp account; needs user-identified migration/disconnection. No deregistration or further POST. Live acceptance/canary still absent."",""next_action"":""Execute exact acceptance on approved canary/provider and retain real outcomes; do not count mocks as live evidence.""},""reason"":""Preserve prior local/baseline evidence while distinguishing current deployment, controlled outbound success and remaining provider gates.""}]","{""previous_labels"":{""implementation"":""EXISTING_PARTIAL""},""meaning"":""Allowed status vocabulary only. Discovery/source inspection is not acceptance. Partial evidence remains FIXED_UNVERIFIED; read the acceptance, evidence and blocker.""}"
PDF-080,P1,field-service,"PDF pages 15, 20",Reject/drop invalid individual extracted fields instead of making TypeError kill the entire extraction job.,"Malformed ID/phone/date field fixture retains valid other fields, records field-level validation, and does not silence AI.",All configured; ProTouch and Or-On required,field-service,Authorized operator / service principal,services/ts/messaging-worker/src/field-service-provider.ts; services/ts/messaging-worker/src/database.ts,VERIFIED_LOCAL,FIXED_UNVERIFIED,VERIFIED_LOCAL,BLOCKED,Read exact acceptance; mocks do not establish provider acceptance,sanitizeIntakeProposal drops invalid proposal fields; existing field-service integration passed. Actual malformed real-model field distribution not measured.,field-service-provider; field-service-ocr.live; machine-service-tools.postgres; wa-current-final:69 files/660 pass/1 Windows symlink skip,docs/readiness/poc-rescue-local/WHATSAPP.md; .artifacts/poc-rescue-local/wa-current-final.log; docs/readiness/poc-rescue-local/LIVE-ACTIVATION.md; COEXISTENCE-GAP.md; PROTOUCH-COEXISTENCE-PROVIDER-OPTION.md,origin/deployed42eebac2; local merged source plus opening cancellation patch; deployed schemafc6e851f3ba0,ProTouch remains PENDING and the Business phone app must be preserved. Ordinary registration failed 100/2388001; no further register/delete/deregister is authorized. Supported Coexistence onboarding is unresolved: user declined both own Tech Provider registration and a new paid subscription. Existing Twilio account has only its shared sandbox. Deployed application health does not establish WhatsApp inbound/AI/opening delivery.,Keep phone app and Coexistence disabled; obtain a supported onboarding route consistent with the user constraints before a real account-bound acceptance test. Continue independent local requirement work where incomplete.,"[{""as_of"":""Before October5 live60f26bf evidence refresh"",""superseded_fields"":{""evidence"":""docs/readiness/poc-rescue-local/WHATSAPP.md; .artifacts/poc-rescue-local/wa-current-final.log"",""blocker"":""ProTouch registration attempted with user approval: HTTP400/code100/subcode2388001 says number belongs to an existing WhatsApp account; needs user-identified migration/disconnection. No deregistration or further POST. Live acceptance/canary still absent."",""next_action"":""Execute exact acceptance on approved canary/provider and retain real outcomes; do not count mocks as live evidence.""},""reason"":""Preserve prior local/baseline evidence while distinguishing current deployment, controlled outbound success and remaining provider gates.""}]","{""previous_labels"":{""implementation"":""EXISTING_PARTIAL""},""meaning"":""Allowed status vocabulary only. Discovery/source inspection is not acceptance. Partial evidence remains FIXED_UNVERIFIED; read the acceptance, evidence and blocker.""}"
PDF-081,P1,field-service,PDF pages 15,Provide required encryption and blind-index keys to the worker through correct restricted secret configuration.,Worker securely handles ID fields; absent/rotated key is observable and recoverable without printing keys.,All configured; ProTouch and Or-On required,field-service,Authorized operator / service principal,services/ts/messaging-worker/src/field-service-provider.ts; services/ts/messaging-worker/src/database.ts,VERIFIED_LOCAL,FIXED_UNVERIFIED,VERIFIED_LOCAL,BLOCKED,Read exact acceptance; mocks do not establish provider acceptance,"Remote worker field-encryption/blind-index key presence verified, values never printed. Fictional local keys used; live decryption/rotation not performed.",field-service-provider; field-service-ocr.live; machine-service-tools.postgres; wa-current-final:69 files/660 pass/1 Windows symlink skip,docs/readiness/poc-rescue-local/WHATSAPP.md; .artifacts/poc-rescue-local/wa-current-final.log; docs/readiness/poc-rescue-local/LIVE-ACTIVATION.md; COEXISTENCE-GAP.md; PROTOUCH-COEXISTENCE-PROVIDER-OPTION.md,origin/deployed42eebac2; local merged source plus opening cancellation patch; deployed schemafc6e851f3ba0,ProTouch remains PENDING and the Business phone app must be preserved. Ordinary registration failed 100/2388001; no further register/delete/deregister is authorized. Supported Coexistence onboarding is unresolved: user declined both own Tech Provider registration and a new paid subscription. Existing Twilio account has only its shared sandbox. Deployed application health does not establish WhatsApp inbound/AI/opening delivery.,Keep phone app and Coexistence disabled; obtain a supported onboarding route consistent with the user constraints before a real account-bound acceptance test. Continue independent local requirement work where incomplete.,"[{""as_of"":""Before October5 live60f26bf evidence refresh"",""superseded_fields"":{""evidence"":""docs/readiness/poc-rescue-local/WHATSAPP.md; .artifacts/poc-rescue-local/wa-current-final.log"",""blocker"":""ProTouch registration attempted with user approval: HTTP400/code100/subcode2388001 says number belongs to an existing WhatsApp account; needs user-identified migration/disconnection. No deregistration or further POST. Live acceptance/canary still absent."",""next_action"":""Execute exact acceptance on approved canary/provider and retain real outcomes; do not count mocks as live evidence.""},""reason"":""Preserve prior local/baseline evidence while distinguishing current deployment, controlled outbound success and remaining provider gates.""}]","{""previous_labels"":{""implementation"":""EXISTING_PARTIAL""},""meaning"":""Allowed status vocabulary only. Discovery/source inspection is not acceptance. Partial evidence remains FIXED_UNVERIFIED; read the acceptance, evidence and blocker.""}"
PDF-082,P1,web-auth,"PDF pages 15, 20","Use one bounded Postgres pool per process for auth, tenant context, CSRF, webhook and Stripe paths.",Concurrency/load test keeps connection count bounded and transactions preserve tenant context without pooling leakage.,All configured; ProTouch and Or-On required,web-auth,Authorized operator / service principal,"packages/ts/auth/src/process-database.ts; repository.ts; tenant-context.ts; sms.ts; apps/web/src/features/auth/server.ts; apps/web/src/app/api/webhooks/{stripe/route,whatsapp/handler}.ts; packages/ts/crm/src/webhook-store.ts",VERIFIED_LOCAL,VERIFIED_LOCAL,VERIFIED_LOCAL,NOT_CHECKED,Core DB concurrency/RLS acceptance measured locally. Measure actual Next SIGTERM/in-flight HTTP behavior and candidate container physical connection cleanup separately.,Process-global exact trusted DSN/client-profile registry; max4 runtime and separate max1 verifier. Per-request close releases leases. Tenant/user/session and verifier role remain transaction-local. Verifier acquisition occurs after receipt persistence and its failures preserve accepted ingress.,"Six actual PostgreSQL pool tests: 30 concurrent operations bounded to4 PIDs, verifier bounded to1, module reload reuse, 24 interleaved tenant RLS transactions, rollback cleanup, startup-role isolation, explicit shutdown drain. Signature-proof DB test verifies borrowed clients, lazy HMAC gate, SET LOCAL ROLE reset and failed verifier acquisition retention. Two web adapter files/36 tests. Earlier full web157/937 and auth18/91.","docs/readiness/poc-rescue-local/PROCESS-DB-POOL.md; .artifacts/poc-rescue-local/auth-pool-profile.log; pool-webhook-proof-verified.log; web-pool-adapters-focused.log; typecheck-pool-final.log; PROCESS-DB-POOL.md: actual Linux Next16.3.6 SIGTERM before503/after200, exit143, zero remaining DB backends, 1.699s",UI 8c48406; pooled runtime 6afa941; proof DB schema 8d32f4a91c70,"Production HTTP throughput, actual production credential inventory and container signal timing are not proven by SQL concurrency tests.","Run candidate-image SIGTERM harness on owned local DB; record request completion and backend PID cleanup, then deployed observation if authorized.",,
PDF-083,P1,web-auth,"PDF pages 15, 23",Rate-limit authentication by IP and account and never extend an already active lock due to further unauthenticated failures.,Repeated external failures cannot keep a legitimate account locked indefinitely; distributed/brute-force tests hit limits and legitimate recovery works.,All configured; ProTouch and Or-On required,web-auth,Authorized operator / service principal,db/tests/postgres/test_auth_lockout_window.py; packages/ts/auth/src/login-admission.test.ts,REPRODUCED,VERIFIED_LOCAL,VERIFIED_LOCAL,BLOCKED,Read exact acceptance; mocks do not establish provider acceptance,"Expired lockout incorrectly retained failure count; migration7c91 resets expired windows, concurrent failures never extend an active lock. Existing IP/account admission retained.",Actual PostgreSQL concurrent12-failure regression; auth18files91tests before verifier profile.,db/tests/postgres/test_auth_lockout_window.py; packages/ts/auth/src/login-admission.test.ts; docs/readiness/poc-rescue-local/LIVE-ACTIVATION.md,Live 60f26bfe1775997da1fb5159ec9e09a08246068b; schema 9e43a5b02d81 (139 revisions); deployed 2026-10-04T23:06Z,The auth-lock migration is deployed in schema9e. Bounded live distributed-login/lock-recovery acceptance has not been performed.,Run only an authorized bounded login/lock-recovery scenario; preserve the verified local concurrency result.,"[{""as_of"":""Before October5 live60f26bf evidence refresh"",""superseded_fields"":{""evidence"":""db/tests/postgres/test_auth_lockout_window.py; packages/ts/auth/src/login-admission.test.ts"",""revision"":""DEV42eebac2/schemafc6e851f3ba0; candidate checkpoints635d245..6afa941;8d32f4a91c70 pending final validation"",""blocker"":""New migration not deployed."",""next_action"":""Apply reviewed schema candidate and retest bounded login failures after deployment.""},""reason"":""Preserve prior local/baseline evidence while distinguishing current deployment, controlled outbound success and remaining provider gates.""}]",
PDF-084,P1,inbox,"PDF pages 15, 23",Show an AI ownership/state tag in conversation lists and a clear AI-stopped reason banner in the thread.,Operator can identify AI/human/disabled/error state without opening buried settings; desktop/mobile layouts are usable.,All configured; ProTouch and Or-On required,inbox,Authorized operator / service principal,apps/web/src/features/inbox; apps/web/src/features/inbox-templates; apps/web/src/features/tickets; apps/web/src/app/workspace-details.css; packages/ts/crm/src/tickets.ts,VERIFIED_LOCAL,FIXED_UNVERIFIED,FIXED_UNVERIFIED,NOT_CHECKED,Read exact acceptance; mocks do not establish provider acceptance,Added conversation-list responder tag and thread inactive-AI reason banner; fictional human-owned state observed. Full runtime error-state taxonomy not proved.,"Current-source focused web run:10 files,99 tests passed; typecheck passed. Real browser on owned isolated PostgreSQL fixture DB. Full suite tracked separately.",docs/readiness/poc-rescue-local/UI.md; .artifacts/poc-rescue-local/ui/final-*; responsive-route-evidence.json; rendered-route-evidence.json,635d245 includes deployed42eebac2; subsequent scoped UI commit,"Live provider catalog/sends, all roles/tenants and physical-device keyboard/landscape not verified; exact limitations in UI.md.",Complete remaining acceptance scenarios from UI.md on approved live accounts and authorized role fixtures; retain local/live distinction.,,"{""previous_labels"":{""discovery"":""CURRENT_SOURCE_REVIEWED"",""implementation"":""PARTIAL"",""local"":""PARTIAL_LOCAL"",""live"":""NOT_VERIFIED""},""meaning"":""Allowed status vocabulary only. Discovery/source inspection is not acceptance. Partial evidence remains FIXED_UNVERIFIED; read the acceptance, evidence and blocker.""}"
PDF-085,P1,inbox,"PDF pages 15, 23",Offer an authorized return-to-AI action with explicit reason/ownership handling.,Eligible operator restores AI and UI reflects runtime state; unauthorized/cross-tenant actions fail.,All configured; ProTouch and Or-On required,inbox,Authorized operator / service principal,apps/web/src/features/inbox; apps/web/src/features/inbox-templates; apps/web/src/features/tickets; apps/web/src/app/workspace-details.css; packages/ts/crm/src/tickets.ts,VERIFIED_LOCAL,FIXED_UNVERIFIED,FIXED_UNVERIFIED,NOT_CHECKED,Read exact acceptance; mocks do not establish provider acceptance,"Preserved upstream authorized ownership controls, reachable from new banner. Full role/runtime return-to-AI flow not executed in this browser pass.","Current-source focused web run:10 files,99 tests passed; typecheck passed. Real browser on owned isolated PostgreSQL fixture DB. Full suite tracked separately.",docs/readiness/poc-rescue-local/UI.md; .artifacts/poc-rescue-local/ui/final-*; responsive-route-evidence.json; rendered-route-evidence.json,635d245 includes deployed42eebac2; subsequent scoped UI commit,"Live provider catalog/sends, all roles/tenants and physical-device keyboard/landscape not verified; exact limitations in UI.md.",Complete remaining acceptance scenarios from UI.md on approved live accounts and authorized role fixtures; retain local/live distinction.,,"{""previous_labels"":{""discovery"":""CURRENT_SOURCE_REVIEWED"",""implementation"":""PARTIAL"",""local"":""PARTIAL_LOCAL"",""live"":""NOT_VERIFIED""},""meaning"":""Allowed status vocabulary only. Discovery/source inspection is not acceptance. Partial evidence remains FIXED_UNVERIFIED; read the acceptance, evidence and blocker.""}"
PDF-086,P1,inbox,"PDF pages 15, 23, 30","Provide a tenant-scoped failures screen including dead jobs and unknown-send outcomes, with safe authorized retry.",Operator sees every relevant failure within one minute; retries preserve idempotency and do not resend unknown accepted messages blindly.,All configured; ProTouch and Or-On required,inbox,Authorized operator / service principal,UI.md; WHATSAPP.md,VERIFIED_LOCAL,FIXED_UNVERIFIED,FIXED_UNVERIFIED,NOT_CHECKED,Read exact acceptance; mocks do not establish provider acceptance,"Existing operational views expose durable failures and delivery unknown states; browser route inventory covers operations. Safe retry semantics covered by worker/store tests, not every failure UI action.",Operations route browser inspection and messaging ambiguity/idempotency tests.,UI.md; WHATSAPP.md,DEV42eebac2/schemafc6e851f3ba0; candidate checkpoints635d245..6afa941;8d32f4a91c70 pending final validation; finalcandidate 0331908b56edf737bf970c7bb5fa174450310eb8; schema9e43a5b02d81/139revisions,Full failure-screen role/retry browser acceptance remains incomplete.,Exercise dead and unknown-send failures per role; unknown sends must not auto-replay.,,
PDF-087,P1,metering,"PDF pages 16, 23","Write usage_events for every model call with tenant, agent, version, model and response usage; measure cost per tenant and agent.",Reconcile successful/failed/retried real calls with usage records and provider totals; attribute no event to another tenant.,All configured; ProTouch and Or-On required,metering,Authorized operator / service principal,VOICE.md; WHATSAPP.md,VERIFIED_LOCAL,VERIFIED_LOCAL,VERIFIED_LOCAL,BLOCKED,Read exact acceptance; mocks do not establish provider acceptance,Existing model usage ledger/spool preserves tenant/agent/version/model attribution and retry checkpoints across voice and messaging.,"Actual PostgreSQL voice_model_usage/messaging_usage and worker accounting spool suites.; For controlled session0af0ed12, CRM exposes measured LLM/STT/TTS usage but telephony:unknown is explicitly unpriced. Twilio separately reports USD0.06060. This is not reconciled application telephony costing or complete all-call/retry coverage.",VOICE.md; WHATSAPP.md; .artifacts/poc-rescue-local/live-voice-60f26bf-artifact-readback.json; .artifacts/poc-rescue-local/live-voice-60f26bf-provider.json,Live 60f26bfe1775997da1fb5159ec9e09a08246068b; schema 9e43a5b02d81 (139 revisions); deployed 2026-10-04T23:06Z,"One live session has model usage/cost data, but complete tenant/agent/version coverage across calls, retries and failures and provider reconciliation remain unverified.",Compare controlled real provider receipt usage with one canonical ledger entry per model attempt.,"[{""as_of"":""Before October5 live60f26bf evidence refresh"",""superseded_fields"":{""tests"":""Actual PostgreSQL voice_model_usage/messaging_usage and worker accounting spool suites."",""evidence"":""VOICE.md; WHATSAPP.md"",""revision"":""DEV42eebac2/schemafc6e851f3ba0; candidate checkpoints635d245..6afa941;8d32f4a91c70 pending final validation; finalcandidate 0331908b56edf737bf970c7bb5fa174450310eb8; schema9e43a5b02d81/139revisions"",""blocker"":""No live per-tenant cost reconciliation for new candidate.""},""reason"":""Preserve prior local/baseline evidence while distinguishing current deployment, controlled outbound success and remaining provider gates.""}]",
PDF-088,P1,metering,PDF pages 16,Review telephony pricing beyond a simple number-type classification and record enough provider/call detail for accurate costing.,Compare representative call cost calculations against configured provider tariffs and actual usage receipts; label unavailable rates.,All configured; ProTouch and Or-On required,metering,Authorized operator / service principal,packages/py/oron-common/src/oron_common/usage.py; packages/py/oron-agent/tests/test_cost.py; packages/py/oron-dispatcher/src/oron_dispatcher/outbound_routing.py,REPRODUCED,VERIFIED_LOCAL,VERIFIED_LOCAL,BLOCKED,"Keep source/unit, actual local container/DB, provider-read and live acceptance separate. Partial local checks never certify the full acceptance.","Removed inbound-number-based Telnyx attribution. CallContext identifies LiveKit transport, not an authoritative priced carrier; metadata/name guesses ignored. Unknown legs marked telephony:unknown in unpriced list. Existing safe account/trunk refs retained; no invented Twilio tariff.","61 common+cost tests passed0skip; local/tollfree/other-country inbound numbers and untrusted carrier metadata remain unpriced; historical explicit carrier rate tests retained.; For controlled session0af0ed12, CRM exposes measured LLM/STT/TTS usage but telephony:unknown is explicitly unpriced. Twilio separately reports USD0.06060. This is not reconciled application telephony costing or complete all-call/retry coverage.",docs/readiness/poc-rescue-local/VOICE.md; docs/readiness/poc-rescue-local/RUNBOOK.md; packages/py/oron-agent/tests/test_cost.py; .artifacts/poc-rescue-local/live-voice-60f26bf-artifact-readback.json; .artifacts/poc-rescue-local/live-voice-60f26bf-provider.json,Live 60f26bfe1775997da1fb5159ec9e09a08246068b; schema 9e43a5b02d81 (139 revisions); deployed 2026-10-04T23:06Z,Final live call is explicitly telephony:unknown/unpriced in CRM while the provider reports USD0.06060; authoritative tariff binding and reconciliation are incomplete.,Persist reviewed carrier tariff identity/receipt at verified route boundary and reconcile controlled usage against actual provider rates without guessing from DID.,"[{""as_of"":""Before October5 live60f26bf evidence refresh"",""superseded_fields"":{""tests"":""61 common+cost tests passed0skip; local/tollfree/other-country inbound numbers and untrusted carrier metadata remain unpriced; historical explicit carrier rate tests retained."",""evidence"":""docs/readiness/poc-rescue-local/VOICE.md; docs/readiness/poc-rescue-local/RUNBOOK.md; packages/py/oron-agent/tests/test_cost.py"",""revision"":""Current local rescue source after5ac8401 plus scoped release/carrier fixes; tested Python image525be698 and schema7c91e5a2b640 are earlier snapshots"",""blocker"":""Authoritative per-call carrier/tariff binding and representative provider invoice/usage reconciliation not yet available.""},""reason"":""Preserve prior local/baseline evidence while distinguishing current deployment, controlled outbound success and remaining provider gates.""}]",
PDF-089,P1,tests,"PDF pages 16, 23",Configure CRM_TEST_DATABASE_URL and required DB variables in CI so all ten Postgres CRM test files actually run.,CI report confirms executed database tests against supported Postgres/migration head rather than skipped success.,All configured; ProTouch and Or-On required,tests,Authorized operator / service principal,VERIFICATION.md; .github/workflows/ci.yml; scripts/preview_ui.py,VERIFIED_LOCAL,VERIFIED_LOCAL,VERIFIED_LOCAL,NOT_CHECKED,Read exact acceptance; mocks do not establish provider acceptance,CI database job runs isolated preview_ui --check-db plus dedicated persistence suites with actual PostgreSQL variables. Local rescue harness executes CRM741 cases with no DB skips; one fixture dependency corrected.,CRM740pass1fixturefailure then isolated corrected1pass; auth91; worker660.,VERIFICATION.md; .github/workflows/ci.yml; scripts/preview_ui.py,DEV42eebac2/schemafc6e851f3ba0; candidate checkpoints635d245..6afa941;8d32f4a91c70 pending final validation,Current branch has not run on GitHub CI.,Run exact reviewed SHA CI and retain DB test/skip inventory.,,
PDF-090,P1,tests,PDF pages 16,"Retain lint, typecheck, Python tests, migration checks and existing auth/tenant protections while adding meaningful end-to-end reply-path coverage.",Full required CI gates pass with no unexplained regressions; real-model/live-channel evidence is distinguished from stubs.,All configured; ProTouch and Or-On required,tests,Authorized operator / service principal,VERIFICATION.md; UI.md; VOICE.md; WHATSAPP.md,VERIFIED_LOCAL,FIXED_UNVERIFIED,FIXED_UNVERIFIED,NOT_CHECKED,Read exact acceptance; mocks do not establish provider acceptance,Retained lint/typecheck/architecture/security/migrations and actual DB suites; current source still evolves for Coexistence/infra fixes.,Current scoped suites recorded separately; rootlint/typecheck passed before latest patches.,VERIFICATION.md; UI.md; VOICE.md; WHATSAPP.md,DEV42eebac2/schemafc6e851f3ba0; candidate checkpoints635d245..6afa941;8d32f4a91c70 pending final validation,Final candidate builds and integrated smoke pending.,Run final changed-scope checks and exact image acceptance after checkpoints.,,
PDF-091,P0,backup-security,"PDF pages 16, 18","Create off-host database backups in a different-region GCS bucket with versioning, protected retention, hourly dumps and failure alerts.",Inspect effective location/retention/ACL/job schedule and alert; loss of source disk does not remove all restorable copies.,All configured; ProTouch and Or-On required,backup-security,Authorized operator / service principal,CLOUD-SECURITY.md,REPRODUCED,REPRODUCED,FIXED_UNVERIFIED,BLOCKED,Read exact acceptance; mocks do not establish provider acceptance,Current actual DEV nightly local backup is successful; GCS bucket same region with7day soft deletion. Alternate upload tooling exists but hourly/different-region protected backup not demonstrated.,Read-only bucket/timer/service evidence; local backup/restore contracts.,CLOUD-SECURITY.md,DEV42eebac2/schemafc6e851f3ba0; candidate checkpoints635d245..6afa941;8d32f4a91c70 pending final validation,New storage/retention/scheduling and notification setup require reviewed cloud plan.,Prepare different-region cost/access/retention plan; verify atomic archive+checksum upload and failure delivery.,,
PDF-092,P0,backup-security,"PDF pages 16, 18",Escrow FIELD_CIPHER_LOCAL_KEY and BLIND_INDEX_KEY in a protected secret manager separately from the single VM disk.,Authorized restore host can retrieve correct versions and decrypt a non-sensitive test encrypted field without source disk or plaintext key exposure.,All configured; ProTouch and Or-On required,backup-security,Authorized operator / service principal,CLOUD-SECURITY.md,VERIFIED_LIVE,FIXED_UNVERIFIED,NOT_CHECKED,BLOCKED,Read exact acceptance; mocks do not establish provider acceptance,"Secret Manager contains both encryption/blind-index secret references; host probe cannot access values, so matching versions remain unknown.",Secret names only; no secret values printed or copied.,CLOUD-SECURITY.md; CLOUD-SECURITY.md; escrow-access-result.json,DEV42eebac2/schemafc6e851f3ba0; candidate checkpoints635d245..6afa941;8d32f4a91c70 pending final validation,Existing deployment identity was explicitly denied latest key payload access for both protected secret references; match to runtime and production decryption remain unknown. No IAM permission expansion performed.,Use authorized recovery identity to compare keys privately and decrypt restored field; do not rotate encryption key blindly.,,
PDF-093,P0,backup-security,"PDF pages 16, 18, 27","Perform a complete restore to a separate VM including encrypted-field decryption, then schedule monthly restore drills.","Document backup identity, restore timings, migration/runtime readiness, representative decryption checks and retained audit evidence.",All configured; ProTouch and Or-On required,backup-security,Authorized operator / service principal,RUNBOOK.md; CLOUD-SECURITY.md,REPRODUCED,FIXED_UNVERIFIED,FIXED_UNVERIFIED,BLOCKED,Read exact acceptance; mocks do not establish provider acceptance,"Restore tooling validates release, schema, role owners/grants, FORCE RLS and object checksums; enriched fictional encrypted restore drill underway.","Final033/schema9e restore:1,790,630-byte fictional dump,29.689seconds; schema/head/table/forced-RLS parity, scoped contact read, encrypted field decryption, wrong-key/tenant rejection and object checksum pass. Same Docker host; no production data/key or worker replay.",CONTAINER-ACCEPTANCE.md; RUNBOOK.md; .artifacts/poc-rescue-local/container-stack/recover.json,0331908/schema9e43a5b02d81,Separate recovery host and monthly drill scheduling not authorized/configured.,Finish local encrypted restore then approve isolated off-host restore and monthly operational schedule.,,
PDF-094,P0,backup-security,PDF pages 16,Rotate exposed access tokens/passwords safely; rotate data-encryption keys only using a backward-compatible versioned keyring.,Old access credentials are revoked; existing ciphertext remains readable and new writes use current key version; rollback plan tested.,All configured; ProTouch and Or-On required,backup-security,Authorized operator / service principal,VERIFICATION.md; CLOUD-SECURITY.md,VERIFIED_LOCAL,NOT_APPLICABLE_WITH_EVIDENCE,VERIFIED_LOCAL,NOT_CHECKED,Read exact acceptance; mocks do not establish provider acceptance,Repository secret scan passed. No newly exposed credential value identified by this investigation; production exposure history remains unknown. No encryption key rotated.,scripts/check_secrets.py passed at checkpoint; scoped redaction checks.,VERIFICATION.md; CLOUD-SECURITY.md,DEV42eebac2/schemafc6e851f3ba0; candidate checkpoints635d245..6afa941;8d32f4a91c70 pending final validation,No specific compromised credential identified for safe revocation plan.,"Re-run final scan; if exposure confirmed, rotate exact access credential and preserve versioned decryption keyring.",,
PDF-095,P0,backup-security,"PDF pages 16, 18",Remove public SSH/RDP exposure and restrict SSH through tested IAP/access controls.,Verify replacement admin access first; firewall scan/config shows no 0.0.0.0/0 SSH/RDP exposure and authorized recovery access remains.,All configured; ProTouch and Or-On required,backup-security,Authorized operator / service principal,CLOUD-SECURITY.md,REPRODUCED,FIXED_UNVERIFIED,NOT_CHECKED,BLOCKED,Read exact acceptance; mocks do not establish provider acceptance,IAP SSH allow800/public deny900 verified and IAP access works. Public RDP network allow remains; no RDP listener. Targeted deny plan prepared.,Read-only effective target tags/firewall rule inventory plus ss listener check.,CLOUD-SECURITY.md,DEV42eebac2/schemafc6e851f3ba0; candidate checkpoints635d245..6afa941;8d32f4a91c70 pending final validation,Firewall mutation requires explicit infrastructure approval.,"Approve targeted TCP3389 deny after verifying tag scope, then retest IAP and ingress policy.",,
PDF-096,P1,backup-security,PDF pages 16,Separate secrets per service and avoid sharing AUTH_SERVICE_SECRET broadly; load secrets from Secret Manager at startup.,Least-privilege service inventory shows required credentials only; rotate/restart path is documented and no request-time secret lookup bottleneck exists.,All configured; ProTouch and Or-On required,backup-security,Authorized operator / service principal,CLOUD-SECURITY.md; scripts/render_deployment_config.ts,REPRODUCED,FIXED_UNVERIFIED,FIXED_UNVERIFIED,BLOCKED,Read exact acceptance; mocks do not establish provider acceptance,Separate per-service env files exist but actual web/worker/control/dispatcher share AUTH_SERVICE_SECRET. Host escrow access unavailable.,Private equality probe reports4services/1distinct shared secret without values.,CLOUD-SECURITY.md; scripts/render_deployment_config.ts,DEV42eebac2/schemafc6e851f3ba0; candidate checkpoints635d245..6afa941;8d32f4a91c70 pending final validation,Per-service authentication scope migration and startup secret permissions require coordinated rollout.,Define caller/audience-specific secret references and backwards-compatible rotation/rollback before activation.,,
PDF-097,P0,tenant-isolation,"PDF pages 16, 17",Preserve FORCE RLS and non-superuser runtime isolation; use dedicated access functions for intentionally shared phone routing/membership/auth-token tables rather than blanket RLS changes.,Role/grant inventory and adversarial cross-tenant tests confirm no direct unauthorized access through shared tables/functions.,All configured; ProTouch and Or-On required,tenant-isolation,Authorized operator / service principal,PROCESS-DB-POOL.md; VERIFICATION.md; db/tests/postgres/test_rls_and_roles.py,VERIFIED_LOCAL,VERIFIED_LOCAL,VERIFIED_LOCAL,VERIFIED_LIVE,Read exact acceptance; mocks do not establish provider acceptance,FORCE RLS and dedicated capability functions retained; runtime web/voice/messaging non-superuser/noBYPASSRLS/noCREATEDB/noCREATEROLE confirmed. Local concurrent tenant/role-negative tests pass.,Actual runtime role metadata and local RLS/auth/claims/tenant suites.,PROCESS-DB-POOL.md; VERIFICATION.md; db/tests/postgres/test_rls_and_roles.py,DEV42eebac2/schemafc6e851f3ba0; candidate checkpoints635d245..6afa941;8d32f4a91c70 pending final validation,New Coexistence migration needs its independent RLS review/test.,Reverify new tables/functions and final candidate schema; do not broaden runtime grants.,,
PDF-098,P0,deployment,"PDF pages 13, 18, 24","Ensure all failed deploy paths execute rollback (including explicit exit 1), using a success flag and EXIT cleanup or equivalent.","Simulate voice wait timeout, unhealthy service and migration-compatible failure; previous healthy app/webhook/worker restores within two minutes.",All configured; ProTouch and Or-On required,deployment,Authorized operator / service principal,scripts/deploy-dev.sh; scripts/tests/test_deployment_rollback_exit.py; scripts/tests/test_deploy_rollback.py,REPRODUCED,VERIFIED_LOCAL,VERIFIED_LOCAL,BLOCKED,"Keep source/unit, actual local container/DB, provider-read and live acceptance separate. Partial local checks never certify the full acceptance.","Installed early EXIT/signal guard after private snapshot; restore config/deployed marker on failed preflight, then restore before old-image restart; failed config restore blocks restart. Existing bounded EXIT application rollback and schema-advance refusal retained.","172 release/recovery/restore tests passed0skip16.06s after all changes. Real networkless Bash drills cover exit1,false,143 with existing/missing sweeper and deployed marker restoration; failed private restore prevents restart.",docs/readiness/poc-rescue-local/RUNBOOK.md; .artifacts/poc-rescue-local/release-audit-final-tests.log; .artifacts/poc-rescue-local/container-stack/python-runtime-acceptance.json,Current local rescue source after5ac8401 plus scoped release/carrier fixes; tested Python image525be698 and schema7c91e5a2b640 are earlier snapshots,Two-minute actual app/webhook/worker rollback under all deployment failures not yet proven; advanced schema intentionally blocks old-image restart.,Run coordinated candidate failure/compatibility drill with timed runtime recovery; preserve advanced-schema refusal.,,
PDF-099,P0,deployment,"PDF pages 18, 24",Stop automatic unreviewed production deployment on every push; use an explicit controlled deployment gate.,CI/environment protection demonstrates deployments require authorized gate while normal code verification still runs.,All configured; ProTouch and Or-On required,deployment,Authorized operator / service principal,.github/workflows/ci.yml; scripts/tests/test_ci_manual_deploy.py; scripts/tests/test_deployment_safety.py,VERIFIED_LOCAL,VERIFIED_LOCAL,VERIFIED_LOCAL,BLOCKED,"Keep source/unit, actual local container/DB, provider-read and live acceptance separate. Partial local checks never certify the full acceptance.",Deployment/image publication requires workflow_dispatch deploy_dev=true and exact expected_commit before cloud authentication; ordinary verification remains on PR/push.,Manual-gate/exact-commit tests included in172-case release group; no CI deployment triggered.; Authorized manual live publication/deployment of exact60f succeeded; this is not a GitHub protected-environment enforcement test.,docs/readiness/poc-rescue-local/RUNBOOK.md; .artifacts/poc-rescue-local/release-audit-final-tests.log; .artifacts/poc-rescue-local/container-stack/python-runtime-acceptance.json; docs/readiness/poc-rescue-local/LIVE-ACTIVATION.md; .artifacts/poc-rescue-local/release-60f26bfe1775997da1fb5159ec9e09a08246068b/release-receipt.json,Live 60f26bfe1775997da1fb5159ec9e09a08246068b; schema 9e43a5b02d81 (139 revisions); deployed 2026-10-04T23:06Z,This release was explicitly user-authorized and deployed through the reviewed exact-commit procedure. Repository/environment reviewer protection and WIF policy still need their separate authoritative verification.,Verify actual CI/environment protection and WIF policy; retain the user authorization and exact release receipt.,"[{""as_of"":""Before October5 live60f26bf evidence refresh"",""superseded_fields"":{""tests"":""Manual-gate/exact-commit tests included in172-case release group; no CI deployment triggered."",""evidence"":""docs/readiness/poc-rescue-local/RUNBOOK.md; .artifacts/poc-rescue-local/release-audit-final-tests.log; .artifacts/poc-rescue-local/container-stack/python-runtime-acceptance.json"",""revision"":""Current local rescue source after5ac8401 plus scoped release/carrier fixes; tested Python image525be698 and schema7c91e5a2b640 are earlier snapshots"",""blocker"":""Repository/environment protection and corrected WIF condition require authoritative review; no live dispatch/deployment proof."",""next_action"":""Review actual environment reviewers/permissions and current WIF repo condition; only explicitly approve exact commit for release.""},""reason"":""Preserve prior local/baseline evidence while distinguishing current deployment, controlled outbound success and remaining provider gates.""}]",
PDF-100,P0,deployment,"PDF pages 23, 24",Deploy without taking WhatsApp down; decouple voice drain/failure from web and messaging availability.,Monitor live synthetic WhatsApp/webhook path through active-call deployment and failure rollback.,All configured; ProTouch and Or-On required,deployment,Authorized operator / service principal,scripts/deploy-dev.sh,REPRODUCED,REPRODUCED,REPRODUCED,BLOCKED,"Keep source/unit, actual local container/DB, provider-read and live acceptance separate. Partial local checks never certify the full acceptance.","Preserved messaging availability during voice wait. Deployment still stops messaging-worker/web/Caddy before database backup/migration, so full zero-outage acceptance is not met.","Actual Bash stop-order and bounded rollback control-flow tests pass; root owns upcoming full Compose dependency/failure drill.; Final033 actual Compose: controlAPI stopped with web200/workerready/signedcallback200; dispatcher stopped with web200/workerready/callback502, then recovery. Database outage returns readiness503/callback503 and recovers.",docs/readiness/poc-rescue-local/RUNBOOK.md; .artifacts/poc-rescue-local/release-audit-final-tests.log; .artifacts/poc-rescue-local/container-stack/python-runtime-acceptance.json; CONTAINER-ACCEPTANCE.md,Current local rescue source after5ac8401 plus scoped release/carrier fixes; tested Python image525be698 and schema7c91e5a2b640 are earlier snapshots,Maintenance boundary intentionally stops messaging; no live synthetic WhatsApp through active-call migration/rollback.,Review a migration-compatible availability design and verify real webhook/reply continuity with timestamped controlled deployment.,,
PDF-101,P1,deployment,"PDF pages 23, 24",Remove unnecessary web/worker dependency on control-api; depend only on services actually required such as Postgres.,Stop control-api in controlled environment and verify messaging ingestion/reply and relevant web paths continue.,All configured; ProTouch and Or-On required,deployment,Authorized operator / service principal,infra/compose/deployment.yaml; infra/scripts/readiness_stack.py; .artifacts/poc_stack.py,VERIFIED_LOCAL,VERIFIED_LOCAL,FIXED_UNVERIFIED,BLOCKED,"Keep source/unit, actual local container/DB, provider-read and live acceptance separate. Partial local checks never certify the full acceptance.","Production-shaped web/worker startup depends on PostgreSQL, not Control API. Local wrapper dependency action stops Control API, smoke/callback checks, then restores it.",Source/config tests pass; complete runtime dependency drill assigned to root after TS images.,docs/readiness/poc-rescue-local/RUNBOOK.md; .artifacts/poc-rescue-local/release-audit-final-tests.log; .artifacts/poc-rescue-local/container-stack/python-runtime-acceptance.json,Current local rescue source after5ac8401 plus scoped release/carrier fixes; tested Python image525be698 and schema7c91e5a2b640 are earlier snapshots,Actual authenticated web and messaging reply/ingestion with Control API stopped not yet recorded by this workstream.,Root execute wrapper dependency with final images and append precise runtime evidence.,,
PDF-102,P1,deployment,"PDF pages 7, 23, 25","Add worker and Caddy healthchecks, worker heartbeat and a controlled autoheal mechanism for unhealthy containers.","Freeze/kill each relevant process and verify detection, bounded restart and recovery without restart storm.",All configured; ProTouch and Or-On required,deployment,Authorized operator / service principal,scripts/recover_unhealthy.py; infra/deployment/systemd/oron-dev-recovery.service; scripts/deploy-dev.sh; db/contracts/schema-manifest.json,REPRODUCED,VERIFIED_LOCAL,VERIFIED_LOCAL,BLOCKED,"Keep source/unit, actual local container/DB, provider-read and live acceptance separate. Partial local checks never certify the full acceptance.","Found packaged release lacked recovery helper/schema manifest despite unit expecting them. Added helper,manifest,recovery units to strict payload allowlist/tests; root aligns CI payload. Installation/enablement remains opt-in. Budget/cooldown/schema/DB guards retained.",172-case group includes actual release extraction/CI payload and recovery budget/guard tests. Candidate Python health and delayed PostgreSQL TCP readiness verified separately.,docs/readiness/poc-rescue-local/RUNBOOK.md; .artifacts/poc-rescue-local/release-audit-final-tests.log; .artifacts/poc-rescue-local/container-stack/python-runtime-acceptance.json; docs/readiness/poc-rescue-local/LIVE-ACTIVATION.md; .artifacts/poc-rescue-local/release-60f26bfe1775997da1fb5159ec9e09a08246068b/release-receipt.json,Live 60f26bfe1775997da1fb5159ec9e09a08246068b; schema 9e43a5b02d81 (139 revisions); deployed 2026-10-04T23:06Z,"All seven live services passed health checks and existing systemd units matched the reviewed release. Induced freeze/kill detection, timer enablement and bounded recovery/no-storm acceptance remain unverified here.",Coordinate networkless/final-stack process faults and explicit opt-in recovery activation only after review.,"[{""as_of"":""Before October5 live60f26bf evidence refresh"",""superseded_fields"":{""evidence"":""docs/readiness/poc-rescue-local/RUNBOOK.md; .artifacts/poc-rescue-local/release-audit-final-tests.log; .artifacts/poc-rescue-local/container-stack/python-runtime-acceptance.json"",""revision"":""Current local rescue source after5ac8401 plus scoped release/carrier fixes; tested Python image525be698 and schema7c91e5a2b640 are earlier snapshots"",""blocker"":""Actual frozen worker/Caddy detection, bounded restart and no-restart-storm test still pending; timer not enabled.""},""reason"":""Preserve prior local/baseline evidence while distinguishing current deployment, controlled outbound success and remaining provider gates.""}]",
PDF-103,P1,infrastructure,"PDF pages 8, 23, 25","Move off shared-core and overcommitted memory to a capacity-tested host; final plan specifies 16 GB, memory/swap limits and zero swap.","Record capacity decision, effective container limits and load metrics; no sustained swap/OOM under accepted WhatsApp+voice load.",All configured; ProTouch and Or-On required,infrastructure,Authorized operator / service principal,infra/compose/deployment.yaml; .artifacts/poc-rescue-local/remote-inventory.txt,REPRODUCED,BLOCKED,FIXED_UNVERIFIED,REPRODUCED,"Keep source/unit, actual local container/DB, provider-read and live acceptance separate. Partial local checks never certify the full acceptance.",No host resizing/provisioning. Source has container memory/CPU limits; remote observed e2-medium4GB with nonzero swap remains below requested16GB/zero-swap gate.,Actual parent remote inventory; local candidate process/artifact smoke is not accepted host load.,docs/readiness/poc-rescue-local/RUNBOOK.md; .artifacts/poc-rescue-local/release-audit-final-tests.log; .artifacts/poc-rescue-local/container-stack/python-runtime-acceptance.json,Current local rescue source after5ac8401 plus scoped release/carrier fixes; tested Python image525be698 and schema7c91e5a2b640 are earlier snapshots,Capacity decision and approved host change absent; accepted concurrent WhatsApp/voice stress/OOM/swap evidence absent.,"Review measured workload and capacity/cost plan, then authorized load trial on intended host before scaling or enabling voice.",,
PDF-104,P1,infrastructure,"PDF pages 23, 25",Run voice dispatcher on a separate host when voice goes live so voice pressure does not affect messaging/database.,Voice saturation/termination test cannot degrade WhatsApp availability or violate isolation.,All configured; ProTouch and Or-On required,infrastructure,Authorized operator / service principal,infra/compose/deployment.yaml; docs/readiness/poc-rescue-local/RUNBOOK.md,REPRODUCED,BLOCKED,NOT_CHECKED,BLOCKED,"Keep source/unit, actual local container/DB, provider-read and live acceptance separate. Partial local checks never certify the full acceptance.",Current topology remains one host. No separate voice host provisioned; document separate-host saturation gate.,No independent-host voice pressure test.,docs/readiness/poc-rescue-local/RUNBOOK.md; .artifacts/poc-rescue-local/release-audit-final-tests.log; .artifacts/poc-rescue-local/container-stack/python-runtime-acceptance.json,Current local rescue source after5ac8401 plus scoped release/carrier fixes; tested Python image525be698 and schema7c91e5a2b640 are earlier snapshots,Separate-host plan/provisioning and accepted messaging isolation load test missing.,"Approve topology/network/credential boundaries, then prove voice saturation/termination cannot degrade messaging.",,
PDF-105,P1,infrastructure,"PDF pages 14, 25",Decommission oron-livekit only after replacement voice go-live gate succeeds and its database dump/snapshot is captured and verified.,"Explicit inventory confirms replacement works, retained backup is usable and decommissioning is authorized; do not delete prematurely.",All configured; ProTouch and Or-On required,infrastructure,Authorized operator / service principal,docs/readiness/poc-rescue-local/RUNBOOK.md; docs/readiness/poc-rescue-local/VOICE.md,VERIFIED_LOCAL,BLOCKED,NOT_CHECKED,BLOCKED,"Keep source/unit, actual local container/DB, provider-read and live acceptance separate. Partial local checks never certify the full acceptance.",No legacy host deletion/decommissioning. Replacement inbound and caller-ID gates remain incomplete; runbook explicitly blocks premature removal.,"No replacement20call/DID proof, independently verified legacy dump/snapshot or authorized decommissioning.",docs/readiness/poc-rescue-local/RUNBOOK.md; .artifacts/poc-rescue-local/release-audit-final-tests.log; .artifacts/poc-rescue-local/container-stack/python-runtime-acceptance.json,Current local rescue source after5ac8401 plus scoped release/carrier fixes; tested Python image525be698 and schema7c91e5a2b640 are earlier snapshots,Replacement go-live/backup gates and decommission authorization not satisfied.,Keep legacy host; inventory and verify retained restore before any separately approved decommission.,,
PDF-106,P1,infrastructure,PDF pages 25,Keep pre-deploy backup database-focused and move recordings to durable object storage rather than tarring all recordings on the small system disk.,Deploy backup size/time is bounded and recording retention/retrieval remains intact.,All configured; ProTouch and Or-On required,infrastructure,Authorized operator / service principal,scripts/backup-dev.sh; scripts/deploy-dev.sh; packages/py/oron-agent/src/oron_agent/storage.py,VERIFIED_LOCAL,VERIFIED_LOCAL,VERIFIED_LOCAL,BLOCKED,"Keep source/unit, actual local container/DB, provider-read and live acceptance separate. Partial local checks never certify the full acceptance.",Existing deploy invokes database-only backup under deploy lock; full scheduled backup still includes objects. Persistent owned recording staging/copy/cleanup tested; production durable object-storage move not performed.,Actual synthetic tar creation/checksum tests for database-only/full modes in172-case group; candidate20artifactuploads and cross-service read succeeded.; Full pre-activation backup20261004T222802Z and pre-voice-repair backup20261004T225532Z retained; deployer also made database-only migration backup.,docs/readiness/poc-rescue-local/RUNBOOK.md; .artifacts/poc-rescue-local/release-audit-final-tests.log; .artifacts/poc-rescue-local/container-stack/python-runtime-acceptance.json; docs/readiness/poc-rescue-local/LIVE-ACTIVATION.md; .artifacts/poc-rescue-local/live-voice-60f26bf-artifact-readback.json,Live 60f26bfe1775997da1fb5159ec9e09a08246068b; schema 9e43a5b02d81 (139 revisions); deployed 2026-10-04T23:06Z,Actual pre-deploy database-only backups and separate full backup snapshots exist. One controlled call artifact was retrieved through the private CRM route; bounded backup size/time and off-host retention/recovery acceptance remain incomplete.,Retain backup receipts; measure backup timing/size and verify off-host recording retention/restore separately.,"[{""as_of"":""Before October5 live60f26bf evidence refresh"",""superseded_fields"":{""tests"":""Actual synthetic tar creation/checksum tests for database-only/full modes in172-case group; candidate20artifactuploads and cross-service read succeeded."",""evidence"":""docs/readiness/poc-rescue-local/RUNBOOK.md; .artifacts/poc-rescue-local/release-audit-final-tests.log; .artifacts/poc-rescue-local/container-stack/python-runtime-acceptance.json"",""revision"":""Current local rescue source after5ac8401 plus scoped release/carrier fixes; tested Python image525be698 and schema7c91e5a2b640 are earlier snapshots"",""blocker"":""Actual bounded live backup size/time and durable off-host recording retention/retrieval not verified."",""next_action"":""Measure actual database-only backup and review object-store retention/keys/restore without tarring all recordings on deployment.""},""reason"":""Preserve prior local/baseline evidence while distinguishing current deployment, controlled outbound success and remaining provider gates.""}]",
PDF-107,P2,deployment,PDF pages 25,Set systemd stop timeout to cover the complete stop/drain chain (document proposes 240 seconds instead of 120).,Measure actual shutdown chain and verify service manager does not force-kill before allowed drain/finalization.,All configured; ProTouch and Or-On required,deployment,Authorized operator / service principal,infra/deployment/systemd/oron-dev.service; infra/compose/deployment.yaml; scripts/deploy-dev.sh,VERIFIED_LOCAL,VERIFIED_LOCAL,VERIFIED_LOCAL,BLOCKED,"Keep source/unit, actual local container/DB, provider-read and live acceptance separate. Partial local checks never certify the full acceptance.",Template TimeoutStopSec240 and dispatcher grace120 retained; deploy compares installed unit bytes and refuses drift rather than auto-installing.,Shutdown/drain source control-flow tests pass; runtime finalization tested locally; no active-call systemd shutdown timing.,docs/readiness/poc-rescue-local/RUNBOOK.md; .artifacts/poc-rescue-local/release-audit-final-tests.log; .artifacts/poc-rescue-local/container-stack/python-runtime-acceptance.json; docs/readiness/poc-rescue-local/LIVE-ACTIVATION.md,Live 60f26bfe1775997da1fb5159ec9e09a08246068b; schema 9e43a5b02d81 (139 revisions); deployed 2026-10-04T23:06Z,Installed live systemd unit parity passed deployment verification. Active-call drain/finalization duration under the complete stop budget remains unmeasured.,Measure the authorized active-call shutdown chain; preserve the verified unit parity separately.,"[{""as_of"":""Before October5 live60f26bf evidence refresh"",""superseded_fields"":{""evidence"":""docs/readiness/poc-rescue-local/RUNBOOK.md; .artifacts/poc-rescue-local/release-audit-final-tests.log; .artifacts/poc-rescue-local/container-stack/python-runtime-acceptance.json"",""revision"":""Current local rescue source after5ac8401 plus scoped release/carrier fixes; tested Python image525be698 and schema7c91e5a2b640 are earlier snapshots"",""blocker"":""Actual service-manager chain duration and installed live unit parity not evidenced here."",""next_action"":""Read installed unit; separately review any repair, then measure active-call drain/finalization below complete stop budget.""},""reason"":""Preserve prior local/baseline evidence while distinguishing current deployment, controlled outbound success and remaining provider gates.""}]",
PDF-108,P1,deployment,PDF pages 26,Test old application images against the new migration head before relying on application rollback.,CI starts the immediately previous version on migrated schema and runs critical auth/messaging/voice compatibility checks.,All configured; ProTouch and Or-On required,deployment,Authorized operator / service principal,scripts/deploy-dev.sh; infra/scripts/readiness_stack.py; docs/readiness/poc-rescue-local/RUNBOOK.md,REPRODUCED,VERIFIED_LOCAL,FIXED_UNVERIFIED,BLOCKED,"Keep source/unit, actual local container/DB, provider-read and live acceptance separate. Partial local checks never certify the full acceptance.",Capability-aware queue claims prevent old workers from consuming Coexistence events. Actual old web history parser remains ineligible after feature activation.,LOCAL scope: exact42 images against9e pass12 HTTP auth/CRM/tenant checks plus real voice DB-adapter and signed/dedup callback checks. Oldworker8d failed4Coex;9e leaves4received/attempts0. Packaged033 migration bytes verified. Forward033 compiled apps pass12HTTP/voice checks and consume valid preserved Coex with0jobs/modelcalls/sends; invalid original fixtures retained/rejected. Automated previous-image CI execution not completed.,"CONTAINER-ACCEPTANCE.md; RUNBOOK.md; previous-image-compat/{old-app-functional,old-voice-functions,old-worker-coexistence-9e43a5b02d81,packaged-migration,forward-app-functional,forward-voice-functions,forward-worker-recovery,old-parser-probe}.json",actual42eebac2 and0331908; schema9e43a5b02d81,Old-web rollback after Coexistence activation prohibited; trusted CI execution and live availability/RTO remain unverified.,"Retain a capable ingress after activation; run the reviewed compatibility checks in authorized CI before live rollout, without downgrading schema.",,
PDF-109,P2,infrastructure,"PDF pages 3, 26","Evaluate single-zone Cloud SQL with PITR only after checking all migrations, function owners and non-superuser RLS grants.",Decision record compares current database reliability/cost and validates migration/permission compatibility; no premature database move.,All configured; ProTouch and Or-On required,infrastructure,Authorized operator / service principal,scripts/restore-dev-backup.py; db/contracts/schema-manifest.json; docs/readiness/poc-rescue-local/RUNBOOK.md,VERIFIED_LOCAL,FIXED_UNVERIFIED,FIXED_UNVERIFIED,BLOCKED,"Keep source/unit, actual local container/DB, provider-read and live acceptance separate. Partial local checks never certify the full acceptance.",Decision record compares current VM with single-zone managed PostgreSQL/PITR; defer migration until all138 revisions/function owners/restricted roles verified under managed admin privileges. No new service provisioned.,Local migration/RLS/restore tests pass; official provider role/PITR requirements reviewed; no managed-service trial.,CLOUD-SECURITY.md managed PostgreSQL decision; db_verify offline138revisions/1head,Current local rescue source after5ac8401 plus scoped release/carrier fixes; tested Python image525be698 and schema7c91e5a2b640 are earlier snapshots,"Authorized isolated managed pilot, actual cost estimate and security/migration compatibility still required.",Obtain sizing/cost approval; run complete migration and runtime-role/restore suite on isolated managed target before any move.,,
PDF-110,P0,release-process,"PDF pages 17, 26, 29","Put every behavior change behind a tenant flag, start with one tenant and require 48 hours of health before widening.",Flag inventory ties changes to canary tenant; dashboard records 48-hour observation and unaffected tenants; expansion is held if not elapsed.,All configured; ProTouch and Or-On required,release-process,Authorized operator / service principal,WHATSAPP.md; COEXISTENCE-GAP.md; packages/ts/crm/src/remediation-flags.postgres.test.ts,REPRODUCED,FIXED_UNVERIFIED,FIXED_UNVERIFIED,BLOCKED,Read exact acceptance; mocks do not establish provider acceptance,Remediation flags default off; no live remediation rows. New Coexistence activation default off perchannel. Local flag rollback and authorization tested. UI/security fixes are not tenant-flagged.,Actual DB flag/admission tests; no elapsed observation claimed.,WHATSAPP.md; COEXISTENCE-GAP.md; packages/ts/crm/src/remediation-flags.postgres.test.ts,DEV42eebac2/schemafc6e851f3ba0; candidate checkpoints635d245..6afa941;8d32f4a91c70 pending final validation,Full48hour canary has not occurred and every behavior flag inventory not complete.,"Approve one-tenant candidate, monitor48hours before expansion, document intentionally unconditional safety fixes.",,
PDF-111,P0,release-process,"PDF pages 26, 29",Stop/disable any behavior change that lowers reply rate; rollback behavior with flags rather than schema rollback.,Exercise per-tenant flag rollback and show previous behavior works against current schema without data loss.,All configured; ProTouch and Or-On required,release-process,Authorized operator / service principal,WHATSAPP.md; RUNBOOK.md,VERIFIED_LOCAL,FIXED_UNVERIFIED,FIXED_UNVERIFIED,BLOCKED,Read exact acceptance; mocks do not establish provider acceptance,Behavior flags can be disabled without schema downgrade; revocation/final authorization remains enforced.,Local feature/revocation tests; previous-image/new-schema drill pending.,WHATSAPP.md; RUNBOOK.md,DEV42eebac2/schemafc6e851f3ba0; candidate checkpoints635d245..6afa941;8d32f4a91c70 pending final validation,No observed live reply-rate comparison or rollback activation.,Exercise per-tenant disable on same schema and certify previous images before live canary.,,
PDF-112,P1,release-process,"PDF pages 2, 21, 23, 29, 30",Fix verified reply defects in place; defer language rewrite/unified Agent Core until both channels are live and measured.,Change plan avoids freezing immediate repair for a rewrite and states unresolved strategic decisions separately.,All configured; ProTouch and Or-On required,release-process,Authorized operator / service principal,CHECKPOINT.md; branch diff,VERIFIED_LOCAL,VERIFIED_LOCAL,VERIFIED_LOCAL,NOT_APPLICABLE_WITH_EVIDENCE,Read exact acceptance; mocks do not establish provider acceptance,Repairs extend existing TypeScript/Python services; no language rewrite or unified Agent Core undertaken.,Actual current architecture/tools and source diff reviewed.,CHECKPOINT.md; branch diff,DEV42eebac2/schemafc6e851f3ba0; candidate checkpoints635d245..6afa941;8d32f4a91c70 pending final validation,,Continue immediate verified repairs; strategic rewrites remain deferred.,,
PDF-113,P1,release-process,"PDF pages 3, 26, 29, 30","Avoid premature Kubernetes/GKE, Cloud Run polling workers, Redis/Kafka/Vault, pgvector, private-memory/trust-epoch frameworks and cross-language telemetry rollout.",Choose additional infrastructure only if measured need and current FTS/queue/metrics limits establish justification.,All configured; ProTouch and Or-On required,release-process,Authorized operator / service principal,CHECKPOINT.md; branch diff,VERIFIED_LOCAL,VERIFIED_LOCAL,VERIFIED_LOCAL,NOT_APPLICABLE_WITH_EVIDENCE,Read exact acceptance; mocks do not establish provider acceptance,"No Kubernetes/GKE/CloudRun/Redis/Kafka/Vault/pgvector introduced. PostgreSQL durable queue, existing model ports and OCI Compose retained.",Architecture checker passed; reviewed dependency/infra diff.,CHECKPOINT.md; branch diff,DEV42eebac2/schemafc6e851f3ba0; candidate checkpoints635d245..6afa941;8d32f4a91c70 pending final validation,,Require measured bottleneck evidence before adding infrastructure.,,
PDF-114,P1,release-process,PDF pages 30,Begin with 30 anonymized Hebrew real-conversation eval cases per agent rather than a 160-case permits/budgets framework.,Coverage spans actual failure modes and records human accuracy judgments; additional cases respond to concrete risks.,All configured; ProTouch and Or-On required,release-process,Authorized operator / service principal,VOICE.md; WHATSAPP.md; BASELINE.md,REPRODUCED,FIXED_UNVERIFIED,FIXED_UNVERIFIED,BLOCKED,Read exact acceptance; mocks do not establish provider acceptance,Real-provider bounded voice scenarios run on fictional data; no claim that synthetic tests constitute30 anonymized real Hebrew conversations per agent.,Real model evaluation results retained; historical live content not exported.,VOICE.md; WHATSAPP.md; BASELINE.md,DEV42eebac2/schemafc6e851f3ba0; candidate checkpoints635d245..6afa941;8d32f4a91c70 pending final validation,Anonymized curated real cases and human Hebrew quality judgments missing.,Prepare versioned30-case set from approved retained conversations and obtain human scores.,,
PDF-115,P0,acceptance-whatsapp,"PDF pages 2, 21, 26","Final WhatsApp response rate: at least 99.5% of eligible customer turns receive agent, human or fallback response within two minutes; interim week-one gate at least 97%.","Use a defined deduplicated turn-level denominator including ingested and dropped events; publish sample size, period, exclusions and 2-minute outcome counts.",All configured; ProTouch and Or-On required,acceptance-whatsapp,Authorized operator / service principal,services/ts/messaging-worker/src/remediation-monitor.ts; scripts/whatsapp_channel_sli.py,FIXED_UNVERIFIED,FIXED_UNVERIFIED,NOT_CHECKED,BLOCKED,Read exact acceptance; mocks do not establish provider acceptance,No valid 99.5% deduplicated eligible-turn/2-minute sample. ProTouch provider pending registration blocks real reply path.,No qualifying live acceptance sample; wa-current-final:69 files/660 pass/1 Windows symlink skip,docs/readiness/poc-rescue-local/WHATSAPP.md; .artifacts/poc-rescue-local/wa-current-final.log; docs/readiness/poc-rescue-local/LIVE-ACTIVATION.md; COEXISTENCE-GAP.md; PROTOUCH-COEXISTENCE-PROVIDER-OPTION.md,origin/deployed42eebac2; local merged source plus opening cancellation patch; deployed schemafc6e851f3ba0,ProTouch remains PENDING and the Business phone app must be preserved. Ordinary registration failed 100/2388001; no further register/delete/deregister is authorized. Supported Coexistence onboarding is unresolved: user declined both own Tech Provider registration and a new paid subscription. Existing Twilio account has only its shared sandbox. Deployed application health does not establish WhatsApp inbound/AI/opening delivery.,Keep phone app and Coexistence disabled; obtain a supported onboarding route consistent with the user constraints before a real account-bound acceptance test. Continue independent local requirement work where incomplete.,"[{""as_of"":""Before October5 live60f26bf evidence refresh"",""superseded_fields"":{""evidence"":""docs/readiness/poc-rescue-local/WHATSAPP.md; .artifacts/poc-rescue-local/wa-current-final.log"",""blocker"":""ProTouch registration attempted with user approval: HTTP400/code100/subcode2388001 says number belongs to an existing WhatsApp account; needs user-identified migration/disconnection. No deregistration or further POST. Live acceptance/canary still absent."",""next_action"":""Execute exact acceptance on approved canary/provider and retain real outcomes; do not count mocks as live evidence.""},""reason"":""Preserve prior local/baseline evidence while distinguishing current deployment, controlled outbound success and remaining provider gates.""}]","{""previous_labels"":{""discovery"":""PARTIAL"",""implementation"":""EXISTING_PARTIAL""},""meaning"":""Allowed status vocabulary only. Discovery/source inspection is not acceptance. Partial evidence remains FIXED_UNVERIFIED; read the acceptance, evidence and blocker.""}"
PDF-116,P0,acceptance-whatsapp,"PDF pages 7, 21, 26",Final and interim silent turns without alert: zero.,Every non-response turn links to an on-time actionable alert and operator item; retain evidence of negative cases.,All configured; ProTouch and Or-On required,acceptance-whatsapp,Authorized operator / service principal,services/ts/messaging-worker/src/remediation-monitor.ts; scripts/whatsapp_channel_sli.py,FIXED_UNVERIFIED,FIXED_UNVERIFIED,NOT_CHECKED,BLOCKED,Read exact acceptance; mocks do not establish provider acceptance,No zero-silent-turn live reconciliation. User test never reached ProTouch ingestion; no operational alert receipt established.,No qualifying live acceptance sample; wa-current-final:69 files/660 pass/1 Windows symlink skip,docs/readiness/poc-rescue-local/WHATSAPP.md; .artifacts/poc-rescue-local/wa-current-final.log; docs/readiness/poc-rescue-local/LIVE-ACTIVATION.md; COEXISTENCE-GAP.md; PROTOUCH-COEXISTENCE-PROVIDER-OPTION.md,origin/deployed42eebac2; local merged source plus opening cancellation patch; deployed schemafc6e851f3ba0,ProTouch remains PENDING and the Business phone app must be preserved. Ordinary registration failed 100/2388001; no further register/delete/deregister is authorized. Supported Coexistence onboarding is unresolved: user declined both own Tech Provider registration and a new paid subscription. Existing Twilio account has only its shared sandbox. Deployed application health does not establish WhatsApp inbound/AI/opening delivery.,Keep phone app and Coexistence disabled; obtain a supported onboarding route consistent with the user constraints before a real account-bound acceptance test. Continue independent local requirement work where incomplete.,"[{""as_of"":""Before October5 live60f26bf evidence refresh"",""superseded_fields"":{""evidence"":""docs/readiness/poc-rescue-local/WHATSAPP.md; .artifacts/poc-rescue-local/wa-current-final.log"",""blocker"":""ProTouch registration attempted with user approval: HTTP400/code100/subcode2388001 says number belongs to an existing WhatsApp account; needs user-identified migration/disconnection. No deregistration or further POST. Live acceptance/canary still absent."",""next_action"":""Execute exact acceptance on approved canary/provider and retain real outcomes; do not count mocks as live evidence.""},""reason"":""Preserve prior local/baseline evidence while distinguishing current deployment, controlled outbound success and remaining provider gates.""}]","{""previous_labels"":{""discovery"":""PARTIAL"",""implementation"":""EXISTING_PARTIAL""},""meaning"":""Allowed status vocabulary only. Discovery/source inspection is not acceptance. Partial evidence remains FIXED_UNVERIFIED; read the acceptance, evidence and blocker.""}"
PDF-117,P0,acceptance-whatsapp,"PDF pages 8, 22, 26",Final latency: webhook receipt to Meta acceptance p50 <3 seconds and p95 <8 seconds.,"Measure realistic burst and tenant load, including retries and queued time; disclose sample size and unaccepted/outstanding sends.",All configured; ProTouch and Or-On required,acceptance-whatsapp,Authorized operator / service principal,services/ts/messaging-worker/src/remediation-monitor.ts; scripts/whatsapp_channel_sli.py,FIXED_UNVERIFIED,FIXED_UNVERIFIED,NOT_CHECKED,BLOCKED,Read exact acceptance; mocks do not establish provider acceptance,No real webhook-to-Meta-acceptance p50/p95 load sample; root owns corrected SLI baseline.,No qualifying live acceptance sample; wa-current-final:69 files/660 pass/1 Windows symlink skip,docs/readiness/poc-rescue-local/WHATSAPP.md; .artifacts/poc-rescue-local/wa-current-final.log; docs/readiness/poc-rescue-local/LIVE-ACTIVATION.md; COEXISTENCE-GAP.md; PROTOUCH-COEXISTENCE-PROVIDER-OPTION.md,origin/deployed42eebac2; local merged source plus opening cancellation patch; deployed schemafc6e851f3ba0,ProTouch remains PENDING and the Business phone app must be preserved. Ordinary registration failed 100/2388001; no further register/delete/deregister is authorized. Supported Coexistence onboarding is unresolved: user declined both own Tech Provider registration and a new paid subscription. Existing Twilio account has only its shared sandbox. Deployed application health does not establish WhatsApp inbound/AI/opening delivery.,Keep phone app and Coexistence disabled; obtain a supported onboarding route consistent with the user constraints before a real account-bound acceptance test. Continue independent local requirement work where incomplete.,"[{""as_of"":""Before October5 live60f26bf evidence refresh"",""superseded_fields"":{""evidence"":""docs/readiness/poc-rescue-local/WHATSAPP.md; .artifacts/poc-rescue-local/wa-current-final.log"",""blocker"":""ProTouch registration attempted with user approval: HTTP400/code100/subcode2388001 says number belongs to an existing WhatsApp account; needs user-identified migration/disconnection. No deregistration or further POST. Live acceptance/canary still absent."",""next_action"":""Execute exact acceptance on approved canary/provider and retain real outcomes; do not count mocks as live evidence.""},""reason"":""Preserve prior local/baseline evidence while distinguishing current deployment, controlled outbound success and remaining provider gates.""}]","{""previous_labels"":{""discovery"":""PARTIAL"",""implementation"":""EXISTING_PARTIAL""},""meaning"":""Allowed status vocabulary only. Discovery/source inspection is not acceptance. Partial evidence remains FIXED_UNVERIFIED; read the acceptance, evidence and blocker.""}"
PDF-118,P1,acceptance-whatsapp,"PDF pages 8, 20, 26",Typing indication appears within one second for AI-handled messages.,Real-device/provider receipt evidence plus instrumented request timestamps demonstrate threshold.,All configured; ProTouch and Or-On required,acceptance-whatsapp,Authorized operator / service principal,services/ts/messaging-worker/src/remediation-monitor.ts; scripts/whatsapp_channel_sli.py,FIXED_UNVERIFIED,FIXED_UNVERIFIED,NOT_CHECKED,BLOCKED,Read exact acceptance; mocks do not establish provider acceptance,Typing provider/unit support exists but real-device one-second acceptance not verified; live typing flag off.,No qualifying live acceptance sample; wa-current-final:69 files/660 pass/1 Windows symlink skip,docs/readiness/poc-rescue-local/WHATSAPP.md; .artifacts/poc-rescue-local/wa-current-final.log; docs/readiness/poc-rescue-local/LIVE-ACTIVATION.md; COEXISTENCE-GAP.md; PROTOUCH-COEXISTENCE-PROVIDER-OPTION.md,origin/deployed42eebac2; local merged source plus opening cancellation patch; deployed schemafc6e851f3ba0,ProTouch remains PENDING and the Business phone app must be preserved. Ordinary registration failed 100/2388001; no further register/delete/deregister is authorized. Supported Coexistence onboarding is unresolved: user declined both own Tech Provider registration and a new paid subscription. Existing Twilio account has only its shared sandbox. Deployed application health does not establish WhatsApp inbound/AI/opening delivery.,Keep phone app and Coexistence disabled; obtain a supported onboarding route consistent with the user constraints before a real account-bound acceptance test. Continue independent local requirement work where incomplete.,"[{""as_of"":""Before October5 live60f26bf evidence refresh"",""superseded_fields"":{""evidence"":""docs/readiness/poc-rescue-local/WHATSAPP.md; .artifacts/poc-rescue-local/wa-current-final.log"",""blocker"":""ProTouch registration attempted with user approval: HTTP400/code100/subcode2388001 says number belongs to an existing WhatsApp account; needs user-identified migration/disconnection. No deregistration or further POST. Live acceptance/canary still absent."",""next_action"":""Execute exact acceptance on approved canary/provider and retain real outcomes; do not count mocks as live evidence.""},""reason"":""Preserve prior local/baseline evidence while distinguishing current deployment, controlled outbound success and remaining provider gates.""}]","{""previous_labels"":{""discovery"":""PARTIAL"",""implementation"":""EXISTING_PARTIAL""},""meaning"":""Allowed status vocabulary only. Discovery/source inspection is not acceptance. Partial evidence remains FIXED_UNVERIFIED; read the acceptance, evidence and blocker.""}"
PDF-119,P1,acceptance-quality,"PDF pages 19, 26",Generic insufficient-context/canned-line share below 5% at final gate (table gives interim <10%; task 1.5 asks <5%).,Classify every reply in the same window and audit safe fallback categories separately; do not hide valid escalation by changing denominator.,All configured; ProTouch and Or-On required,acceptance-quality,Authorized operator / service principal,services/ts/messaging-worker/src/remediation-monitor.ts; scripts/whatsapp_channel_sli.py,FIXED_UNVERIFIED,FIXED_UNVERIFIED,NOT_CHECKED,BLOCKED,Read exact acceptance; mocks do not establish provider acceptance,No classified real-reply corpus to measure canned/insufficient-context share.,No qualifying live acceptance sample; wa-current-final:69 files/660 pass/1 Windows symlink skip,docs/readiness/poc-rescue-local/WHATSAPP.md; .artifacts/poc-rescue-local/wa-current-final.log; docs/readiness/poc-rescue-local/LIVE-ACTIVATION.md; COEXISTENCE-GAP.md; PROTOUCH-COEXISTENCE-PROVIDER-OPTION.md,origin/deployed42eebac2; local merged source plus opening cancellation patch; deployed schemafc6e851f3ba0,ProTouch remains PENDING and the Business phone app must be preserved. Ordinary registration failed 100/2388001; no further register/delete/deregister is authorized. Supported Coexistence onboarding is unresolved: user declined both own Tech Provider registration and a new paid subscription. Existing Twilio account has only its shared sandbox. Deployed application health does not establish WhatsApp inbound/AI/opening delivery.,Keep phone app and Coexistence disabled; obtain a supported onboarding route consistent with the user constraints before a real account-bound acceptance test. Continue independent local requirement work where incomplete.,"[{""as_of"":""Before October5 live60f26bf evidence refresh"",""superseded_fields"":{""evidence"":""docs/readiness/poc-rescue-local/WHATSAPP.md; .artifacts/poc-rescue-local/wa-current-final.log"",""blocker"":""ProTouch registration attempted with user approval: HTTP400/code100/subcode2388001 says number belongs to an existing WhatsApp account; needs user-identified migration/disconnection. No deregistration or further POST. Live acceptance/canary still absent."",""next_action"":""Execute exact acceptance on approved canary/provider and retain real outcomes; do not count mocks as live evidence.""},""reason"":""Preserve prior local/baseline evidence while distinguishing current deployment, controlled outbound success and remaining provider gates.""}]","{""previous_labels"":{""discovery"":""PARTIAL"",""implementation"":""EXISTING_PARTIAL""},""meaning"":""Allowed status vocabulary only. Discovery/source inspection is not acceptance. Partial evidence remains FIXED_UNVERIFIED; read the acceptance, evidence and blocker.""}"
PDF-120,P0,acceptance-quality,"PDF pages 22, 27",Golden-set accuracy at least 90% by human Hebrew judgment and zero unsupported numeric claims.,Versioned real-model results on 30 anonymized real conversations per agent; human scoring and adversarial numeric tests recorded.,All configured; ProTouch and Or-On required,acceptance-quality,Authorized operator / service principal,services/ts/messaging-worker/src/remediation-monitor.ts; scripts/whatsapp_channel_sli.py,FIXED_UNVERIFIED,FIXED_UNVERIFIED,NOT_CHECKED,BLOCKED,Read exact acceptance; mocks do not establish provider acceptance,219 grounding unit cases are not thirty real conversations/agent with human Hebrew scoring; accuracy and numeric-claim target unverified.,No qualifying live acceptance sample; wa-current-final:69 files/660 pass/1 Windows symlink skip,docs/readiness/poc-rescue-local/WHATSAPP.md; .artifacts/poc-rescue-local/wa-current-final.log; docs/readiness/poc-rescue-local/LIVE-ACTIVATION.md; COEXISTENCE-GAP.md; PROTOUCH-COEXISTENCE-PROVIDER-OPTION.md,origin/deployed42eebac2; local merged source plus opening cancellation patch; deployed schemafc6e851f3ba0,ProTouch remains PENDING and the Business phone app must be preserved. Ordinary registration failed 100/2388001; no further register/delete/deregister is authorized. Supported Coexistence onboarding is unresolved: user declined both own Tech Provider registration and a new paid subscription. Existing Twilio account has only its shared sandbox. Deployed application health does not establish WhatsApp inbound/AI/opening delivery.,Keep phone app and Coexistence disabled; obtain a supported onboarding route consistent with the user constraints before a real account-bound acceptance test. Continue independent local requirement work where incomplete.,"[{""as_of"":""Before October5 live60f26bf evidence refresh"",""superseded_fields"":{""evidence"":""docs/readiness/poc-rescue-local/WHATSAPP.md; .artifacts/poc-rescue-local/wa-current-final.log"",""blocker"":""ProTouch registration attempted with user approval: HTTP400/code100/subcode2388001 says number belongs to an existing WhatsApp account; needs user-identified migration/disconnection. No deregistration or further POST. Live acceptance/canary still absent."",""next_action"":""Execute exact acceptance on approved canary/provider and retain real outcomes; do not count mocks as live evidence.""},""reason"":""Preserve prior local/baseline evidence while distinguishing current deployment, controlled outbound success and remaining provider gates.""}]","{""previous_labels"":{""discovery"":""PARTIAL"",""implementation"":""EXISTING_PARTIAL""},""meaning"":""Allowed status vocabulary only. Discovery/source inspection is not acceptance. Partial evidence remains FIXED_UNVERIFIED; read the acceptance, evidence and blocker.""}"
PDF-121,P1,acceptance-quality,"PDF pages 20, 27","Field-service extraction success at least 95% at final gate, with >90% interim target.","Report eligible job count and success/retry/failure outcomes, including summaries and invalid-field cases.",All configured; ProTouch and Or-On required,acceptance-quality,Authorized operator / service principal,services/ts/messaging-worker/src/remediation-monitor.ts; scripts/whatsapp_channel_sli.py,FIXED_UNVERIFIED,FIXED_UNVERIFIED,NOT_CHECKED,BLOCKED,Read exact acceptance; mocks do not establish provider acceptance,Fake extraction/provider/integration success cannot establish >=95% actual extraction rate; ProTouch live ingress absent.,No qualifying live acceptance sample; wa-current-final:69 files/660 pass/1 Windows symlink skip,docs/readiness/poc-rescue-local/WHATSAPP.md; .artifacts/poc-rescue-local/wa-current-final.log; docs/readiness/poc-rescue-local/LIVE-ACTIVATION.md; COEXISTENCE-GAP.md; PROTOUCH-COEXISTENCE-PROVIDER-OPTION.md,origin/deployed42eebac2; local merged source plus opening cancellation patch; deployed schemafc6e851f3ba0,ProTouch remains PENDING and the Business phone app must be preserved. Ordinary registration failed 100/2388001; no further register/delete/deregister is authorized. Supported Coexistence onboarding is unresolved: user declined both own Tech Provider registration and a new paid subscription. Existing Twilio account has only its shared sandbox. Deployed application health does not establish WhatsApp inbound/AI/opening delivery.,Keep phone app and Coexistence disabled; obtain a supported onboarding route consistent with the user constraints before a real account-bound acceptance test. Continue independent local requirement work where incomplete.,"[{""as_of"":""Before October5 live60f26bf evidence refresh"",""superseded_fields"":{""evidence"":""docs/readiness/poc-rescue-local/WHATSAPP.md; .artifacts/poc-rescue-local/wa-current-final.log"",""blocker"":""ProTouch registration attempted with user approval: HTTP400/code100/subcode2388001 says number belongs to an existing WhatsApp account; needs user-identified migration/disconnection. No deregistration or further POST. Live acceptance/canary still absent."",""next_action"":""Execute exact acceptance on approved canary/provider and retain real outcomes; do not count mocks as live evidence.""},""reason"":""Preserve prior local/baseline evidence while distinguishing current deployment, controlled outbound success and remaining provider gates.""}]","{""previous_labels"":{""discovery"":""PARTIAL"",""implementation"":""EXISTING_PARTIAL""},""meaning"":""Allowed status vocabulary only. Discovery/source inspection is not acceptance. Partial evidence remains FIXED_UNVERIFIED; read the acceptance, evidence and blocker.""}"
PDF-122,P1,acceptance-memory,PDF pages 23,Summary errors below 5% and returning customers are not re-asked already supplied relevant details.,Manual shadow review of 50 conversations and returning-customer scenarios demonstrates target.,All configured; ProTouch and Or-On required,acceptance-memory,Authorized operator / service principal,services/ts/messaging-worker/src/remediation-monitor.ts; scripts/whatsapp_channel_sli.py,FIXED_UNVERIFIED,FIXED_UNVERIFIED,NOT_CHECKED,BLOCKED,Read exact acceptance; mocks do not establish provider acceptance,"Summary/model/context fixtures pass, but fifty human-reviewed actual conversations and returning-customer acceptance are absent.",No qualifying live acceptance sample; wa-current-final:69 files/660 pass/1 Windows symlink skip,docs/readiness/poc-rescue-local/WHATSAPP.md; .artifacts/poc-rescue-local/wa-current-final.log; docs/readiness/poc-rescue-local/LIVE-ACTIVATION.md; COEXISTENCE-GAP.md; PROTOUCH-COEXISTENCE-PROVIDER-OPTION.md,origin/deployed42eebac2; local merged source plus opening cancellation patch; deployed schemafc6e851f3ba0,ProTouch remains PENDING and the Business phone app must be preserved. Ordinary registration failed 100/2388001; no further register/delete/deregister is authorized. Supported Coexistence onboarding is unresolved: user declined both own Tech Provider registration and a new paid subscription. Existing Twilio account has only its shared sandbox. Deployed application health does not establish WhatsApp inbound/AI/opening delivery.,Keep phone app and Coexistence disabled; obtain a supported onboarding route consistent with the user constraints before a real account-bound acceptance test. Continue independent local requirement work where incomplete.,"[{""as_of"":""Before October5 live60f26bf evidence refresh"",""superseded_fields"":{""evidence"":""docs/readiness/poc-rescue-local/WHATSAPP.md; .artifacts/poc-rescue-local/wa-current-final.log"",""blocker"":""ProTouch registration attempted with user approval: HTTP400/code100/subcode2388001 says number belongs to an existing WhatsApp account; needs user-identified migration/disconnection. No deregistration or further POST. Live acceptance/canary still absent."",""next_action"":""Execute exact acceptance on approved canary/provider and retain real outcomes; do not count mocks as live evidence.""},""reason"":""Preserve prior local/baseline evidence while distinguishing current deployment, controlled outbound success and remaining provider gates.""}]","{""previous_labels"":{""discovery"":""PARTIAL"",""implementation"":""EXISTING_PARTIAL""},""meaning"":""Allowed status vocabulary only. Discovery/source inspection is not acceptance. Partial evidence remains FIXED_UNVERIFIED; read the acceptance, evidence and blocker.""}"
PDF-123,P0,acceptance-voice,"PDF pages 13, 14, 30",Do not enable inbound voice until every voice P0 is closed and 20 real inbound test calls per DID pass Hebrew listening review.,"Per-DID 20-call evidence includes provider call IDs, tenant/agent/version, answer outcome, audio quality and completed session; 100% answered target.",All configured; ProTouch and Or-On required,acceptance-voice,Authorized operator / service principal,services/py/control-api/src/control_api/voice.py; docs/readiness/poc-rescue-local/VOICE.md,REPRODUCED,BLOCKED,BLOCKED,BLOCKED,"Retain exact acceptance; local SDK/fake media, real PostgreSQL and synthetic real-model evidence are distinct from provider call/listening acceptance.",Inbound preparation failed its negative-source ACL enforcement test and was contained; original DID simulator marker restored and carrier origination unchanged. Containment depends on provider dispatch-rule removal. The simulator marker did not enforce admission on live60f; the probe session failed during startup. Missing authoritative dispatch-rule validation is tracked separately as DISC-028.,Zero real inbound calls per DID; source/DB/provider-read checks are not the20-call acceptance.; Local candidate79a4a84: combined314 passed; later handler/dispatcher/provider87 passed; official-vector handler25 passed; transfer13 passed; actual PostgreSQL4 passed under platform_voice; isolated TLS/Caddy6 routes passed. Counts overlap and must not be summed. Final independent run35 passed (17 gate/isolation probes plus18 tracked real-loopback cases); no provider calls.,docs/readiness/poc-rescue-local/VOICE.md; .artifacts/poc-rescue-local/voice-carrier-routing.json; docs/readiness/poc-rescue-local/LIVE-ACTIVATION.md; PROTOUCH-INBOUND-ACL-FAILURE.md; INBOUND-PEER-REVIEW.md; TWILIO-INBOUND-SIGNED-ROUTING.md; .artifacts/poc-rescue-local/twilio-inbound-peer-final-79a4a84.json,"Live 60f26bfe1775997da1fb5159ec9e09a08246068b; schema 9e43a5b02d81 (139 revisions); deployed 2026-10-04T23:06Z; Local candidate 79a4a84d1df4e00bad2e7821b5673c102bba55b5; independent test checkpoint 8e1a0a0. Last verified live baseline for this review: 60f26bf, schema 9e43a5b02d81. No new deployment or live inbound acceptance claimed.",Provider inbound ACL enforcement is unresolved;20 successful real inbound calls perDID and Hebrew listening review remain absent.; The completed local authenticated-inbound implementation does not substitute for actual provider admission or the required per-DID call/listening evidence.,"Close the inbound security blocker and all voiceP0 first, then run authorized20-call-per-DID acceptance. The successful outbound call is not part of that denominator.","[{""as_of"":""Before October5 live60f26bf evidence refresh"",""superseded_fields"":{""fix"":""Inbound remains unprovisioned; no activation performed."",""evidence"":""docs/readiness/poc-rescue-local/VOICE.md; .artifacts/poc-rescue-local/voice-carrier-routing.json"",""revision"":""Merged authoritative source42eebac2 plus local voice repairs; real disposable DB head7c91e5a2b640; no deployment claim"",""blocker"":""PDF061 real inbound wiring/approved activation;20 answered calls perDID and Hebrew listening absent."",""next_action"":""Close all voiceP0, then run authorized20call/DID acceptance with callIDs, active tenant/agent/version, audio and finalized session evidence.""},""reason"":""Preserve prior local/baseline evidence while distinguishing current deployment, controlled outbound success and remaining provider gates.""},{""as_of"":""Before October5 authenticated inbound candidate79a4a84 local verification"",""superseded_fields"":{""tests"":""Zero real inbound calls per DID; source/DB/provider-read checks are not the20-call acceptance."",""evidence"":""docs/readiness/poc-rescue-local/VOICE.md; .artifacts/poc-rescue-local/voice-carrier-routing.json; docs/readiness/poc-rescue-local/LIVE-ACTIVATION.md; PROTOUCH-INBOUND-ACL-FAILURE.md"",""revision"":""Live 60f26bfe1775997da1fb5159ec9e09a08246068b; schema 9e43a5b02d81 (139 revisions); deployed 2026-10-04T23:06Z"",""blocker"":""Provider inbound ACL enforcement is unresolved;20 successful real inbound calls perDID and Hebrew listening review remain absent.""},""reason"":""Preserve prior live failure/containment and partial local state; candidate verification does not establish a new deployed revision or provider acceptance.""}]",
PDF-124,P0,acceptance-voice,PDF pages 14,"Before voice enablement, active-call deployment ends with orderly goodbye/finalization and cap+1 call gets the busy message.",Retain deployment/call trace and audible evidence; verify messaging availability during the test.,All configured; ProTouch and Or-On required,acceptance-voice,Authorized operator / service principal,packages/py/oron-dispatcher/src/oron_dispatcher/dispatcher.py; packages/py/oron-dispatcher/src/oron_dispatcher/webhook.py,VERIFIED_LOCAL,VERIFIED_LOCAL,FIXED_UNVERIFIED,BLOCKED,"Retain exact acceptance; local SDK/fake media, real PostgreSQL and synthetic real-model evidence are distinct from provider call/listening acceptance.",Concurrent drain/fixedbusy/goodbye ports verified; draining readiness corrected503.,Offline cap+1/drain/finalization coverage passes. Zero audible real active-call deployment tests.,docs/readiness/poc-rescue-local/VOICE.md; .artifacts/poc-rescue-local/voice-final-current.log,Historical local evidence: Merged authoritative source42eebac2 plus local voice repairs; real disposable DB head7c91e5a2b640; Live 60f26bfe1775997da1fb5159ec9e09a08246068b; schema 9e43a5b02d81 (139 revisions); deployed 2026-10-04T23:06Z,Recipient-audible goodbye/busy plus concurrent messaging availability unmeasured.,Run approved activecall deploy and cap+1 with runtime/messaging trace and audio review.,"[{""as_of"":""Before October5 live60f26bf evidence refresh"",""superseded_fields"":{""revision"":""Merged authoritative source42eebac2 plus local voice repairs; real disposable DB head7c91e5a2b640; no deployment claim""},""reason"":""Preserve prior local/baseline evidence while distinguishing current deployment, controlled outbound success and remaining provider gates.""}]",
PDF-125,P1,acceptance-voice,"PDF pages 8, 27","Voice response from end of caller speech: p50 <1.2 seconds, p95 <2 seconds including first turn.","Timestamp end-of-speech and first audible agent response on real Hebrew calls, splitting cold and warm turns.",All configured; ProTouch and Or-On required,acceptance-voice,Authorized operator / service principal,packages/py/oron-agent/src/oron_agent/turn_planner.py; packages/py/oron-agent/src/oron_agent/bot.py,VERIFIED_LOCAL,FIXED_UNVERIFIED,NOT_CHECKED,BLOCKED,"Retain exact acceptance; local SDK/fake media, real PostgreSQL and synthetic real-model evidence are distinct from provider call/listening acceptance.",Streaming/prompt/model safeguards tested; no accepted first-audio latency dataset collected.,No real Hebrew call end-of-speech/audio-onset timestamps; unit/model request duration cannot establish speech latency.; One recipient-confirmed Hebrew outbound conversation now exists; no complete end-of-speech/first-audio percentile dataset was collected.,docs/readiness/poc-rescue-local/VOICE.md; docs/readiness/poc-rescue-local/LIVE-ACTIVATION.md; .artifacts/poc-rescue-local/live-voice-60f26bf-provider.json,Historical local evidence: Merged authoritative source42eebac2 plus local voice repairs; real disposable DB head7c91e5a2b640; Live 60f26bfe1775997da1fb5159ec9e09a08246068b; schema 9e43a5b02d81 (139 revisions); deployed 2026-10-04T23:06Z,"p50<1.2s,p95<2s including firstturn not measured.","Collect cold/warm real Hebrew end-of-speech and first audible response, publish count and percentile distribution.","[{""as_of"":""Before October5 live60f26bf evidence refresh"",""superseded_fields"":{""tests"":""No real Hebrew call end-of-speech/audio-onset timestamps; unit/model request duration cannot establish speech latency."",""evidence"":""docs/readiness/poc-rescue-local/VOICE.md"",""revision"":""Merged authoritative source42eebac2 plus local voice repairs; real disposable DB head7c91e5a2b640; no deployment claim""},""reason"":""Preserve prior local/baseline evidence while distinguishing current deployment, controlled outbound success and remaining provider gates.""}]",
PDF-126,P0,acceptance-voice,PDF pages 20,Run 20-call simulated load before live activation with no recording/memory leak.,"Compare memory/disk before and after repeated call lifecycle, upload failures and cap handling; no retained staging leak.",All configured; ProTouch and Or-On required,acceptance-voice,Authorized operator / service principal,packages/py/oron-agent/src/oron_agent/artifacts.py; packages/py/oron-agent/tests/test_artifact_capture.py,VERIFIED_LOCAL,FIXED_UNVERIFIED,FIXED_UNVERIFIED,BLOCKED,"Retain exact acceptance; local SDK/fake media, real PostgreSQL and synthetic real-model evidence are distinct from provider call/listening acceptance.",20 owned artifact copy/cleanup lifecycles pass; failed upload retained; whole-call recording memory still unbounded within call.,Artifact20-loop is real local disk I/O but not20 complete voice pipelines; no memory/disk stress baseline at accepted concurrency.,docs/readiness/poc-rescue-local/VOICE.md; .artifacts/poc-rescue-local/voice-final-current.log,Historical local evidence: Merged authoritative source42eebac2 plus local voice repairs; real disposable DB head7c91e5a2b640; Live 60f26bfe1775997da1fb5159ec9e09a08246068b; schema 9e43a5b02d81 (139 revisions); deployed 2026-10-04T23:06Z,Required20 full simulated calls with upload failures/caps and memory/disk comparison not executed.,Build/run bounded offline20full-call lifecycle load; record RSS/disk before/peak/after and cap/failure outcomes before activation.,"[{""as_of"":""Before October5 live60f26bf evidence refresh"",""superseded_fields"":{""revision"":""Merged authoritative source42eebac2 plus local voice repairs; real disposable DB head7c91e5a2b640; no deployment claim""},""reason"":""Preserve prior local/baseline evidence while distinguishing current deployment, controlled outbound success and remaining provider gates.""}]",
PDF-127,P0,acceptance-infrastructure,"PDF pages 18, 23, 26, 27","Complete recoverable off-server restore, rollback within two minutes, no WhatsApp outage during deploy and zero swap under accepted load.",Controlled restore/deploy-failure/load evidence proves each separate property; no code-review-only PASS.,All configured; ProTouch and Or-On required,acceptance-infrastructure,Authorized operator / service principal,infra/scripts/readiness_stack.py; scripts/restore-dev-backup.py; scripts/deploy-dev.sh; docs/readiness/poc-rescue-local/RUNBOOK.md,VERIFIED_LOCAL,VERIFIED_LOCAL,VERIFIED_LOCAL,BLOCKED,"Keep source/unit, actual local container/DB, provider-read and live acceptance separate. Partial local checks never certify the full acceptance.",Local recovery helper compares restored schema/data/RLS and object checksum; extended with newly generated separately held fictional key and decrypt/wrong-key/tenant tests. No off-host restore or production key escrow claim.,"Partial local acceptance only: actual fresh DB restore30.133s,1773741bytes; schema/table/head/forced-RLS/contact parity, separately held fictional-key decrypt, wrong-key/tenant rejection and object checksum all passed.172 release tests passed0skip. No off-host restore or worker replay.",docs/readiness/poc-rescue-local/RUNBOOK.md; .artifacts/poc-rescue-local/release-audit-final-tests.log; .artifacts/poc-rescue-local/container-stack/python-runtime-acceptance.json; .artifacts/poc-rescue-local/container-stack/recover.json; .artifacts/poc-rescue-local/container-stack/encrypted-recovery.log,Current local rescue source after5ac8401 plus scoped release/carrier fixes; tested Python image525be698 and schema7c91e5a2b640 are earlier snapshots,"Independent-host restore, actual two-minute rollback, zero messaging outage and zero swap under accepted load all require separate runtime evidence.","Repeat recovery against final candidate/new schema, then separately authorize off-host rehearsal and timed failure/load trials; record each property independently.",,
USER-001,P0,1. מטרת המשימה והסימפטומים המחייבים,User section 1,"א. פרוטאץ׳ / ProTouch / Protouch הוא טננט בעל Credentials והגדרות משלו, שהמשתמש מדווח שכבר הוטמעו בקוד/בתצורה. למרות זאת, שיחה יוצאת מתוך הטננט מגיעה מהמספר של Or-On. יש לאתר ולתקן את הסיבה המדויקת לכל אורך המסלול. זו תקלה P0 בניתוב ובבידוד טננטים, ולא בעיית תצוגה בלבד.","Exact user wording; verify source, local runtime and live evidence separately.",All configured; ProTouch and Or-On required,1. מטרת המשימה והסימפטומים המחייבים,Authorized operator / service principal,packages/py/oron-dispatcher/src/oron_dispatcher/outbound_routing.py; packages/py/oron-dispatcher/src/oron_dispatcher/sip.py; services/py/dispatcher/src/dispatcher_runtime/main.py,REPRODUCED,VERIFIED_LIVE,VERIFIED_LOCAL,VERIFIED_LIVE,"Separate source/unit, actual DB/container, provider-read and live-call evidence; local stubs cannot certify carrier or cross-channel acceptance.","Located tenant loss at global SIP_OUTBOUND_TRUNK_ID: every tenant inherited Or-On trunk/default sender. Added strict immutable tenant account/trunk/sender/address routes, fail-closed missing binding, explicit sip_number and provider inventory recheck. Confirmed active ProTouch UUID and sender ending4553 via read-only inventory.; Provisioned dedicated ProTouch outbound trunk and isolated credential; explicit tenant route preserved Or-On configuration.","1293 current voice/agent/flow/provision tests passed with17 explicitly gated eval skips; those17 separately executed. 35 actual PostgreSQL voice tests and31 memory/knowledge/webhook/usage tests passed0skip; Initial provider inventory was read-only; later live acceptance is recorded separately.; Controlled ProTouch outbound session 0af0ed12-555f-5cc8-bc4e-47a033fe1be8: answered=true, ended, recording and transcript present; no TTS/finalization errors. Twilio CA6ed0c3249d2ce35f29e0baeb558232bb completed 23 seconds, sender ***4553 to approved ***7692. User confirmed receipt and Hebrew agent conversation. This is one outbound call, not inbound, load or percentile acceptance.",docs/readiness/poc-rescue-local/VOICE.md; docs/readiness/poc-rescue-local/PROTOUCH-OUTBOUND-PLAN.md; docs/readiness/poc-rescue-local/RUNBOOK.md; docs/readiness/poc-rescue-local/LIVE-ACTIVATION.md; PROTOUCH-SIP-CREDENTIAL-REPAIR.md; .artifacts/poc-rescue-local/live-voice-60f26bf-provider.json; .artifacts/poc-rescue-local/live-voice-60f26bf-result.json; .artifacts/poc-rescue-local/live-voice-60f26bf-artifact-readback.json,Live 60f26bfe1775997da1fb5159ec9e09a08246068b; schema 9e43a5b02d81 (139 revisions); deployed 2026-10-04T23:06Z,The specific ProTouch outbound wrong-caller-ID failure is corrected and observed live. Fresh Or-On calling and every other entry point remain separate regression gates.,Retain this exact scoped outbound proof; verify other entry points and Or-On separately without inferring WhatsApp or inbound readiness.,"[{""as_of"":""Before October5 live60f26bf evidence refresh"",""superseded_fields"":{""priority"":""P1"",""implementation"":""VERIFIED_LOCAL"",""live"":""BLOCKED"",""fix"":""Located tenant loss at global SIP_OUTBOUND_TRUNK_ID: every tenant inherited Or-On trunk/default sender. Added strict immutable tenant account/trunk/sender/address routes, fail-closed missing binding, explicit sip_number and provider inventory recheck. Confirmed active ProTouch UUID and sender ending4553 via read-only inventory."",""tests"":""1293 current voice/agent/flow/provision tests passed with17 explicitly gated eval skips; those17 separately executed. 35 actual PostgreSQL voice tests and31 memory/knowledge/webhook/usage tests passed0skip; provider inventory read succeeded, no live dial."",""evidence"":""docs/readiness/poc-rescue-local/VOICE.md; docs/readiness/poc-rescue-local/PROTOUCH-OUTBOUND-PLAN.md; docs/readiness/poc-rescue-local/RUNBOOK.md"",""revision"":""Merged authoritative source42eebac2; voice checkpointa051d45; actual Python image525be698/schema7c91e5a2b640; later carrier fix requires final image rebuild."",""blocker"":""ProTouch carrier termination/credential association and separate LiveKit binding remain unprovisioned; no candidate deployment or recipient-observed caller ID. Full cross-channel entry-point acceptance remains separate."",""next_action"":""Review and explicitly authorize exact ProTouch provisioning plan, activate reviewed tenant routes in approved deployment, then perform approved recipient test and record observed sender.""},""reason"":""Preserve prior local/baseline evidence while distinguishing current deployment, controlled outbound success and remaining provider gates.""}]",
USER-002,P1,1. מטרת המשימה והסימפטומים המחייבים,User section 1,"ב. הודעה הנשלחת ל-WhatsApp של פרוטאץ׳ אינה מקבלת תשובת AI. יש לעקוב אחרי אותה הודעה מהספק ועד התשובה בפועל ולהחזיר את המסלול לפעולה עם החשבון, המספר, הסוכן והגרסה של פרוטאץ׳.","Exact user wording; verify source, local runtime and live evidence separately.",All configured; ProTouch and Or-On required,1. מטרת המשימה והסימפטומים המחייבים,Authorized operator / service principal,services/ts/messaging-worker/src/remediation-monitor.ts; scripts/whatsapp_channel_sli.py,VERIFIED_LIVE,FIXED_UNVERIFIED,NOT_CHECKED,BLOCKED,Read exact acceptance; mocks do not establish provider acceptance,"User sent actual inbound but ProTouch has zero events/jobs/conversations. Meta confirms4553 VERIFIED yet PENDING/NOT_APPLICABLE, is_pin_enabled=false,is_on_biz_app=false; callback correct and verification200. First divergence is provider registration, not worker admission.","No qualifying live acceptance sample; wa-current-final:69 files/660 pass/1 Windows symlink skip Fresh read-only GET/ledger proof2026-10-05T00:23:55Z on0f003cc/schemaaf54: ProTouch***4553 remainsPENDING/NOT_APPLICABLE, codeVERIFIED, zero retained exact-account inbound receipts and zero since first saved post-user-test snapshot2026-10-04T20:30:04.140464Z (not exact handset send time). Or-On***5689 remainsCONNECTED/CLOUD_API, codeEXPIRED. Both is_on_biz_app=false; this does not establish absence of the phone app. No provider mutations/sends.",docs/readiness/poc-rescue-local/WHATSAPP.md; .artifacts/poc-rescue-local/wa-current-final.log; wa-live-boundary.txt; wa-live-test-ingress.txt; PROTOUCH-REGISTRATION-PLAN.md; .artifacts/poc-rescue-local/wa-registration-rejection-detail.txt; docs/readiness/poc-rescue-local/LIVE-ACTIVATION.md; COEXISTENCE-GAP.md; PROTOUCH-COEXISTENCE-PROVIDER-OPTION.md; .artifacts/poc-rescue-local/whatsapp-final-readonly-20261005.json,"Live source0f003ccd0049e6c2b0bc8f19e17a80d7f339e198; schemaaf54b6c13e92 (140 revisions). All five published images/readbacks, all seven healthy services and independent deployed runtime checks passed. Positive-only provider proof2026-10-05T00:21:56-00:22:00Z; audited DID binding and carrier callback cutover followed separate gates. WhatsApp state separately read at2026-10-05T00:23:55Z; healthy deployment is not inbound delivery.",ProTouch remains PENDING and the Business phone app must be preserved. Ordinary registration failed 100/2388001; no further register/delete/deregister is authorized. Supported Coexistence onboarding is unresolved: user declined both own Tech Provider registration and a new paid subscription. Existing Twilio account has only its shared sandbox. Deployed application health does not establish WhatsApp inbound/AI/opening delivery.,Keep phone app and Coexistence disabled; obtain a supported onboarding route consistent with the user constraints before a real account-bound acceptance test. Continue independent local requirement work where incomplete.,"[{""as_of"":""Before October5 live60f26bf evidence refresh"",""superseded_fields"":{""evidence"":""docs/readiness/poc-rescue-local/WHATSAPP.md; .artifacts/poc-rescue-local/wa-current-final.log; wa-live-boundary.txt; wa-live-test-ingress.txt; PROTOUCH-REGISTRATION-PLAN.md; .artifacts/poc-rescue-local/wa-registration-rejection-detail.txt"",""blocker"":""ProTouch registration attempted with user approval: HTTP400/code100/subcode2388001 says number belongs to an existing WhatsApp account; needs user-identified migration/disconnection. No deregistration or further POST. Live acceptance/canary still absent."",""next_action"":""Execute exact acceptance on approved canary/provider and retain real outcomes; do not count mocks as live evidence.""},""reason"":""Preserve prior local/baseline evidence while distinguishing current deployment, controlled outbound success and remaining provider gates.""},{""as_of"":""Before October5 live0f003cc repaired signed-provider proof and authenticated inbound cutover"",""superseded_fields"":{""tests"":""No qualifying live acceptance sample; wa-current-final:69 files/660 pass/1 Windows symlink skip"",""evidence"":""docs/readiness/poc-rescue-local/WHATSAPP.md; .artifacts/poc-rescue-local/wa-current-final.log; wa-live-boundary.txt; wa-live-test-ingress.txt; PROTOUCH-REGISTRATION-PLAN.md; .artifacts/poc-rescue-local/wa-registration-rejection-detail.txt; docs/readiness/poc-rescue-local/LIVE-ACTIVATION.md; COEXISTENCE-GAP.md; PROTOUCH-COEXISTENCE-PROVIDER-OPTION.md"",""revision"":""origin/deployed42eebac2; local merged source plus opening cancellation patch; deployed schemafc6e851f3ba0""},""reason"":""Preserve previous local-only or failed live evidence. Promote only the narrowly observed repaired quarantine defect; configuration/cutover and provider rejection do not establish a successful human incoming call or WhatsApp delivery.""}]","{""previous_labels"":{""implementation"":""EXISTING_PARTIAL""},""meaning"":""Allowed status vocabulary only. Discovery/source inspection is not acceptance. Partial evidence remains FIXED_UNVERIFIED; read the acceptance, evidence and blocker.""}"
USER-003,P1,1. מטרת המשימה והסימפטומים המחייבים,User section 1,"ג. היו טענות לתיקונים קודמים שאינם מורגשים בפועל. יש להבחין בין קוד ששונה, build שנוצר, תצורה פעילה, migrations שהוחלו, שירות שרץ והתנהגות מול ספק. ""קיים בקוד"" אינו הוכחה להפעלה.","Exact user wording; verify source, local runtime and live evidence separately.",All configured; ProTouch and Or-On required,1. מטרת המשימה והסימפטומים המחייבים,Authorized operator / service principal,TENANT-ROUTING.md; CHECKPOINT.md; BASELINE.md,VERIFIED_LOCAL,FIXED_UNVERIFIED,FIXED_UNVERIFIED,FIXED_UNVERIFIED,Read exact acceptance; mocks do not establish provider acceptance,Assessed against detailed acceptance rows: PDF-001. Passing subsets do not certify the complete instruction.,See linked detailed rows for exact commands/counts and unresolved cases.; Exact60f deployment and independent postcheck passed; signed provider ingress/unsigned rejection and one recipient-confirmed Hebrew ProTouch outbound call verified. Remaining linked acceptance gates are separate.,CHECKPOINT.md; VERIFICATION.md; TENANT-ROUTING.md; RUNBOOK.md; PDF-001; docs/readiness/poc-rescue-local/LIVE-ACTIVATION.md; PROTOUCH-INBOUND-ACL-FAILURE.md; .artifacts/poc-rescue-local/live-voice-60f26bf-provider.json,Live 60f26bfe1775997da1fb5159ec9e09a08246068b; schema 9e43a5b02d81 (139 revisions); deployed 2026-10-04T23:06Z,Full requested acceptance remains open where linked local/provider/observation gates are unmet.,"Complete the remaining linked gates; preserve separate local, live POC and production judgments.","[{""as_of"":""Before October5 live60f26bf evidence refresh"",""superseded_fields"":{""live"":""NOT_CHECKED"",""tests"":""See linked detailed rows for exact commands/counts and unresolved cases."",""evidence"":""CHECKPOINT.md; VERIFICATION.md; TENANT-ROUTING.md; RUNBOOK.md; PDF-001"",""revision"":""Current branch codex/poc-rescue-local-20261004; DEV remains42eebac2/schemafc6e851f3ba0""},""reason"":""Preserve prior local/baseline evidence while distinguishing current deployment, controlled outbound success and remaining provider gates.""}]",
USER-004,P1,1. מטרת המשימה והסימפטומים המחייבים,User section 1,"ד. יש לבדוק גם דיווח קודם על גרסת סוכן ישנה, כגון v3, שנשארת פעילה למרות פרסום גרסה חדשה. אין להניח שהדיווח עדיין נכון; יש למדוד את הגרסה האפקטיבית בנפרד בכל ערוץ.","Exact user wording; verify source, local runtime and live evidence separately.",All configured; ProTouch and Or-On required,1. מטרת המשימה והסימפטומים המחייבים,Authorized operator / service principal,services/ts/messaging-worker/src/session-agent-admission.ts; packages/ts/crm/src/agent-quality-gate.ts,VERIFIED_LIVE,FIXED_UNVERIFIED,VERIFIED_LOCAL,BLOCKED,Read exact acceptance; mocks do not establish provider acceptance,Session admission worker tests pass; live session_memory flag off. Or-On actual WhatsApp conversation is v4; ProTouch configured v1 has not received inbound.,session-admission-worker.postgres; model-routing.postgres; trusted-model-routing; wa-current-final:69 files/660 pass/1 Windows symlink skip,docs/readiness/poc-rescue-local/WHATSAPP.md; .artifacts/poc-rescue-local/wa-current-final.log; .artifacts/poc-rescue-local/wa-effective-version.txt; docs/readiness/poc-rescue-local/LIVE-ACTIVATION.md; COEXISTENCE-GAP.md; PROTOUCH-COEXISTENCE-PROVIDER-OPTION.md,origin/deployed42eebac2; local merged source plus opening cancellation patch; deployed schemafc6e851f3ba0,ProTouch remains PENDING and the Business phone app must be preserved. Ordinary registration failed 100/2388001; no further register/delete/deregister is authorized. Supported Coexistence onboarding is unresolved: user declined both own Tech Provider registration and a new paid subscription. Existing Twilio account has only its shared sandbox. Deployed application health does not establish WhatsApp inbound/AI/opening delivery.,Keep phone app and Coexistence disabled; obtain a supported onboarding route consistent with the user constraints before a real account-bound acceptance test. Continue independent local requirement work where incomplete.,"[{""as_of"":""Before October5 live60f26bf evidence refresh"",""superseded_fields"":{""evidence"":""docs/readiness/poc-rescue-local/WHATSAPP.md; .artifacts/poc-rescue-local/wa-current-final.log; .artifacts/poc-rescue-local/wa-effective-version.txt"",""blocker"":""ProTouch registration attempted with user approval: HTTP400/code100/subcode2388001 says number belongs to an existing WhatsApp account; needs user-identified migration/disconnection. No deregistration or further POST. Live acceptance/canary still absent."",""next_action"":""Execute exact acceptance on approved canary/provider and retain real outcomes; do not count mocks as live evidence.""},""reason"":""Preserve prior local/baseline evidence while distinguishing current deployment, controlled outbound success and remaining provider gates.""}]","{""previous_labels"":{""implementation"":""EXISTING_PARTIAL""},""meaning"":""Allowed status vocabulary only. Discovery/source inspection is not acceptance. Partial evidence remains FIXED_UNVERIFIED; read the acceptance, evidence and blocker.""}"
USER-005,P1,1. מטרת המשימה והסימפטומים המחייבים,User section 1,"ה. תבניות WhatsApp תקועות באזור פרטי הלקוח/הפרופיל. הן צריכות להיות נגישות בהקשר כתיבת ההודעה, ובנוסף נדרשת שליחת פתיח אוטומטית בתחילת כל שיחה חדשה, בשפה המתאימה ללקוח. אלה שתי יכולות שונות, ושתיהן בתחום המשימה.","Exact user wording; verify source, local runtime and live evidence separately.",All configured; ProTouch and Or-On required,1. מטרת המשימה והסימפטומים המחייבים,Authorized operator / service principal,services/ts/messaging-worker/src/field-service-provider.ts; services/ts/messaging-worker/src/database.ts,VERIFIED_LOCAL,FIXED_UNVERIFIED,FIXED_UNVERIFIED,BLOCKED,Read exact acceptance; mocks do not establish provider acceptance,"Assessed against detailed acceptance rows: PDF-079, PDF-080, PDF-081. Passing subsets do not certify the complete instruction.",See linked detailed rows for exact commands/counts and unresolved cases.,"CHECKPOINT.md; VERIFICATION.md; TENANT-ROUTING.md; RUNBOOK.md; PDF-079, PDF-080, PDF-081",Historical baseline: DEV 42eebac2/schema fc6e851f3ba0. Live 60f26bfe1775997da1fb5159ec9e09a08246068b; schema 9e43a5b02d81 (139 revisions); deployed 2026-10-04T23:06Z,Full requested acceptance remains open where linked local/provider/observation gates are unmet.,"Complete the remaining linked gates; preserve separate local, live POC and production judgments.","[{""as_of"":""Before October5 live60f26bf evidence refresh"",""superseded_fields"":{""revision"":""Current branch codex/poc-rescue-local-20261004; DEV remains42eebac2/schemafc6e851f3ba0""},""reason"":""Preserve prior local/baseline evidence while distinguishing current deployment, controlled outbound success and remaining provider gates.""}]",
USER-006,P1,1. מטרת המשימה והסימפטומים המחייבים,User section 1,"ו. ה-Inbox, רשימת הטיקטים, דף הטיקט, תג הרשאת מנהל הפלטפורמה וטופסי פרטי העסק/מיתוג מבולגנים, צפופים או לא ברורים. תקן במיוחד אותם.","Exact user wording; verify source, local runtime and live evidence separately.",All configured; ProTouch and Or-On required,1. מטרת המשימה והסימפטומים המחייבים,Authorized operator / service principal,apps/web/src/features/inbox; apps/web/src/features/inbox-templates; apps/web/src/features/tickets; apps/web/src/app/workspace-details.css; packages/ts/crm/src/tickets.ts,VERIFIED_LOCAL,FIXED_UNVERIFIED,FIXED_UNVERIFIED,NOT_CHECKED,Read exact acceptance; mocks do not establish provider acceptance,UI layouts reviewed and scoped fixes integrated with42eebac2; see UI.md for exact route and behavior coverage.,"Current-source focused web run:10 files,99 tests passed; typecheck passed. Real browser on owned isolated PostgreSQL fixture DB. Full suite tracked separately.",docs/readiness/poc-rescue-local/UI.md; .artifacts/poc-rescue-local/ui/final-*; responsive-route-evidence.json; rendered-route-evidence.json,635d245 includes deployed42eebac2; subsequent scoped UI commit,"Live provider catalog/sends, all roles/tenants and physical-device keyboard/landscape not verified; exact limitations in UI.md.",Complete remaining acceptance scenarios from UI.md on approved live accounts and authorized role fixtures; retain local/live distinction.,,"{""previous_labels"":{""discovery"":""CURRENT_SOURCE_REVIEWED"",""implementation"":""PARTIAL"",""local"":""PARTIAL_LOCAL"",""live"":""NOT_VERIFIED""},""meaning"":""Allowed status vocabulary only. Discovery/source inspection is not acceptance. Partial evidence remains FIXED_UNVERIFIED; read the acceptance, evidence and blocker.""}"
USER-007,P1,1. מטרת המשימה והסימפטומים המחייבים,User section 1,"ז. יישר קו של UI/UX בכל הפלטפורמה ובכל הטננטים, לא רק במסכים המצולמים. במובייל נדרשת חוויה שמתוכננת כאפליקציה: ניווט, מסכים, פעולות, מקלדת וגלילה מותאמים למגע. הקטנת אתר שולחני אינה עומדת בדרישה.","Exact user wording; verify source, local runtime and live evidence separately.",All configured; ProTouch and Or-On required,1. מטרת המשימה והסימפטומים המחייבים,Authorized operator / service principal,apps/web/src/features/inbox; apps/web/src/features/inbox-templates; apps/web/src/features/tickets; apps/web/src/app/workspace-details.css; packages/ts/crm/src/tickets.ts,VERIFIED_LOCAL,FIXED_UNVERIFIED,FIXED_UNVERIFIED,NOT_CHECKED,Read exact acceptance; mocks do not establish provider acceptance,UI layouts reviewed and scoped fixes integrated with42eebac2; see UI.md for exact route and behavior coverage.,"Current-source focused web run:10 files,99 tests passed; typecheck passed. Real browser on owned isolated PostgreSQL fixture DB. Full suite tracked separately.",docs/readiness/poc-rescue-local/UI.md; .artifacts/poc-rescue-local/ui/final-*; responsive-route-evidence.json; rendered-route-evidence.json,635d245 includes deployed42eebac2; subsequent scoped UI commit,"Live provider catalog/sends, all roles/tenants and physical-device keyboard/landscape not verified; exact limitations in UI.md.",Complete remaining acceptance scenarios from UI.md on approved live accounts and authorized role fixtures; retain local/live distinction.,,"{""previous_labels"":{""discovery"":""CURRENT_SOURCE_REVIEWED"",""implementation"":""PARTIAL"",""local"":""PARTIAL_LOCAL"",""live"":""NOT_VERIFIED""},""meaning"":""Allowed status vocabulary only. Discovery/source inspection is not acceptance. Partial evidence remains FIXED_UNVERIFIED; read the acceptance, evidence and blocker.""}"
USER-008,P1,1. מטרת המשימה והסימפטומים המחייבים,User section 1,"ח. ודא שכל טננט פועל עם הנתונים, ההרשאות, הסוכנים, המספרים, הסודות, הערוצים וההגדרות שלו. תיקון פרוטאץ׳ אינו רשאי לשבור את Or-On או טננט אחר.","Exact user wording; verify source, local runtime and live evidence separately.",All configured; ProTouch and Or-On required,1. מטרת המשימה והסימפטומים המחייבים,Authorized operator / service principal,PROCESS-DB-POOL.md; VERIFICATION.md; db/tests/postgres/test_rls_and_roles.py,VERIFIED_LOCAL,FIXED_UNVERIFIED,FIXED_UNVERIFIED,BLOCKED,Read exact acceptance; mocks do not establish provider acceptance,Assessed against detailed acceptance rows: PDF-097. Passing subsets do not certify the complete instruction.; ProTouch outbound sender4553 and Hebrew conversation verified on one controlled call; WhatsApp remainsPENDING at00:23:55UTC. Authenticated ProTouch inbound route is now cut over after the repaired guard proof; incoming human-call acceptance remains pending; the outbound regression was unanswered and exposed separate DISC-033.,"See linked detailed rows for exact commands/counts and unresolved cases. On deployed0f003cc/schemaaf54, one non-PSTN positive-only probe at00:21:56-00:22:00UTC used two INVITEs (407 then486). Actual signed eventEV_ssdB8wwgcwsb, ledger886a5126-06c0-488b-81c0-a7d43bf2b108, matched the exact trunk/rule/probe and settled quarantined on attempt1 with inbound_rule_mismatch. Matching left event reported ROOM_DELETED; application sessions, caller contacts and remaining provider rooms were0. The left receipt was still received in this snapshot; no terminal processed claim is made for that event. The original79a4a84 failed suite is preserved; only its negative provider-authentication results are reused with a fresh unchanged-policy check, not as a full0f suite rerun. Audited exact ProTouch DID binding committed SDR_qwuvuQ9waXV7, preserving tenant/DID/flow. Post-binding valid HMAC naming the known completed/outbound CallSid returned403 after provider lookup; no single rejection predicate is inferred. TwilioPN0a62bfdaaf8f2a393860ab1c6bc3f466 now has empty TrunkSid and VoiceURLhttps://dev.or-on.io/twilio/voice/inbound with POST; complete routing readback preserved other fields and outbound provider configuration. Incoming human-call acceptance remains pending. The only post-cutover outbound regression, session57d373de-1375-5ed8-917b-c975ab50f6d9, ended with answered=false and both artifact references; active sessions and provider rooms are0. TwilioCA6cdfca66ac20f2d7fcca4f479353bacc reports failed/duration0 with the exact***4553 sender and approved***7692 recipient. Signed SIP SCL_Eg2oCSr2dHts left at00:28:06.960Z while ringing with USER_UNAVAILABLE; this supports an unanswered target, not a proven caller-ID regression or successful conversation. Its later room_finished receipt was quarantined with dispatcher_attempts_exhausted at00:30:30.428Z; DISC-033 records that separate defect with cause unverified. Fresh read-only GET/ledger proof2026-10-05T00:23:55Z on0f003cc/schemaaf54: ProTouch***4553 remainsPENDING/NOT_APPLICABLE, codeVERIFIED, zero retained exact-account inbound receipts and zero since first saved post-user-test snapshot2026-10-04T20:30:04.140464Z (not exact handset send time). Or-On***5689 remainsCONNECTED/CLOUD_API, codeEXPIRED. Both is_on_biz_app=false; this does not establish absence of the phone app. No provider mutations/sends.",CHECKPOINT.md; VERIFICATION.md; TENANT-ROUTING.md; RUNBOOK.md; PDF-097; docs/readiness/poc-rescue-local/LIVE-ACTIVATION.md; PROTOUCH-INBOUND-ACL-FAILURE.md; .artifacts/poc-rescue-local/live-voice-60f26bf-provider.json; PROTOUCH-DIGEST-PROOF.md; .artifacts/poc-rescue-local/protouch-inbound-settlement-live-deploy.json; .artifacts/poc-rescue-local/poc-digest-f5da706e5f7b44308e846aba13a2b637.json; .artifacts/poc-rescue-local/protouch-digest-binding-bind-committed.json; .artifacts/poc-rescue-local/protouch-digest-cutover-proof-gates.json; .artifacts/poc-rescue-local/protouch-digest-operator-receipt.json; .artifacts/poc-rescue-local/whatsapp-final-readonly-20261005.json; .artifacts/poc-rescue-local/live-voice-postcutover-result.json; .artifacts/poc-rescue-local/live-voice-postcutover-provider.json; .artifacts/poc-rescue-local/live-voice-postcutover-errors.json; .artifacts/poc-rescue-local/live-voice-postcutover-insights.json,"Live source0f003ccd0049e6c2b0bc8f19e17a80d7f339e198; schemaaf54b6c13e92 (140 revisions). All five published images/readbacks, all seven healthy services and independent deployed runtime checks passed. Positive-only provider proof2026-10-05T00:21:56-00:22:00Z; audited DID binding and carrier callback cutover followed separate gates.","Scoped outbound success and authenticated provider/guard/cutover evidence do not certify this broad requirement. ProTouch WhatsApp Coexistence remains unresolved under the preserve-phone-app/no-own-provider/no-new-subscription constraints. Human incoming acceptance remains pending; the outbound regression was unanswered and its room_finished retry exhaustion is tracked as DISC-033; other linked UI, isolation, performance and observation gates remain open.","Preserve the activated authenticated route, working outbound configuration and Business phone app. Preserve the unanswered outbound result, investigate DISC-033 and complete authorized incoming human acceptance; resolve each remaining linked gate before broader POC/production claims.","[{""as_of"":""Before October5 live60f26bf evidence refresh"",""superseded_fields"":{""fix"":""Assessed against detailed acceptance rows: PDF-097. Passing subsets do not certify the complete instruction."",""evidence"":""CHECKPOINT.md; VERIFICATION.md; TENANT-ROUTING.md; RUNBOOK.md; PDF-097"",""revision"":""Current branch codex/poc-rescue-local-20261004; DEV remains42eebac2/schemafc6e851f3ba0"",""blocker"":""Full requested acceptance remains open where linked local/provider/observation gates are unmet."",""next_action"":""Complete the remaining linked gates; preserve separate local, live POC and production judgments.""},""reason"":""Preserve prior local/baseline evidence while distinguishing current deployment, controlled outbound success and remaining provider gates.""},{""as_of"":""Before October5 live0f003cc repaired signed-provider proof and authenticated inbound cutover"",""superseded_fields"":{""fix"":""Assessed against detailed acceptance rows: PDF-097. Passing subsets do not certify the complete instruction.; ProTouch outbound sender4553 and Hebrew conversation verified on one controlled call; WhatsApp stillPENDING and inbound contained after ACL rejection test failed."",""tests"":""See linked detailed rows for exact commands/counts and unresolved cases."",""evidence"":""CHECKPOINT.md; VERIFICATION.md; TENANT-ROUTING.md; RUNBOOK.md; PDF-097; docs/readiness/poc-rescue-local/LIVE-ACTIVATION.md; PROTOUCH-INBOUND-ACL-FAILURE.md; .artifacts/poc-rescue-local/live-voice-60f26bf-provider.json"",""revision"":""Live 60f26bfe1775997da1fb5159ec9e09a08246068b; schema 9e43a5b02d81 (139 revisions); deployed 2026-10-04T23:06Z"",""blocker"":""Scoped outbound success does not certify this broad requirement. ProTouch WhatsApp Coexistence is unresolved without an approved provider subscription; inbound ACL enforcement failed and is contained. Other linked UI, isolation, performance and observation gates remain open."",""next_action"":""Preserve the working scoped outbound route and phone app; resolve provider blockers and each remaining linked gate before declaring broader POC/production readiness.""},""reason"":""Preserve previous local-only or failed live evidence. Promote only the narrowly observed repaired quarantine defect; configuration/cutover and provider rejection do not establish a successful human incoming call or WhatsApp delivery.""}]",
USER-009,P1,1. מטרת המשימה והסימפטומים המחייבים,User section 1,"ט. כל דרישות מסמך problems & plan(1).pdf והנספח בסוף פרומפט זה הן חלק מהמשימה, כולל AI, ידע, זיכרון, מדיה, תורים, אבטחה, ביצועים, ניטור, גיבוי, שחזור, deployment ו-rollback.","Exact user wording; verify source, local runtime and live evidence separately.",All configured; ProTouch and Or-On required,1. מטרת המשימה והסימפטומים המחייבים,Authorized operator / service principal,"TENANT-ROUTING.md; CHECKPOINT.md; BASELINE.md; scripts/whatsapp_channel_sli.py; scripts/tests/test_whatsapp_channel_sli.py; CLOUD-SECURITY.md; services/ts/messaging-worker/src/remediation-monitor.ts; WHATSAPP.md; services/ts/messaging-worker/src/database.ts; BASELINE.md; WHATSAPP.md; VOICE.md; services/ts/messaging-worker/src/remediation-monitor.ts; CLOUD-SECURITY.md; packages/ts/observability/tests/observability.test.ts; packages/ts/crm/src/webhook.ts; services/ts/messaging-worker/src/database.ts; services/ts/messaging-worker/src/providers.ts; services/ts/messaging-worker/src/ai-provider.ts; services/ts/messaging-worker/src/remediation-policy.ts; services/ts/messaging-worker/src/handoff-resume.ts; services/ts/messaging-worker/src/ai-principal.ts; services/ts/messaging-worker/src/database.ts; services/ts/messaging-worker/src/inbound-debounce.ts; db/alembic/versions/b672f9a6c310_job_claim_tokens_and_renewal.py; packages/ts/crm/src/knowledge-retrieval.ts; services/ts/messaging-worker/src/ai-grounding.ts; services/ts/messaging-worker/src/prompt-context-budget.ts; services/ts/messaging-worker/src/session-agent-admission.ts; packages/ts/crm/src/agent-quality-gate.ts; services/ts/messaging-worker/src/session-memory-context.ts; services/ts/messaging-worker/src/memory-summary-job.ts; packages/ts/crm/src/messaging-memory.ts; services/py/control-api/src/control_api/voice.py:752; packages/py/oron-tenancy/src/oron_tenancy/provisioner.py; packages/py/oron-dispatcher/src/oron_dispatcher/webhook.py; services/py/dispatcher/src/dispatcher_runtime/main.py; infra/deployment/Caddyfile; packages/py/oron-dispatcher/src/oron_dispatcher/dispatcher.py; services/py/dispatcher/src/dispatcher_runtime/announcements.py; packages/py/oron-agent/src/oron_agent/bot.py; packages/py/oron-agent/src/oron_agent/artifacts.py; packages/py/oron-dispatcher/src/oron_dispatcher/dispatcher.py; packages/py/oron-dispatcher/src/oron_dispatcher/webhook.py; packages/py/oron-agent/src/oron_agent/bot.py; packages/py/oron-sessions/src/oron_sessions/sweeper.py; infra/deployment/config/sweeper.env.template; scripts/deploy-dev.sh; packages/py/oron-agent/src/oron_agent/voice_control.py; packages/py/oron-agent/src/oron_agent/voice_failure.py; packages/py/oron-agent/src/oron_agent/voice_control.py; services/py/dispatcher/src/dispatcher_runtime/announcements.py; packages/py/oron-agent/src/oron_agent/idle.py; packages/py/oron-dispatcher/src/oron_dispatcher/webhook_pump.py; packages/py/oron-dispatcher/src/oron_dispatcher/webhook.py; services/py/dispatcher/src/dispatcher_runtime/persistence.py; packages/py/oron-agent/src/oron_agent/llm.py; packages/py/oron-agent/src/oron_agent/bot.py; packages/py/oron-agent/src/oron_agent/turn_planner.py; packages/py/oron-agent/src/oron_agent/grounding.py; packages/py/oron-agent/src/oron_agent/knowledge_turn.py; services/py/dispatcher/src/dispatcher_runtime/persistence.py; packages/py/oron-agent/src/oron_agent/voice_control.py; packages/py/oron-agent/src/oron_agent/session_recorder.py; packages/py/oron-agent/src/oron_agent/identity_verification.py; services/py/dispatcher/src/dispatcher_runtime/persistence.py; packages/py/oron-agent/src/oron_agent/memory_cadence.py; services/py/dispatcher/src/dispatcher_runtime/persistence.py; packages/py/oron-agent/src/oron_agent/grounding.py; packages/py/oron-agent/src/oron_agent/lead_capture.py; packages/py/oron-flows/tests/eval/test_exit_eval.py; services/ts/messaging-worker/src/field-service-provider.ts; services/ts/messaging-worker/src/database.ts; packages/ts/auth/src/process-database.ts; repository.ts; tenant-context.ts; sms.ts; apps/web/src/features/auth/server.ts; apps/web/src/app/api/webhooks/{stripe/route,whatsapp/handler}.ts; packages/ts/crm/src/webhook-store.ts; db/tests/postgres/test_auth_lockout_window.py; packages/ts/auth/src/login-admission.test.ts; apps/web/src/features/inbox; apps/web/src/features/inbox-templates; apps/web/src/features/tickets; apps/web/src/app/workspace-details.css; packages/ts/crm/src/tickets.ts; UI.md; WHATSAPP.md; VOICE.md; WHATSAPP.md; packages/py/oron-common/src/oron_common/usage.py; packages/py/oron-agent/tests/test_cost.py; packages/py/oron-dispatcher/src/oron_dispatcher/outbound_routing.py; VERIFICATION.md; .github/workflows/ci.yml; scripts/preview_ui.py; VERIFICATION.md; UI.md; VOICE.md; WHATSAPP.md; CLOUD-SECURITY.md; RUNBOOK.md; CLOUD-SECURITY.md; VERIFICATION.md; CLOUD-SECURITY.md; CLOUD-SECURITY.md; scripts/render_deployment_config.ts; PROCESS-DB-POOL.md; VERIFICATION.md; db/tests/postgres/test_rls_and_roles.py; scripts/deploy-dev.sh; scripts/tests/test_deployment_rollback_exit.py; scripts/tests/test_deploy_rollback.py; .github/workflows/ci.yml; scripts/tests/test_ci_manual_deploy.py; scripts/tests/test_deployment_safety.py; scripts/deploy-dev.sh; infra/compose/deployment.yaml; infra/scripts/readiness_stack.py; .artifacts/poc_stack.py; scripts/recover_unhealthy.py; infra/deployment/systemd/oron-dev-recovery.service; scripts/deploy-dev.sh; db/contracts/schema-manifest.json; infra/compose/deployment.yaml; .artifacts/poc-rescue-local/remote-inventory.txt; infra/compose/deployment.yaml; docs/readiness/poc-rescue-local/RUNBOOK.md; docs/readiness/poc-rescue-local/RUNBOOK.md; docs/readiness/poc-rescue-local/VOICE.md; scripts/backup-dev.sh; scripts/deploy-dev.sh; packages/py/oron-agent/src/oron_agent/storage.py; infra/deployment/systemd/oron-dev.service; infra/compose/deployment.yaml; scripts/deploy-dev.sh; scripts/deploy-dev.sh; infra/scripts/readiness_stack.py; docs/readiness/poc-rescue-local/RUNBOOK.md; scripts/restore-dev-backup.py; db/contracts/schema-manifest.json; docs/readiness/poc-rescue-local/RUNBOOK.md; WHATSAPP.md; COEXISTENCE-GAP.md; packages/ts/crm/src/remediation-flags.postgres.test.ts; WHATSAPP.md; RUNBOOK.md; CHECKPOINT.md; branch diff; VOICE.md; WHATSAPP.md; BASELINE.md; services/ts/messaging-worker/src/remediation-monitor.ts; scripts/whatsapp_channel_sli.py; services/py/control-api/src/control_api/voice.py; docs/readiness/poc-rescue-local/VOICE.md; packages/py/oron-dispatcher/src/oron_dispatcher/dispatcher.py; packages/py/oron-dispatcher/src/oron_dispatcher/webhook.py; packages/py/oron-agent/src/oron_agent/turn_planner.py; packages/py/oron-agent/src/oron_agent/bot.py; packages/py/oron-agent/src/oron_agent/artifacts.py; packages/py/oron-agent/tests/test_artifact_capture.py; infra/scripts/readiness_stack.py; scripts/restore-dev-backup.py; scripts/deploy-dev.sh; docs/readiness/poc-rescue-local/RUNBOOK.md",REPRODUCED,FIXED_UNVERIFIED,FIXED_UNVERIFIED,BLOCKED,Read exact acceptance; mocks do not establish provider acceptance,"Assessed against detailed acceptance rows: PDF-001, PDF-002, PDF-003, PDF-004, PDF-005, PDF-006, PDF-007, PDF-008, PDF-009, PDF-010, PDF-011, PDF-012, PDF-013, PDF-014, PDF-015, PDF-016, PDF-017, PDF-018, PDF-019, PDF-020, PDF-021, PDF-022, PDF-023, PDF-024, PDF-025, PDF-026, PDF-027, PDF-028, PDF-029, PDF-030, PDF-031, PDF-032, PDF-033, PDF-034, PDF-035, PDF-036, PDF-037, PDF-038, PDF-039, PDF-040, PDF-041, PDF-042, PDF-043, PDF-044, PDF-045, PDF-046, PDF-047, PDF-048, PDF-049, PDF-050, PDF-051, PDF-052, PDF-053, PDF-054, PDF-055, PDF-056, PDF-057, PDF-058, PDF-059, PDF-060, PDF-061, PDF-062, PDF-063, PDF-064, PDF-065, PDF-066, PDF-067, PDF-068, PDF-069, PDF-070, PDF-071, PDF-072, PDF-073, PDF-074, PDF-075, PDF-076, PDF-077, PDF-078, PDF-079, PDF-080, PDF-081, PDF-082, PDF-083, PDF-084, PDF-085, PDF-086, PDF-087, PDF-088, PDF-089, PDF-090, PDF-091, PDF-092, PDF-093, PDF-094, PDF-095, PDF-096, PDF-097, PDF-098, PDF-099, PDF-100, PDF-101, PDF-102, PDF-103, PDF-104, PDF-105, PDF-106, PDF-107, PDF-108, PDF-109, PDF-110, PDF-111, PDF-112, PDF-113, PDF-114, PDF-115, PDF-116, PDF-117, PDF-118, PDF-119, PDF-120, PDF-121, PDF-122, PDF-123, PDF-124, PDF-125, PDF-126, PDF-127. Passing subsets do not certify the complete instruction.",See linked detailed rows for exact commands/counts and unresolved cases.,"CHECKPOINT.md; VERIFICATION.md; TENANT-ROUTING.md; RUNBOOK.md; PDF-001, PDF-002, PDF-003, PDF-004, PDF-005, PDF-006, PDF-007, PDF-008, PDF-009, PDF-010, PDF-011, PDF-012, PDF-013, PDF-014, PDF-015, PDF-016, PDF-017, PDF-018, PDF-019, PDF-020, PDF-021, PDF-022, PDF-023, PDF-024, PDF-025, PDF-026, PDF-027, PDF-028, PDF-029, PDF-030, PDF-031, PDF-032, PDF-033, PDF-034, PDF-035, PDF-036, PDF-037, PDF-038, PDF-039, PDF-040, PDF-041, PDF-042, PDF-043, PDF-044, PDF-045, PDF-046, PDF-047, PDF-048, PDF-049, PDF-050, PDF-051, PDF-052, PDF-053, PDF-054, PDF-055, PDF-056, PDF-057, PDF-058, PDF-059, PDF-060, PDF-061, PDF-062, PDF-063, PDF-064, PDF-065, PDF-066, PDF-067, PDF-068, PDF-069, PDF-070, PDF-071, PDF-072, PDF-073, PDF-074, PDF-075, PDF-076, PDF-077, PDF-078, PDF-079, PDF-080, PDF-081, PDF-082, PDF-083, PDF-084, PDF-085, PDF-086, PDF-087, PDF-088, PDF-089, PDF-090, PDF-091, PDF-092, PDF-093, PDF-094, PDF-095, PDF-096, PDF-097, PDF-098, PDF-099, PDF-100, PDF-101, PDF-102, PDF-103, PDF-104, PDF-105, PDF-106, PDF-107, PDF-108, PDF-109, PDF-110, PDF-111, PDF-112, PDF-113, PDF-114, PDF-115, PDF-116, PDF-117, PDF-118, PDF-119, PDF-120, PDF-121, PDF-122, PDF-123, PDF-124, PDF-125, PDF-126, PDF-127",Historical baseline: DEV 42eebac2/schema fc6e851f3ba0. Live 60f26bfe1775997da1fb5159ec9e09a08246068b; schema 9e43a5b02d81 (139 revisions); deployed 2026-10-04T23:06Z,Full requested acceptance remains open where linked local/provider/observation gates are unmet.,"Complete the remaining linked gates; preserve separate local, live POC and production judgments.","[{""as_of"":""Before October5 live60f26bf evidence refresh"",""superseded_fields"":{""revision"":""Current branch codex/poc-rescue-local-20261004; DEV remains42eebac2/schemafc6e851f3ba0""},""reason"":""Preserve prior local/baseline evidence while distinguishing current deployment, controlled outbound success and remaining provider gates.""}]",
USER-010,P1,2. אופן העבודה המחייב,User section 2,- פעל עצמאית בבחירות מימוש שגרתיות. התחל בעבודה מיד; אל תחזיר שאלון כללי או בקשת אישור לתקן קוד שכבר התבקשת לתקן.,"Exact user wording; verify source, local runtime and live evidence separately.",All configured; ProTouch and Or-On required,2. אופן העבודה המחייב,Authorized operator / service principal,CHECKPOINT.md,VERIFIED_LOCAL,VERIFIED_LOCAL,VERIFIED_LOCAL,NOT_APPLICABLE_WITH_EVIDENCE,Read exact acceptance; mocks do not establish provider acceptance,Routine code/test choices continued without seeking permission for authorized fixes. Only concrete provider/infra/account prerequisites raised.,"Workflow/artifact/source inspection; this row is a work-process requirement, not provider acceptance.",CHECKPOINT.md,Branch checkpoints through6afa941; active working tree,,Maintain this constraint through final handoff.,,
USER-011,P1,2. אופן העבודה המחייב,User section 2,"- קרא AGENTS.md והוראות רלוונטיות, מצב git והשינויים המקומיים. שמור עבודה קיימת של המשתמש ושל סוכנים אחרים. אל תבצע reset/clean מחיקתי, force-push או החלפה עיוורת של העותק המקומי.","Exact user wording; verify source, local runtime and live evidence separately.",All configured; ProTouch and Or-On required,2. אופן העבודה המחייב,Authorized operator / service principal,CHECKPOINT.md,VERIFIED_LOCAL,VERIFIED_LOCAL,VERIFIED_LOCAL,NOT_APPLICABLE_WITH_EVIDENCE,Read exact acceptance; mocks do not establish provider acceptance,"Read applicable AGENTS; BOOST missing after bounded search. Preserved existing/stale source in snapshot86c3641, incorporated newer upstream635d245 without destructive reset/clean.","Workflow/artifact/source inspection; this row is a work-process requirement, not provider acceptance.",CHECKPOINT.md,Branch checkpoints through6afa941; active working tree,,Maintain this constraint through final handoff.,,
USER-012,P1,2. אופן העבודה המחייב,User section 2,"- עבוד בענף/סביבת עבודה מבודדת כאשר הדבר מתאים, עם קומיטים ניתנים לסקירה. אל תבצע merge או פריסה חיה שאינם מורשים בסשן. הכן מראש את כל מה שאינו חסום כדי שאישור הכרחי, אם יש כזה, יהיה על שינוי קונקרטי ובדוק.","Exact user wording; verify source, local runtime and live evidence separately.",All configured; ProTouch and Or-On required,2. אופן העבודה המחייב,Authorized operator / service principal,CHECKPOINT.md; git log,VERIFIED_LOCAL,VERIFIED_LOCAL,VERIFIED_LOCAL,NOT_APPLICABLE_WITH_EVIDENCE,Read exact acceptance; mocks do not establish provider acceptance,"Dedicated codex/poc-rescue-local-20261004 branch with scoped reviewable commits; no main merge, push or live deployment.","Workflow/artifact/source inspection; this row is a work-process requirement, not provider acceptance.",CHECKPOINT.md; git log,Branch checkpoints through6afa941; active working tree,,Maintain this constraint through final handoff.,,
USER-013,P1,2. אופן העבודה המחייב,User section 2,"- השתמש ב-rg ובכלי הפרויקט. התאם גרסאות Node, Python ומנהלי חבילות לקבצים הקיימים ול-lockfiles; אל תשדרג תלויות רחבות כדי לעקוף כשל נקודתי.","Exact user wording; verify source, local runtime and live evidence separately.",All configured; ProTouch and Or-On required,2. אופן העבודה המחייב,Authorized operator / service principal,VERIFICATION.md,VERIFIED_LOCAL,VERIFIED_LOCAL,VERIFIED_LOCAL,NOT_APPLICABLE_WITH_EVIDENCE,Read exact acceptance; mocks do not establish provider acceptance,Pinned Node24.20.0/pnpm11.24.0/uv0.12.7/Python3.14.7 from repository requirements; no broad dependency upgrade.,"Workflow/artifact/source inspection; this row is a work-process requirement, not provider acceptance.",VERIFICATION.md,Branch checkpoints through6afa941; active working tree,,Maintain this constraint through final handoff.,,
USER-014,P1,2. אופן העבודה המחייב,User section 2,"- אפשר לפצל עבודה מקבילה בין UI, טלפוניה, WhatsApp, DB/אבטחה ודרישות, עם בעלות ברורה על קבצים. כשל של סוכן משנה אינו סיבה לסיים את המשימה; קלוט את העבודה והמשך.","Exact user wording; verify source, local runtime and live evidence separately.",All configured; ProTouch and Or-On required,2. אופן העבודה המחייב,Authorized operator / service principal,CHECKPOINT.md,VERIFIED_LOCAL,VERIFIED_LOCAL,VERIFIED_LOCAL,NOT_APPLICABLE_WITH_EVIDENCE,Read exact acceptance; mocks do not establish provider acceptance,"UI, voice and WhatsApp agents operate with explicit path ownership; root integrates tests, infrastructure evidence and coverage.","Workflow/artifact/source inspection; this row is a work-process requirement, not provider acceptance.",CHECKPOINT.md,Branch checkpoints through6afa941; active working tree,,Maintain this constraint through final handoff.,,
USER-015,P1,2. אופן העבודה המחייב,User section 2,"- תעד כל תקלה: שחזור, סיבת שורש, מסלול וקבצים, תיקון, בדיקה שמוכיחה את ההתנהגות, ורגרסיות שנשללו.","Exact user wording; verify source, local runtime and live evidence separately.",All configured; ProTouch and Or-On required,2. אופן העבודה המחייב,Authorized operator / service principal,UI.md; VOICE.md; WHATSAPP.md; BASELINE.md; PROCESS-DB-POOL.md,VERIFIED_LOCAL,FIXED_UNVERIFIED,FIXED_UNVERIFIED,NOT_APPLICABLE_WITH_EVIDENCE,Read exact acceptance; mocks do not establish provider acceptance,"Domain reports record reproductions, source/runtime distinction, fixes, regressions and unresolved acceptance. New discoveries are being added to the matrix.","Workflow/artifact/source inspection; this row is a work-process requirement, not provider acceptance.",UI.md; VOICE.md; WHATSAPP.md; BASELINE.md; PROCESS-DB-POOL.md; docs/readiness/poc-rescue-local/LIVE-ACTIVATION.md; PROTOUCH-INBOUND-ACL-FAILURE.md; .artifacts/poc-rescue-local/live-voice-60f26bf-provider.json,Live 60f26bfe1775997da1fb5159ec9e09a08246068b; schema 9e43a5b02d81 (139 revisions); deployed 2026-10-04T23:06Z,Final source/evidence checkpoints still in progress.,Maintain this constraint through final handoff.,"[{""as_of"":""Before October5 live60f26bf evidence refresh"",""superseded_fields"":{""evidence"":""UI.md; VOICE.md; WHATSAPP.md; BASELINE.md; PROCESS-DB-POOL.md"",""revision"":""Branch checkpoints through6afa941; active working tree""},""reason"":""Preserve prior local/baseline evidence while distinguishing current deployment, controlled outbound success and remaining provider gates.""}]",
USER-016,P1,2. אופן העבודה המחייב,User section 2,"- אין לסמן בדיקה מדומה כהוכחה לספק אמיתי, build כהוכחת UI תקין, או קוד מקור כהוכחת runtime.","Exact user wording; verify source, local runtime and live evidence separately.",All configured; ProTouch and Or-On required,2. אופן העבודה המחייב,Authorized operator / service principal,VERIFICATION.md,VERIFIED_LOCAL,VERIFIED_LOCAL,VERIFIED_LOCAL,NOT_APPLICABLE_WITH_EVIDENCE,Read exact acceptance; mocks do not establish provider acceptance,"Reports explicitly distinguish mocks, actual PostgreSQL, real models, browser, container and live-provider proof. No callerID/WhatsApp live success claimed.","Workflow/artifact/source inspection; this row is a work-process requirement, not provider acceptance.",VERIFICATION.md,Branch checkpoints through6afa941; active working tree,,Maintain this constraint through final handoff.,,
USER-017,P1,2. אופן העבודה המחייב,User section 2,- אל תחליף את המערכת בדמו ואל תכניס נתוני fixture למסלול מוצר כדי להראות הצלחה. נתוני בדיקה יהיו מבודדים ומסומנים.,"Exact user wording; verify source, local runtime and live evidence separately.",All configured; ProTouch and Or-On required,2. אופן העבודה המחייב,Authorized operator / service principal,RUNBOOK.md; VERIFICATION.md,VERIFIED_LOCAL,VERIFIED_LOCAL,VERIFIED_LOCAL,NOT_APPLICABLE_WITH_EVIDENCE,Read exact acceptance; mocks do not establish provider acceptance,Fictional UUID databases/owned containers only; original developer database and live customer content preserved. Provider tests restricted to approved destination; no outgoing test sent yet.,"Workflow/artifact/source inspection; this row is a work-process requirement, not provider acceptance.",RUNBOOK.md; VERIFICATION.md,Branch checkpoints through6afa941; active working tree,,Maintain this constraint through final handoff.,,
USER-018,P1,2. אופן העבודה המחייב,User section 2,"- אין צורך בריפקטור ארכיטקטוני מלא כדי להציל את המערכת. תקן את המימוש הקיים, והרחב רק כאשר נדרש כדי לסגור דרישה מאומתת.","Exact user wording; verify source, local runtime and live evidence separately.",All configured; ProTouch and Or-On required,2. אופן העבודה המחייב,Authorized operator / service principal,CHECKPOINT.md,VERIFIED_LOCAL,VERIFIED_LOCAL,VERIFIED_LOCAL,NOT_APPLICABLE_WITH_EVIDENCE,Read exact acceptance; mocks do not establish provider acceptance,Existing services repaired in place; no replacement demo or architecture rewrite.,"Workflow/artifact/source inspection; this row is a work-process requirement, not provider acceptance.",CHECKPOINT.md,Branch checkpoints through6afa941; active working tree,,Maintain this constraint through final handoff.,,
USER-019,P1,2. אופן העבודה המחייב,User section 2,"- המשך בכל עבודה שאינה חסומה. חסם בספק, בענן או בחשבון אחד אינו סיבה להפסיק את תיקוני הקוד, העיצוב, ה-DB המקומי ושאר הטננטים.","Exact user wording; verify source, local runtime and live evidence separately.",All configured; ProTouch and Or-On required,2. אופן העבודה המחייב,Authorized operator / service principal,CHECKPOINT.md,VERIFIED_LOCAL,VERIFIED_LOCAL,VERIFIED_LOCAL,NOT_APPLICABLE_WITH_EVIDENCE,Read exact acceptance; mocks do not establish provider acceptance,Continued independent UI/DB/container/infra repairs while Meta and voice provisioning remained blocked.,"Workflow/artifact/source inspection; this row is a work-process requirement, not provider acceptance.",CHECKPOINT.md,Branch checkpoints through6afa941; active working tree,,Maintain this constraint through final handoff.,,
USER-020,P1,"3. גילוי, baseline ומטריצת כיסוי",User section 3,- image(20261004-190943).png — Inbox.,"Exact user wording; verify source, local runtime and live evidence separately.",All configured; ProTouch and Or-On required,"3. גילוי, baseline ומטריצת כיסוי",Authorized operator / service principal,apps/web/src/features/inbox; apps/web/src/features/inbox-templates; apps/web/src/features/tickets; apps/web/src/app/workspace-details.css; packages/ts/crm/src/tickets.ts,VERIFIED_LOCAL,FIXED_UNVERIFIED,FIXED_UNVERIFIED,NOT_CHECKED,Read exact acceptance; mocks do not establish provider acceptance,UI layouts reviewed and scoped fixes integrated with42eebac2; see UI.md for exact route and behavior coverage.,"Current-source focused web run:10 files,99 tests passed; typecheck passed. Real browser on owned isolated PostgreSQL fixture DB. Full suite tracked separately.",docs/readiness/poc-rescue-local/UI.md; .artifacts/poc-rescue-local/ui/final-*; responsive-route-evidence.json; rendered-route-evidence.json,635d245 includes deployed42eebac2; subsequent scoped UI commit,"Live provider catalog/sends, all roles/tenants and physical-device keyboard/landscape not verified; exact limitations in UI.md.",Complete remaining acceptance scenarios from UI.md on approved live accounts and authorized role fixtures; retain local/live distinction.,,"{""previous_labels"":{""discovery"":""CURRENT_SOURCE_REVIEWED"",""implementation"":""PARTIAL"",""local"":""PARTIAL_LOCAL"",""live"":""NOT_VERIFIED""},""meaning"":""Allowed status vocabulary only. Discovery/source inspection is not acceptance. Partial evidence remains FIXED_UNVERIFIED; read the acceptance, evidence and blocker.""}"
USER-021,P1,"3. גילוי, baseline ומטריצת כיסוי",User section 3,- image(20261004-191023).png — רשימת טיקטים.,"Exact user wording; verify source, local runtime and live evidence separately.",All configured; ProTouch and Or-On required,"3. גילוי, baseline ומטריצת כיסוי",Authorized operator / service principal,apps/web/src/features/inbox; apps/web/src/features/inbox-templates; apps/web/src/features/tickets; apps/web/src/app/workspace-details.css; packages/ts/crm/src/tickets.ts,VERIFIED_LOCAL,FIXED_UNVERIFIED,FIXED_UNVERIFIED,NOT_CHECKED,Read exact acceptance; mocks do not establish provider acceptance,UI layouts reviewed and scoped fixes integrated with42eebac2; see UI.md for exact route and behavior coverage.,"Current-source focused web run:10 files,99 tests passed; typecheck passed. Real browser on owned isolated PostgreSQL fixture DB. Full suite tracked separately.",docs/readiness/poc-rescue-local/UI.md; .artifacts/poc-rescue-local/ui/final-*; responsive-route-evidence.json; rendered-route-evidence.json,635d245 includes deployed42eebac2; subsequent scoped UI commit,"Live provider catalog/sends, all roles/tenants and physical-device keyboard/landscape not verified; exact limitations in UI.md.",Complete remaining acceptance scenarios from UI.md on approved live accounts and authorized role fixtures; retain local/live distinction.,,"{""previous_labels"":{""discovery"":""CURRENT_SOURCE_REVIEWED"",""implementation"":""PARTIAL"",""local"":""PARTIAL_LOCAL"",""live"":""NOT_VERIFIED""},""meaning"":""Allowed status vocabulary only. Discovery/source inspection is not acceptance. Partial evidence remains FIXED_UNVERIFIED; read the acceptance, evidence and blocker.""}"
USER-022,P1,"3. גילוי, baseline ומטריצת כיסוי",User section 3,- image(20261004-191046).png — פרטי טיקט.,"Exact user wording; verify source, local runtime and live evidence separately.",All configured; ProTouch and Or-On required,"3. גילוי, baseline ומטריצת כיסוי",Authorized operator / service principal,apps/web/src/features/inbox; apps/web/src/features/inbox-templates; apps/web/src/features/tickets; apps/web/src/app/workspace-details.css; packages/ts/crm/src/tickets.ts,VERIFIED_LOCAL,FIXED_UNVERIFIED,FIXED_UNVERIFIED,NOT_CHECKED,Read exact acceptance; mocks do not establish provider acceptance,UI layouts reviewed and scoped fixes integrated with42eebac2; see UI.md for exact route and behavior coverage.,"Current-source focused web run:10 files,99 tests passed; typecheck passed. Real browser on owned isolated PostgreSQL fixture DB. Full suite tracked separately.",docs/readiness/poc-rescue-local/UI.md; .artifacts/poc-rescue-local/ui/final-*; responsive-route-evidence.json; rendered-route-evidence.json,635d245 includes deployed42eebac2; subsequent scoped UI commit,"Live provider catalog/sends, all roles/tenants and physical-device keyboard/landscape not verified; exact limitations in UI.md.",Complete remaining acceptance scenarios from UI.md on approved live accounts and authorized role fixtures; retain local/live distinction.,,"{""previous_labels"":{""discovery"":""CURRENT_SOURCE_REVIEWED"",""implementation"":""PARTIAL"",""local"":""PARTIAL_LOCAL"",""live"":""NOT_VERIFIED""},""meaning"":""Allowed status vocabulary only. Discovery/source inspection is not acceptance. Partial evidence remains FIXED_UNVERIFIED; read the acceptance, evidence and blocker.""}"
USER-023,P1,"3. גילוי, baseline ומטריצת כיסוי",User section 3,- image(20261004-191124).png — אזור ההרשאות/תג מנהל פלטפורמה.,"Exact user wording; verify source, local runtime and live evidence separately.",All configured; ProTouch and Or-On required,"3. גילוי, baseline ומטריצת כיסוי",Authorized operator / service principal,apps/web/src/features/inbox; apps/web/src/features/inbox-templates; apps/web/src/features/tickets; apps/web/src/app/workspace-details.css; packages/ts/crm/src/tickets.ts,VERIFIED_LOCAL,FIXED_UNVERIFIED,FIXED_UNVERIFIED,NOT_CHECKED,Read exact acceptance; mocks do not establish provider acceptance,UI layouts reviewed and scoped fixes integrated with42eebac2; see UI.md for exact route and behavior coverage.,"Current-source focused web run:10 files,99 tests passed; typecheck passed. Real browser on owned isolated PostgreSQL fixture DB. Full suite tracked separately.",docs/readiness/poc-rescue-local/UI.md; .artifacts/poc-rescue-local/ui/final-*; responsive-route-evidence.json; rendered-route-evidence.json,635d245 includes deployed42eebac2; subsequent scoped UI commit,"Live provider catalog/sends, all roles/tenants and physical-device keyboard/landscape not verified; exact limitations in UI.md.",Complete remaining acceptance scenarios from UI.md on approved live accounts and authorized role fixtures; retain local/live distinction.,,"{""previous_labels"":{""discovery"":""CURRENT_SOURCE_REVIEWED"",""implementation"":""PARTIAL"",""local"":""PARTIAL_LOCAL"",""live"":""NOT_VERIFIED""},""meaning"":""Allowed status vocabulary only. Discovery/source inspection is not acceptance. Partial evidence remains FIXED_UNVERIFIED; read the acceptance, evidence and blocker.""}"
USER-024,P1,"3. גילוי, baseline ומטריצת כיסוי",User section 3,- image(20261004-191141).png — פרטי העסק/טופסי הגדרות.,"Exact user wording; verify source, local runtime and live evidence separately.",All configured; ProTouch and Or-On required,"3. גילוי, baseline ומטריצת כיסוי",Authorized operator / service principal,apps/web/src/features/inbox; apps/web/src/features/inbox-templates; apps/web/src/features/tickets; apps/web/src/app/workspace-details.css; packages/ts/crm/src/tickets.ts,VERIFIED_LOCAL,FIXED_UNVERIFIED,FIXED_UNVERIFIED,NOT_CHECKED,Read exact acceptance; mocks do not establish provider acceptance,UI layouts reviewed and scoped fixes integrated with42eebac2; see UI.md for exact route and behavior coverage.,"Current-source focused web run:10 files,99 tests passed; typecheck passed. Real browser on owned isolated PostgreSQL fixture DB. Full suite tracked separately.",docs/readiness/poc-rescue-local/UI.md; .artifacts/poc-rescue-local/ui/final-*; responsive-route-evidence.json; rendered-route-evidence.json,635d245 includes deployed42eebac2; subsequent scoped UI commit,"Live provider catalog/sends, all roles/tenants and physical-device keyboard/landscape not verified; exact limitations in UI.md.",Complete remaining acceptance scenarios from UI.md on approved live accounts and authorized role fixtures; retain local/live distinction.,,"{""previous_labels"":{""discovery"":""CURRENT_SOURCE_REVIEWED"",""implementation"":""PARTIAL"",""local"":""PARTIAL_LOCAL"",""live"":""NOT_VERIFIED""},""meaning"":""Allowed status vocabulary only. Discovery/source inspection is not acceptance. Partial evidence remains FIXED_UNVERIFIED; read the acceptance, evidence and blocker.""}"
USER-025,P1,4. מצב קודם שיש לבדוק מחדש — אין לראות בו הוכחה נוכחית,User section 4,"- apps/web/src/features/inbox, inbox-templates, tickets, management.","Exact user wording; verify source, local runtime and live evidence separately.",All configured; ProTouch and Or-On required,4. מצב קודם שיש לבדוק מחדש — אין לראות בו הוכחה נוכחית,Authorized operator / service principal,apps/web/src/features/inbox; apps/web/src/features/inbox-templates; apps/web/src/features/tickets; apps/web/src/app/workspace-details.css; packages/ts/crm/src/tickets.ts,VERIFIED_LOCAL,FIXED_UNVERIFIED,FIXED_UNVERIFIED,NOT_CHECKED,Read exact acceptance; mocks do not establish provider acceptance,UI layouts reviewed and scoped fixes integrated with42eebac2; see UI.md for exact route and behavior coverage.,"Current-source focused web run:10 files,99 tests passed; typecheck passed. Real browser on owned isolated PostgreSQL fixture DB. Full suite tracked separately.",docs/readiness/poc-rescue-local/UI.md; .artifacts/poc-rescue-local/ui/final-*; responsive-route-evidence.json; rendered-route-evidence.json,635d245 includes deployed42eebac2; subsequent scoped UI commit,"Live provider catalog/sends, all roles/tenants and physical-device keyboard/landscape not verified; exact limitations in UI.md.",Complete remaining acceptance scenarios from UI.md on approved live accounts and authorized role fixtures; retain local/live distinction.,,"{""previous_labels"":{""discovery"":""CURRENT_SOURCE_REVIEWED"",""implementation"":""PARTIAL"",""local"":""PARTIAL_LOCAL"",""live"":""NOT_VERIFIED""},""meaning"":""Allowed status vocabulary only. Discovery/source inspection is not acceptance. Partial evidence remains FIXED_UNVERIFIED; read the acceptance, evidence and blocker.""}"
USER-026,P1,4. מצב קודם שיש לבדוק מחדש — אין לראות בו הוכחה נוכחית,User section 4,"- apps/web/src/app/inbox-refinement.css, workspace-details.css, tickets.","Exact user wording; verify source, local runtime and live evidence separately.",All configured; ProTouch and Or-On required,4. מצב קודם שיש לבדוק מחדש — אין לראות בו הוכחה נוכחית,Authorized operator / service principal,apps/web/src/features/inbox; apps/web/src/features/inbox-templates; apps/web/src/features/tickets; apps/web/src/app/workspace-details.css; packages/ts/crm/src/tickets.ts,VERIFIED_LOCAL,FIXED_UNVERIFIED,FIXED_UNVERIFIED,NOT_CHECKED,Read exact acceptance; mocks do not establish provider acceptance,UI layouts reviewed and scoped fixes integrated with42eebac2; see UI.md for exact route and behavior coverage.,"Current-source focused web run:10 files,99 tests passed; typecheck passed. Real browser on owned isolated PostgreSQL fixture DB. Full suite tracked separately.",docs/readiness/poc-rescue-local/UI.md; .artifacts/poc-rescue-local/ui/final-*; responsive-route-evidence.json; rendered-route-evidence.json,635d245 includes deployed42eebac2; subsequent scoped UI commit,"Live provider catalog/sends, all roles/tenants and physical-device keyboard/landscape not verified; exact limitations in UI.md.",Complete remaining acceptance scenarios from UI.md on approved live accounts and authorized role fixtures; retain local/live distinction.,,"{""previous_labels"":{""discovery"":""CURRENT_SOURCE_REVIEWED"",""implementation"":""PARTIAL"",""local"":""PARTIAL_LOCAL"",""live"":""NOT_VERIFIED""},""meaning"":""Allowed status vocabulary only. Discovery/source inspection is not acceptance. Partial evidence remains FIXED_UNVERIFIED; read the acceptance, evidence and blocker.""}"
USER-027,P1,4. מצב קודם שיש לבדוק מחדש — אין לראות בו הוכחה נוכחית,User section 4,- packages/ts/crm/src/messaging.ts ו-tickets.ts.,"Exact user wording; verify source, local runtime and live evidence separately.",All configured; ProTouch and Or-On required,4. מצב קודם שיש לבדוק מחדש — אין לראות בו הוכחה נוכחית,Authorized operator / service principal,apps/web/src/features/inbox; apps/web/src/features/inbox-templates; apps/web/src/features/tickets; apps/web/src/app/workspace-details.css; packages/ts/crm/src/tickets.ts,VERIFIED_LOCAL,FIXED_UNVERIFIED,FIXED_UNVERIFIED,NOT_CHECKED,Read exact acceptance; mocks do not establish provider acceptance,"Assessed against detailed acceptance rows: USER-024, USER-025. Passing subsets do not certify the complete instruction.",See linked detailed rows for exact commands/counts and unresolved cases.,"CHECKPOINT.md; VERIFICATION.md; TENANT-ROUTING.md; RUNBOOK.md; USER-024, USER-025",Historical baseline: DEV 42eebac2/schema fc6e851f3ba0. Live 60f26bfe1775997da1fb5159ec9e09a08246068b; schema 9e43a5b02d81 (139 revisions); deployed 2026-10-04T23:06Z,Full requested acceptance remains open where linked local/provider/observation gates are unmet.,"Complete the remaining linked gates; preserve separate local, live POC and production judgments.","[{""as_of"":""Before October5 live60f26bf evidence refresh"",""superseded_fields"":{""revision"":""Current branch codex/poc-rescue-local-20261004; DEV remains42eebac2/schemafc6e851f3ba0""},""reason"":""Preserve prior local/baseline evidence while distinguishing current deployment, controlled outbound success and remaining provider gates.""}]",
USER-028,P1,4. מצב קודם שיש לבדוק מחדש — אין לראות בו הוכחה נוכחית,User section 4,"- services/ts/messaging-worker/src/{database,providers,opening-menu-job}.ts.","Exact user wording; verify source, local runtime and live evidence separately.",All configured; ProTouch and Or-On required,4. מצב קודם שיש לבדוק מחדש — אין לראות בו הוכחה נוכחית,Authorized operator / service principal,packages/ts/crm/src/webhook.ts; services/ts/messaging-worker/src/database.ts; services/ts/messaging-worker/src/providers.ts; services/ts/messaging-worker/src/field-service-provider.ts; services/ts/messaging-worker/src/database.ts,VERIFIED_LOCAL,FIXED_UNVERIFIED,FIXED_UNVERIFIED,NOT_CHECKED,Read exact acceptance; mocks do not establish provider acceptance,"Assessed against detailed acceptance rows: PDF-010, PDF-079. Passing subsets do not certify the complete instruction.",See linked detailed rows for exact commands/counts and unresolved cases.,"CHECKPOINT.md; VERIFICATION.md; TENANT-ROUTING.md; RUNBOOK.md; PDF-010, PDF-079",Historical baseline: DEV 42eebac2/schema fc6e851f3ba0. Live 60f26bfe1775997da1fb5159ec9e09a08246068b; schema 9e43a5b02d81 (139 revisions); deployed 2026-10-04T23:06Z,Full requested acceptance remains open where linked local/provider/observation gates are unmet.,"Complete the remaining linked gates; preserve separate local, live POC and production judgments.","[{""as_of"":""Before October5 live60f26bf evidence refresh"",""superseded_fields"":{""revision"":""Current branch codex/poc-rescue-local-20261004; DEV remains42eebac2/schemafc6e851f3ba0""},""reason"":""Preserve prior local/baseline evidence while distinguishing current deployment, controlled outbound success and remaining provider gates.""}]",
USER-029,P1,4. מצב קודם שיש לבדוק מחדש — אין לראות בו הוכחה נוכחית,User section 4,- packages/py/oron-agent/src/oron_agent/bot.py ו-packages/py/oron-dispatcher.,"Exact user wording; verify source, local runtime and live evidence separately.",All configured; ProTouch and Or-On required,4. מצב קודם שיש לבדוק מחדש — אין לראות בו הוכחה נוכחית,Authorized operator / service principal,packages/py/oron-agent/src/oron_agent/bot.py; packages/py/oron-agent/src/oron_agent/voice_control.py; packages/py/oron-dispatcher; services/py/dispatcher,VERIFIED_LOCAL,VERIFIED_LOCAL,VERIFIED_LOCAL,FIXED_UNVERIFIED,"Separate source/unit, actual DB/container, provider-read and live-call evidence; local stubs cannot certify carrier or cross-channel acceptance.","Reaudited after merging actual deployed source; preserved upstream caps/drain/durable pump/memory protections. Fixed persistent artifact staging, bounded stale media lease, draining readiness, polling/checkpoint cadence and model-descriptor/exit-policy regressions.","1293 current voice/agent/flow/provision tests passed with17 explicitly gated eval skips; those17 separately executed. 35 actual PostgreSQL voice tests and31 memory/knowledge/webhook/usage tests passed0skip; Initial provider inventory was read-only; later live acceptance is recorded separately. Actual candidate containers passed health/DB-role/schema checks and20 disk artifact lifecycles; these are not20 full calls.; Controlled ProTouch outbound session 0af0ed12-555f-5cc8-bc4e-47a033fe1be8: answered=true, ended, recording and transcript present; no TTS/finalization errors. Twilio CA6ed0c3249d2ce35f29e0baeb558232bb completed 23 seconds, sender ***4553 to approved ***7692. User confirmed receipt and Hebrew agent conversation. This is one outbound call, not inbound, load or percentile acceptance.",docs/readiness/poc-rescue-local/VOICE.md; docs/readiness/poc-rescue-local/PROTOUCH-OUTBOUND-PLAN.md; docs/readiness/poc-rescue-local/RUNBOOK.md; docs/readiness/poc-rescue-local/LIVE-ACTIVATION.md; .artifacts/poc-rescue-local/live-voice-60f26bf-provider.json; VOICE-PICKUP-LIFECYCLE.md; .artifacts/poc-rescue-local/live-voice-60f26bf-result.json; .artifacts/poc-rescue-local/live-voice-60f26bf-artifact-readback.json,Live 60f26bfe1775997da1fb5159ec9e09a08246068b; schema 9e43a5b02d81 (139 revisions); deployed 2026-10-04T23:06Z,"Human Hebrew listening, full real call pipeline load, first-audio latency, cap+1 and active-call deployment remain unverified.",Use final image snapshot for container recheck and execute authorized voice acceptance gates independently.,"[{""as_of"":""Before October5 live60f26bf evidence refresh"",""superseded_fields"":{""live"":""BLOCKED"",""tests"":""1293 current voice/agent/flow/provision tests passed with17 explicitly gated eval skips; those17 separately executed. 35 actual PostgreSQL voice tests and31 memory/knowledge/webhook/usage tests passed0skip; provider inventory read succeeded, no live dial. Actual candidate containers passed health/DB-role/schema checks and20 disk artifact lifecycles; these are not20 full calls."",""evidence"":""docs/readiness/poc-rescue-local/VOICE.md; docs/readiness/poc-rescue-local/PROTOUCH-OUTBOUND-PLAN.md; docs/readiness/poc-rescue-local/RUNBOOK.md"",""revision"":""Merged authoritative source42eebac2; voice checkpointa051d45; actual Python image525be698/schema7c91e5a2b640; later carrier fix requires final image rebuild.""},""reason"":""Preserve prior local/baseline evidence while distinguishing current deployment, controlled outbound success and remaining provider gates.""}]",
USER-030,P1,4. מצב קודם שיש לבדוק מחדש — אין לראות בו הוכחה נוכחית,User section 4,- infra/caddy/Caddyfile.deployment ו-infra/compose/deployment.yaml.,"Exact user wording; verify source, local runtime and live evidence separately.",All configured; ProTouch and Or-On required,4. מצב קודם שיש לבדוק מחדש — אין לראות בו הוכחה נוכחית,Authorized operator / service principal,packages/py/oron-agent/src/oron_agent/bot.py; packages/py/oron-agent/src/oron_agent/artifacts.py; infra/compose/deployment.yaml; infra/scripts/readiness_stack.py; .artifacts/poc_stack.py,VERIFIED_LOCAL,FIXED_UNVERIFIED,FIXED_UNVERIFIED,NOT_CHECKED,Read exact acceptance; mocks do not establish provider acceptance,"Assessed against detailed acceptance rows: PDF-064, PDF-101. Passing subsets do not certify the complete instruction.",See linked detailed rows for exact commands/counts and unresolved cases.,"CHECKPOINT.md; VERIFICATION.md; TENANT-ROUTING.md; RUNBOOK.md; PDF-064, PDF-101; docs/readiness/poc-rescue-local/LIVE-ACTIVATION.md; PROTOUCH-INBOUND-ACL-FAILURE.md; .artifacts/poc-rescue-local/live-voice-60f26bf-provider.json",Live 60f26bfe1775997da1fb5159ec9e09a08246068b; schema 9e43a5b02d81 (139 revisions); deployed 2026-10-04T23:06Z,Full requested acceptance remains open where linked local/provider/observation gates are unmet.,"Complete the remaining linked gates; preserve separate local, live POC and production judgments.","[{""as_of"":""Before October5 live60f26bf evidence refresh"",""superseded_fields"":{""evidence"":""CHECKPOINT.md; VERIFICATION.md; TENANT-ROUTING.md; RUNBOOK.md; PDF-064, PDF-101"",""revision"":""Current branch codex/poc-rescue-local-20261004; DEV remains42eebac2/schemafc6e851f3ba0""},""reason"":""Preserve prior local/baseline evidence while distinguishing current deployment, controlled outbound success and remaining provider gates.""}]",
USER-031,P1,4. מצב קודם שיש לבדוק מחדש — אין לראות בו הוכחה נוכחית,User section 4,- scripts/whatsapp_channel_sli.py.,"Exact user wording; verify source, local runtime and live evidence separately.",All configured; ProTouch and Or-On required,4. מצב קודם שיש לבדוק מחדש — אין לראות בו הוכחה נוכחית,Authorized operator / service principal,scripts/whatsapp_channel_sli.py; scripts/tests/test_whatsapp_channel_sli.py; services/ts/messaging-worker/src/remediation-monitor.ts; scripts/whatsapp_channel_sli.py,VERIFIED_LOCAL,FIXED_UNVERIFIED,FIXED_UNVERIFIED,NOT_CHECKED,Read exact acceptance; mocks do not establish provider acceptance,"Assessed against detailed acceptance rows: PDF-002, PDF-115. Passing subsets do not certify the complete instruction.",See linked detailed rows for exact commands/counts and unresolved cases.,"CHECKPOINT.md; VERIFICATION.md; TENANT-ROUTING.md; RUNBOOK.md; PDF-002, PDF-115",Historical baseline: DEV 42eebac2/schema fc6e851f3ba0. Live 60f26bfe1775997da1fb5159ec9e09a08246068b; schema 9e43a5b02d81 (139 revisions); deployed 2026-10-04T23:06Z,Full requested acceptance remains open where linked local/provider/observation gates are unmet.,"Complete the remaining linked gates; preserve separate local, live POC and production judgments.","[{""as_of"":""Before October5 live60f26bf evidence refresh"",""superseded_fields"":{""revision"":""Current branch codex/poc-rescue-local-20261004; DEV remains42eebac2/schemafc6e851f3ba0""},""reason"":""Preserve prior local/baseline evidence while distinguishing current deployment, controlled outbound success and remaining provider gates.""}]",
USER-032,P1,4. מצב קודם שיש לבדוק מחדש — אין לראות בו הוכחה נוכחית,User section 4,"- docs/runbooks/protouch-agent-setup.md, voice-control-plane.md, docs/deployment/dev-gcp.md.","Exact user wording; verify source, local runtime and live evidence separately.",All configured; ProTouch and Or-On required,4. מצב קודם שיש לבדוק מחדש — אין לראות בו הוכחה נוכחית,Authorized operator / service principal,TENANT-ROUTING.md; RUNBOOK.md,VERIFIED_LOCAL,VERIFIED_LOCAL,VERIFIED_LOCAL,NOT_APPLICABLE_WITH_EVIDENCE,Read exact acceptance; mocks do not establish provider acceptance,Existing ProTouch/voice/deployment runbooks read and reconciled against current provider/runtime observations.,"Workflow/artifact/source inspection; this row is a work-process requirement, not provider acceptance.",TENANT-ROUTING.md; RUNBOOK.md,Branch checkpoints through6afa941; active working tree,,Maintain this constraint through final handoff.,,
USER-033,P1,4. מצב קודם שיש לבדוק מחדש — אין לראות בו הוכחה נוכחית,User section 4,"- docs/readiness/poc-rescue, אם קיימת.","Exact user wording; verify source, local runtime and live evidence separately.",All configured; ProTouch and Or-On required,4. מצב קודם שיש לבדוק מחדש — אין לראות בו הוכחה נוכחית,Authorized operator / service principal,VERIFICATION.md,VERIFIED_LOCAL,VERIFIED_LOCAL,VERIFIED_LOCAL,NOT_APPLICABLE_WITH_EVIDENCE,Read exact acceptance; mocks do not establish provider acceptance,Historical readiness directory reviewed; current evidence stored separately under poc-rescue-local and stale results not credited.,"Workflow/artifact/source inspection; this row is a work-process requirement, not provider acceptance.",VERIFICATION.md,Branch checkpoints through6afa941; active working tree,,Maintain this constraint through final handoff.,,
USER-034,P0,5. P0 — בידוד credentials וניתוב טלפוניה של פרוטאץ׳,User section 5,"- האם backend גוזר את הטננט מהקשר מורשה ומאומת, והאם טננט הפעולה נפרד מתפקיד ""מנהל פלטפורמה — כל הטננטים"".","Exact user wording; verify source, local runtime and live evidence separately.",All configured; ProTouch and Or-On required,5. P0 — בידוד credentials וניתוב טלפוניה של פרוטאץ׳,Authorized operator / service principal,apps/web/src/features/auth/server.ts; apps/web/src/app/api/auth/tenant/route.ts; apps/web/src/features/shell; packages/ts/auth/src/tenant-context.ts,VERIFIED_LOCAL,FIXED_UNVERIFIED,FIXED_UNVERIFIED,NOT_CHECKED,"Actual platform-superuser session across both real tenants and each call entry point, including forged action scope, still required.",Retained authenticated session-derived active tenant and transaction-local identity; platform administrator label is separately rendered from active tenant. Tenant switch validates session/CSRF through AuthService.,Full web157/937 includes shell-commands explicit elevated-user active tenant and authorization-contract. Actual DB pool test isolates two tenant/user/session identities. Browser owner switched synthetic tenants; cross-tenant ticket returned404. Voice authenticated grant derivation is recorded in VOICE.md.,docs/readiness/poc-rescue-local/UI.md; VOICE.md; .artifacts/poc-rescue-local/ui/tenant-b-cross-ticket-denied-1366.jpg; web-current-final.log; auth-pool-profile.log,UI 8c48406; pooled runtime 6afa941; proof DB schema 8d32f4a91c70,Superuser label was component-tested; browser fixture was tenant owner. No full real-tenant/operator caller-ID acceptance.,Exercise authenticated platform administrator with active tenant switches and all call initiation paths using approved destinations.,,
USER-035,P0,5. P0 — בידוד credentials וניתוב טלפוניה של פרוטאץ׳,User section 5,"- האם משתנה סביבה גלובלי, SIP_TRUNK_ID יחיד, default account, דוגמת seed, credential cache או fallback עוקפים את התצורה של פרוטאץ׳.","Exact user wording; verify source, local runtime and live evidence separately.",All configured; ProTouch and Or-On required,5. P0 — בידוד credentials וניתוב טלפוניה של פרוטאץ׳,Authorized operator / service principal,packages/py/oron-dispatcher/src/oron_dispatcher/outbound_routing.py; packages/py/oron-dispatcher/src/oron_dispatcher/sip.py; services/py/dispatcher/src/dispatcher_runtime/main.py,REPRODUCED,VERIFIED_LOCAL,VERIFIED_LOCAL,FIXED_UNVERIFIED,"Separate source/unit, actual DB/container, provider-read and live-call evidence; local stubs cannot certify carrier or cross-channel acceptance.",Global outbound trunk was the actual source-level bypass; obsolete ProTouch draft also contained Or-On sender/address and was not loaded. Legacy trunk now cannot authorize tenant; no default account fallback and no cached trunk inventory in the dial boundary.,"1293 current voice/agent/flow/provision tests passed with17 explicitly gated eval skips; those17 separately executed. 35 actual PostgreSQL voice tests and31 memory/knowledge/webhook/usage tests passed0skip; Initial provider inventory was read-only; later live acceptance is recorded separately. Missing routes, account/trunk/sender changes, allowed-number mismatch and inventory auth/read failures are denied locally.; Controlled ProTouch outbound session 0af0ed12-555f-5cc8-bc4e-47a033fe1be8: answered=true, ended, recording and transcript present; no TTS/finalization errors. Twilio CA6ed0c3249d2ce35f29e0baeb558232bb completed 23 seconds, sender ***4553 to approved ***7692. User confirmed receipt and Hebrew agent conversation. This is one outbound call, not inbound, load or percentile acceptance.",docs/readiness/poc-rescue-local/VOICE.md; docs/readiness/poc-rescue-local/PROTOUCH-OUTBOUND-PLAN.md; docs/readiness/poc-rescue-local/RUNBOOK.md; docs/readiness/poc-rescue-local/LIVE-ACTIVATION.md; .artifacts/poc-rescue-local/live-voice-60f26bf-provider.json; .artifacts/poc-rescue-local/live-voice-60f26bf-result.json; .artifacts/poc-rescue-local/live-voice-60f26bf-artifact-readback.json,Live 60f26bfe1775997da1fb5159ec9e09a08246068b; schema 9e43a5b02d81 (139 revisions); deployed 2026-10-04T23:06Z,The global-trunk bypass is fixed and the controlled ProTouch outbound call used ***4553. Complete warm/restart and all-entry-point/cross-tenant live acceptance remains separate.,Verify remaining authorized entry points against explicit tenant routes; no default-account fallback.,"[{""as_of"":""Before October5 live60f26bf evidence refresh"",""superseded_fields"":{""live"":""BLOCKED"",""tests"":""1293 current voice/agent/flow/provision tests passed with17 explicitly gated eval skips; those17 separately executed. 35 actual PostgreSQL voice tests and31 memory/knowledge/webhook/usage tests passed0skip; provider inventory read succeeded, no live dial. Missing routes, account/trunk/sender changes, allowed-number mismatch and inventory auth/read failures are denied locally."",""evidence"":""docs/readiness/poc-rescue-local/VOICE.md; docs/readiness/poc-rescue-local/PROTOUCH-OUTBOUND-PLAN.md; docs/readiness/poc-rescue-local/RUNBOOK.md"",""revision"":""Merged authoritative source42eebac2; voice checkpointa051d45; actual Python image525be698/schema7c91e5a2b640; later carrier fix requires final image rebuild."",""blocker"":""ProTouch carrier termination/credential association and separate LiveKit binding remain unprovisioned; no candidate deployment or recipient-observed caller ID. Full cross-channel entry-point acceptance remains separate."",""next_action"":""Activate only explicit reviewed tenant routes after provisioning approval; verify no default fallback through real entry points.""},""reason"":""Preserve prior local/baseline evidence while distinguishing current deployment, controlled outbound success and remaining provider gates.""}]",
USER-036,P0,5. P0 — בידוד credentials וניתוב טלפוניה של פרוטאץ׳,User section 5,"- האם ה-job שומר הקשר טננט בלתי משתנה בעת יצירתו, והאם החלפת טננט ב-UI או בלשונית אחרת יכולה לשנות שיחה שכבר נמצאת בתור.","Exact user wording; verify source, local runtime and live evidence separately.",All configured; ProTouch and Or-On required,5. P0 — בידוד credentials וניתוב טלפוניה של פרוטאץ׳,Authorized operator / service principal,apps/web/src/app/api/auth/tenant/route.ts; apps/web/tests/voice-ai-controls.test.tsx; voice routing/admission paths documented in VOICE.md,VERIFIED_LOCAL,FIXED_UNVERIFIED,FIXED_UNVERIFIED,NOT_CHECKED,"Queue an actual call job, change tenant in same/second browser tab, dispatch later and observe retained tenant/account/caller binding.",Retained session rotation on tenant switch and voice admission binding/fingerprint recorded by voice work. UI polling aborts old-call responses on navigation and does not silently retry an uncertain mutation.,"Full web includes voice-ai-controls stale epoch, uncertain request, navigation abort and permission revocation tests (component/mocked APIs). VOICE.md records actual DB concurrent admission/replay and modified from/account/trunk rejection.",docs/readiness/poc-rescue-local/VOICE.md; UI.md; .artifacts/poc-rescue-local/web-current-final.log,UI 8c48406; pooled runtime 6afa941; proof DB schema 8d32f4a91c70,No two-tab queued-call browser scenario or recipient-observed real call was performed. Component navigation tests do not establish immutable queued execution.,"Run the queued-job two-tab scenario on isolated provider-safe fixtures, then approved provider canary.",,
USER-037,P0,5. P0 — בידוד credentials וניתוב טלפוניה של פרוטאץ׳,User section 5,"- האם ספק, account, trunk ו-from נשלפים כצירוף מורשה השייך לטננט; normalized E.164 לבדו אינו מוכיח בעלות במספר.","Exact user wording; verify source, local runtime and live evidence separately.",All configured; ProTouch and Or-On required,5. P0 — בידוד credentials וניתוב טלפוניה של פרוטאץ׳,Authorized operator / service principal,packages/py/oron-dispatcher/src/oron_dispatcher/outbound_routing.py; packages/py/oron-dispatcher/src/oron_dispatcher/sip.py; services/py/dispatcher/src/dispatcher_runtime/main.py,REPRODUCED,VERIFIED_LOCAL,VERIFIED_LOCAL,FIXED_UNVERIFIED,"Separate source/unit, actual DB/container, provider-read and live-call evidence; local stubs cannot certify carrier or cross-channel acceptance.",Verified grant selects tenant; immutable route binds tenant/account_ref/trunk_id/from_number/address. Strict parser rejects inconsistent/duplicate bindings. Dial checks exact route and current LiveKit endpoint/allowed sender inventory and explicitly supplies sip_number; admission persists safe refs and rejects route changes on replay. E.164 normalization alone never authorizes route.; New inbound route binds account/DID/tenant/provider trunk and action-time REFER capability; explicit account_owned outbound provisioning verifies pinned PN/account/E164/voice capability without weakening runtime route ownership.,1293 current voice/agent/flow/provision tests passed with17 explicitly gated eval skips; those17 separately executed. 35 actual PostgreSQL voice tests and31 memory/knowledge/webhook/usage tests passed0skip; Initial provider inventory was read-only; later live acceptance is recorded separately. Unit SDK boundary tests and real DB admission fingerprint tests cover wrong sender/account/trunk replay.; Final controlled session0af0ed12 used outbound account_ref protouch-twilio and LiveKit trunk ST_Dc2P469Pn2ZU; Twilio receipt confirms the dedicated ProTouch trunk and exact approved sender/recipient. User confirmed receipt and Hebrew conversation.; Local candidate79a4a84: combined314 passed; later handler/dispatcher/provider87 passed; official-vector handler25 passed; transfer13 passed; actual PostgreSQL4 passed under platform_voice; isolated TLS/Caddy6 routes passed. Counts overlap and must not be summed. Final independent run35 passed (17 gate/isolation probes plus18 tracked real-loopback cases); no provider calls.,docs/readiness/poc-rescue-local/VOICE.md; docs/readiness/poc-rescue-local/PROTOUCH-OUTBOUND-PLAN.md; docs/readiness/poc-rescue-local/RUNBOOK.md; .artifacts/poc-rescue-local/live-voice-60f26bf-result.json; .artifacts/poc-rescue-local/live-voice-60f26bf-provider.json; INBOUND-PEER-REVIEW.md; TWILIO-INBOUND-SIGNED-ROUTING.md; .artifacts/poc-rescue-local/twilio-inbound-peer-final-79a4a84.json,"Live 60f26bfe1775997da1fb5159ec9e09a08246068b; schema 9e43a5b02d81 (139 revisions); deployed 2026-10-04T23:06Z; Local candidate 79a4a84d1df4e00bad2e7821b5673c102bba55b5; independent test checkpoint 8e1a0a0. Last verified live baseline for this review: 60f26bf, schema 9e43a5b02d81. No new deployment or live inbound acceptance claimed.","The controlled ProTouch outbound call used the reviewed account/trunk/sender binding and recipient-observed sender ending 4553. Full cross-tenant, replay and every-entry-point live acceptance remains separate; route metadata alone does not establish carrier tariff.",Retain exact provider and admission binding evidence; verify remaining authorization/replay scenarios without default-account fallback.,"[{""as_of"":""Before October5 live60f26bf evidence refresh"",""superseded_fields"":{""live"":""BLOCKED"",""tests"":""1293 current voice/agent/flow/provision tests passed with17 explicitly gated eval skips; those17 separately executed. 35 actual PostgreSQL voice tests and31 memory/knowledge/webhook/usage tests passed0skip; provider inventory read succeeded, no live dial. Unit SDK boundary tests and real DB admission fingerprint tests cover wrong sender/account/trunk replay."",""evidence"":""docs/readiness/poc-rescue-local/VOICE.md; docs/readiness/poc-rescue-local/PROTOUCH-OUTBOUND-PLAN.md; docs/readiness/poc-rescue-local/RUNBOOK.md"",""revision"":""Merged authoritative source42eebac2; voice checkpointa051d45; actual Python image525be698/schema7c91e5a2b640; later carrier fix requires final image rebuild."",""blocker"":""Operator-reviewed account_ref ownership remains configuration provenance; live provider plan/read succeeds but ProTouch runtime binding and recipient-observed sender are not active. No new carrier tariff can be inferred from route metadata."",""next_action"":""Provision reviewed separate ProTouch trunk without modifying Or-On, activate verified mapping and capture safe provider/request/recipient evidence.""},""reason"":""Preserve prior local/baseline evidence while distinguishing current deployment, controlled outbound success and remaining provider gates.""},{""as_of"":""Before October5 authenticated inbound candidate79a4a84 local verification"",""superseded_fields"":{""fix"":""Verified grant selects tenant; immutable route binds tenant/account_ref/trunk_id/from_number/address. Strict parser rejects inconsistent/duplicate bindings. Dial checks exact route and current LiveKit endpoint/allowed sender inventory and explicitly supplies sip_number; admission persists safe refs and rejects route changes on replay. E.164 normalization alone never authorizes route."",""tests"":""1293 current voice/agent/flow/provision tests passed with17 explicitly gated eval skips; those17 separately executed. 35 actual PostgreSQL voice tests and31 memory/knowledge/webhook/usage tests passed0skip; Initial provider inventory was read-only; later live acceptance is recorded separately. Unit SDK boundary tests and real DB admission fingerprint tests cover wrong sender/account/trunk replay.; Final controlled session0af0ed12 used outbound account_ref protouch-twilio and LiveKit trunk ST_Dc2P469Pn2ZU; Twilio receipt confirms the dedicated ProTouch trunk and exact approved sender/recipient. User confirmed receipt and Hebrew conversation."",""evidence"":""docs/readiness/poc-rescue-local/VOICE.md; docs/readiness/poc-rescue-local/PROTOUCH-OUTBOUND-PLAN.md; docs/readiness/poc-rescue-local/RUNBOOK.md; .artifacts/poc-rescue-local/live-voice-60f26bf-result.json; .artifacts/poc-rescue-local/live-voice-60f26bf-provider.json"",""revision"":""Live 60f26bfe1775997da1fb5159ec9e09a08246068b; schema 9e43a5b02d81 (139 revisions); deployed 2026-10-04T23:06Z""},""reason"":""Preserve prior live failure/containment and partial local state; candidate verification does not establish a new deployed revision or provider acceptance.""}]",
USER-038,P0,5. P0 — בידוד credentials וניתוב טלפוניה של פרוטאץ׳,User section 5,"- האם שינוי חשבון/credentials מבטל cache נכון; המפתח חייב למנוע ערבוב בין טננט, ערוץ, account וגרסת credential לפי הצורך. בדוק גם קריאה מקבילה, warm process ו-restart.","Exact user wording; verify source, local runtime and live evidence separately.",All configured; ProTouch and Or-On required,5. P0 — בידוד credentials וניתוב טלפוניה של פרוטאץ׳,Authorized operator / service principal,"apps/web/src/features/inbox-templates-server/{index,catalog-provider}.ts; services/ts/messaging-worker/tests/{channel-credentials,model-credentials}.test.ts",VERIFIED_LOCAL,FIXED_UNVERIFIED,FIXED_UNVERIFIED,NOT_CHECKED,"Warm production-like process, concurrent credential/account mutation and restart with actual DB envelopes across both tenants; separately validate voice configuration reload.",Retained catalog scope by tenant/channel/account and sealed credential fingerprint; reauthorizes cache hits and rejects mid-response resealing/rotation. Worker credential scope/revocation tests are separately recorded by WhatsApp work.,"Full web passes sealed-catalog and catalog-provider tests: corrupt tenant/channel/ref/key rejected, no global token fallback, cache-hit authorization, rotated token isolation, safe Graph cursor handling. Catalog-provider uses local HTTP server; sealed SQL is mocked.",apps/web/src/features/inbox-templates-server/sealed-catalog.test.ts; catalog-provider.test.ts; .artifacts/poc-rescue-local/web-current-final.log; docs/readiness/poc-rescue-local/WHATSAPP.md,UI 8c48406; pooled runtime 6afa941; proof DB schema 8d32f4a91c70,Catalog/component tests do not prove full live credential rotation/restart behavior in every channel. Process-DB pool reuse is not provider credential-cache verification.,"Run isolated DB-backed credential rotation with parallel catalog/send reads, then candidate restart; capture safe reference/version metadata only.",,
USER-039,P0,5. P0 — בידוד credentials וניתוב טלפוניה של פרוטאץ׳,User section 5,- האם הכרה בטננט בחזרת webhook ובאירועי provider נשענת על routing/binding מאומתים; אין לקבל tenant_id שרירותי מהלקוח או מהודעת ספק לא מאומתת.,"Exact user wording; verify source, local runtime and live evidence separately.",All configured; ProTouch and Or-On required,5. P0 — בידוד credentials וניתוב טלפוניה של פרוטאץ׳,Authorized operator / service principal,"apps/web/src/app/api/webhooks/whatsapp/{handler,route}.ts; packages/ts/crm/src/webhook-store.ts; authenticated voice callbacks described in VOICE.md",VERIFIED_LOCAL,FIXED_UNVERIFIED,FIXED_UNVERIFIED,NOT_CHECKED,Actual signed event receipts for each real provider binding; do not equate mocked expected-account forwarding with full provider callback acceptance.,"WhatsApp checks raw HMAC before parsing/persistence, binds configured phone account, derives receipt tenant from stored channel; new Coexistence adapter additionally binds configured WABA. Client tenant_id is not used by this ingress path.",Actual DB signature-proof regression rejects invalid HMAC and verifies durable tenant-bound attestation. Web adapter tests bind default/additional expected phone and WABA (mocked CRM). Full cross-provider callback suite and Coexistence security results are owned by channel agents.,packages/ts/crm/src/whatsapp-signature-proof.postgres.test.ts; apps/web/tests/whatsapp-api.test.ts; .artifacts/poc-rescue-local/pool-webhook-proof-verified.log; web-pool-adapters-focused.log; docs/readiness/poc-rescue-local/VOICE.md,UI 8c48406; pooled runtime 6afa941; proof DB schema 8d32f4a91c70,No UI-agent live callback/call evidence. Latest Coexistence DB coverage and voice callback results must be assessed separately.,Correlate approved provider callbacks with configured account/channel/tenant receipt and preserve negative forged/mismatched binding cases.,,
USER-040,P0,5. P0 — בידוד credentials וניתוב טלפוניה של פרוטאץ׳,User section 5,"- האם idempotency, מטמון, deduplication, מספרי לקוחות וחיפוש אנשי קשר scoped לטננט. אותו מספר לקוח בשני טננטים אינו מאפשר איחוד נתונים או שימוש בספק של האחר.","Exact user wording; verify source, local runtime and live evidence separately.",All configured; ProTouch and Or-On required,5. P0 — בידוד credentials וניתוב טלפוניה של פרוטאץ׳,Authorized operator / service principal,packages/ts/crm/src/tickets.ts; packages/ts/crm/src/whatsapp-outbound-routing.test.ts; packages/ts/crm/src/whatsapp-outbound-concurrency.postgres.test.ts; packages/ts/auth/src/process-database.postgres.test.ts,VERIFIED_LOCAL,FIXED_UNVERIFIED,FIXED_UNVERIFIED,NOT_CHECKED,"Same customer phone in two real/synthetic tenants across contact search, inbound dedup, outbound idempotency and provider selection; concurrent sessions and UI switching.",Ticket contact join includes tenant and contact; retained conversation-bound outbound routing and tenant-scoped SQL/RLS. Credential cache scope is separately covered by USER-038.,"Browser two synthetic tenants:55 unique ticket rows with correct contacts, tenantB empty list, foreign ticket404 and independent saved business identity. Actual pool DB test runs concurrent tenant isolation. Outbound source tests cover selected channel/latest inbound rather than primary identity and idempotent replay after removal; their broader channel-agent results are separate.",docs/readiness/poc-rescue-local/UI.md; PROCESS-DB-POOL.md; .artifacts/poc-rescue-local/ui/tenant-b-tickets-empty-1366.jpg; tenant-b-cross-ticket-denied-1366.jpg; auth-pool-profile.log,UI 8c48406; pooled runtime 6afa941; proof DB schema 8d32f4a91c70,Two-tenant ticket/RLS evidence does not prove every same-phone dedup/search/provider combination. Full same-phone multi-session scenario remains open.,Add/run explicit same-phone two-tenant scenario through both channels and browser sessions; correlate separate records and immutable job bindings.,,
USER-041,P0,5. P0 — בידוד credentials וניתוב טלפוניה של פרוטאץ׳,User section 5,"- האם UI מציג זהות שולח וחשבון אפקטיביים בלי לחשוף סודות, ונותן שגיאה ברורה כאשר הניתוב אינו תקין.","Exact user wording; verify source, local runtime and live evidence separately.",All configured; ProTouch and Or-On required,5. P0 — בידוד credentials וניתוב טלפוניה של פרוטאץ׳,Authorized operator / service principal,apps/web/src/features/inbox/inbox-workspace.tsx; apps/web/src/features/inbox-templates/template-browser.tsx; apps/web/tests/whatsapp.test.tsx,VERIFIED_LOCAL,FIXED_UNVERIFIED,FIXED_UNVERIFIED,NOT_CHECKED,Real Or-On/ProTouch effective sender/account and misrouting error presentation in both voice and WhatsApp browser flows.,Configured sender label appears next to composer; ownership and inactive AI reason are visible. Template catalog errors remain explicit and retryable; no secrets are included in catalog DTO.,Browser shows synthetic simulator account label/disabled send and unavailable catalog dialog; safe screenshots. Sender component test covers simulator and Meta labels. Catalog tests reject/redact provider errors and omit tokens. Full web157/937 passed.,docs/readiness/poc-rescue-local/UI.md; .artifacts/poc-rescue-local/ui/final-inbox-390-rtl.jpg; final-templates-390-rtl.jpg; web-current-final.log,UI 8c48406; pooled runtime 6afa941; proof DB schema 8d32f4a91c70,Displayed configured sender is not independent proof of provider-effective sender. Not every routing error reason or real voice caller-ID state was browser-verified.,Compare displayed sender with approved provider receipt/caller-ID observation and exercise invalid-binding errors.,,
USER-042,P1,"7. גרסאות סוכנים, Flows, תבניות ושפה",User section 7,"א. אמת בטננט ובערוץ הפעילים את process ID, Flow ID, agent profile/version ID, model, prompt ו-knowledge references. בדוק איזה pin הוא מכוון ואיזה שיוך נשאר בטעות. manifest או JSON בקוד אינם טעינה אוטומטית ל-DB.","Exact user wording; verify source, local runtime and live evidence separately.",All configured; ProTouch and Or-On required,"7. גרסאות סוכנים, Flows, תבניות ושפה",Authorized operator / service principal,services/ts/messaging-worker/src/session-agent-admission.ts; packages/ts/crm/src/agent-quality-gate.ts,VERIFIED_LIVE,FIXED_UNVERIFIED,VERIFIED_LOCAL,BLOCKED,Read exact acceptance; mocks do not establish provider acceptance,Version-specific trusted model routing tests pass. Both live agent versions currently have null model_configuration_id and use gemini-2.5-flash fallback.,session-admission-worker.postgres; model-routing.postgres; trusted-model-routing; wa-current-final:69 files/660 pass/1 Windows symlink skip,docs/readiness/poc-rescue-local/WHATSAPP.md; .artifacts/poc-rescue-local/wa-current-final.log; .artifacts/poc-rescue-local/wa-effective-version.txt; docs/readiness/poc-rescue-local/LIVE-ACTIVATION.md; COEXISTENCE-GAP.md; PROTOUCH-COEXISTENCE-PROVIDER-OPTION.md,origin/deployed42eebac2; local merged source plus opening cancellation patch; deployed schemafc6e851f3ba0,ProTouch remains PENDING and the Business phone app must be preserved. Ordinary registration failed 100/2388001; no further register/delete/deregister is authorized. Supported Coexistence onboarding is unresolved: user declined both own Tech Provider registration and a new paid subscription. Existing Twilio account has only its shared sandbox. Deployed application health does not establish WhatsApp inbound/AI/opening delivery.,Keep phone app and Coexistence disabled; obtain a supported onboarding route consistent with the user constraints before a real account-bound acceptance test. Continue independent local requirement work where incomplete.,"[{""as_of"":""Before October5 live60f26bf evidence refresh"",""superseded_fields"":{""evidence"":""docs/readiness/poc-rescue-local/WHATSAPP.md; .artifacts/poc-rescue-local/wa-current-final.log; .artifacts/poc-rescue-local/wa-effective-version.txt"",""blocker"":""ProTouch registration attempted with user approval: HTTP400/code100/subcode2388001 says number belongs to an existing WhatsApp account; needs user-identified migration/disconnection. No deregistration or further POST. Live acceptance/canary still absent."",""next_action"":""Execute exact acceptance on approved canary/provider and retain real outcomes; do not count mocks as live evidence.""},""reason"":""Preserve prior local/baseline evidence while distinguishing current deployment, controlled outbound success and remaining provider gates.""}]","{""previous_labels"":{""implementation"":""EXISTING_PARTIAL""},""meaning"":""Allowed status vocabulary only. Discovery/source inspection is not acceptance. Partial evidence remains FIXED_UNVERIFIED; read the acceptance, evidence and blocker.""}"
USER-043,P1,"7. גרסאות סוכנים, Flows, תבניות ושפה",User section 7,ב. תקן את lifecycle כך שגרסה מפורסמת ומאושרת אכן תיכנס למסלול המיועד בתחילת session בהתאם למדיניות המוצר. הצג effective version ויכולת להבין מדוע גרסה ישנה עדיין בשימוש. אל תעקוף אישורי Flow או תקפוץ לגרסה לא נבדקת רק כי היא האחרונה.,"Exact user wording; verify source, local runtime and live evidence separately.",All configured; ProTouch and Or-On required,"7. גרסאות סוכנים, Flows, תבניות ושפה",Authorized operator / service principal,services/ts/messaging-worker/src/session-agent-admission.ts; packages/ts/crm/src/agent-quality-gate.ts,VERIFIED_LOCAL,FIXED_UNVERIFIED,VERIFIED_LOCAL,BLOCKED,Read exact acceptance; mocks do not establish provider acceptance,Session admission worker tests pass; live session_memory flag off. Or-On actual WhatsApp conversation is v4; ProTouch configured v1 has not received inbound.,session-admission-worker.postgres; model-routing.postgres; trusted-model-routing; wa-current-final:69 files/660 pass/1 Windows symlink skip,docs/readiness/poc-rescue-local/WHATSAPP.md; .artifacts/poc-rescue-local/wa-current-final.log; docs/readiness/poc-rescue-local/LIVE-ACTIVATION.md; COEXISTENCE-GAP.md; PROTOUCH-COEXISTENCE-PROVIDER-OPTION.md,origin/deployed42eebac2; local merged source plus opening cancellation patch; deployed schemafc6e851f3ba0,ProTouch remains PENDING and the Business phone app must be preserved. Ordinary registration failed 100/2388001; no further register/delete/deregister is authorized. Supported Coexistence onboarding is unresolved: user declined both own Tech Provider registration and a new paid subscription. Existing Twilio account has only its shared sandbox. Deployed application health does not establish WhatsApp inbound/AI/opening delivery.,Keep phone app and Coexistence disabled; obtain a supported onboarding route consistent with the user constraints before a real account-bound acceptance test. Continue independent local requirement work where incomplete.,"[{""as_of"":""Before October5 live60f26bf evidence refresh"",""superseded_fields"":{""evidence"":""docs/readiness/poc-rescue-local/WHATSAPP.md; .artifacts/poc-rescue-local/wa-current-final.log"",""blocker"":""ProTouch registration attempted with user approval: HTTP400/code100/subcode2388001 says number belongs to an existing WhatsApp account; needs user-identified migration/disconnection. No deregistration or further POST. Live acceptance/canary still absent."",""next_action"":""Execute exact acceptance on approved canary/provider and retain real outcomes; do not count mocks as live evidence.""},""reason"":""Preserve prior local/baseline evidence while distinguishing current deployment, controlled outbound success and remaining provider gates.""}]","{""previous_labels"":{""implementation"":""EXISTING_PARTIAL""},""meaning"":""Allowed status vocabulary only. Discovery/source inspection is not acceptance. Partial evidence remains FIXED_UNVERIFIED; read the acceptance, evidence and blocker.""}"
USER-044,P1,"7. גרסאות סוכנים, Flows, תבניות ושפה",User section 7,"ג. תבניות לבחירה ידנית יהיו באזור הכתיבה, נגישות במחשב ובמובייל; בחירה ממלאת טיוטה ופעולת שליחה מפורשת נשמרת. תבנית לא מאושרת/לא מתאימה לא תישלח כאילו אושרה.","Exact user wording; verify source, local runtime and live evidence separately.",All configured; ProTouch and Or-On required,"7. גרסאות סוכנים, Flows, תבניות ושפה",Authorized operator / service principal,apps/web/src/features/inbox; apps/web/src/features/inbox-templates; apps/web/src/features/tickets; apps/web/src/app/workspace-details.css; packages/ts/crm/src/tickets.ts,VERIFIED_LOCAL,FIXED_UNVERIFIED,FIXED_UNVERIFIED,NOT_CHECKED,Read exact acceptance; mocks do not establish provider acceptance,Existing sealed account catalog moved beside composer. Approved supported template selection fills draft only; explicit send remains separate. Unsupported button/media/named-parameter templates disabled. Component tests pass; real catalog unavailable in isolated preview.,"Current-source focused web run:10 files,99 tests passed; typecheck passed. Real browser on owned isolated PostgreSQL fixture DB. Full suite tracked separately.",docs/readiness/poc-rescue-local/UI.md; .artifacts/poc-rescue-local/ui/final-*; responsive-route-evidence.json; rendered-route-evidence.json,635d245 includes deployed42eebac2; subsequent scoped UI commit,"Live provider catalog/sends, all roles/tenants and physical-device keyboard/landscape not verified; exact limitations in UI.md.",Complete remaining acceptance scenarios from UI.md on approved live accounts and authorized role fixtures; retain local/live distinction.,,"{""previous_labels"":{""discovery"":""CURRENT_SOURCE_REVIEWED"",""implementation"":""PARTIAL"",""local"":""PARTIAL_LOCAL"",""live"":""NOT_VERIFIED""},""meaning"":""Allowed status vocabulary only. Discovery/source inspection is not acceptance. Partial evidence remains FIXED_UNVERIFIED; read the acceptance, evidence and blocker.""}"
USER-045,P1,"7. גרסאות סוכנים, Flows, תבניות ושפה",User section 7,"ד. בנה/תקן בנפרד את שליחת הפתיח האוטומטית: הגדר במדויק ""שיחה חדשה"" ו-session/reopen לפי המוצר, ובדוק יצירה חדשה, חזרה אחרי גבול session, פתיחה מחדש ושיחה מתמשכת. הפתיח יישלח פעם אחת באירוע הפתיחה הנדרש גם תחת retries ומרוץ workers, ולא בכל הודעה.","Exact user wording; verify source, local runtime and live evidence separately.",All configured; ProTouch and Or-On required,"7. גרסאות סוכנים, Flows, תבניות ושפה",Authorized operator / service principal,services/ts/messaging-worker/src/opening-menu-job.ts; services/ts/messaging-worker/src/database.ts; db/alembic/versions/fc6e851f3ba0_whatsapp_opening_menu.py,VERIFIED_LOCAL,FIXED_UNVERIFIED,VERIFIED_LOCAL,BLOCKED,Read exact acceptance; mocks do not establish provider acceptance,"Durable once-only menu, exact template/provider binding, retained physical outcomes and language preference/script/fallback. Current local patch cancels blocked/no-action jobs with reason, preserves real offer success. No deployed menu config, principal binding or approved ProTouch template; explicit language choice/provenance remain unverified.","opening-menu-worker.postgres (5), opening-menu-job (6), opening-menu (5); included660pass",docs/readiness/poc-rescue-local/WHATSAPP.md; .artifacts/poc-rescue-local/wa-current-final.log; docs/readiness/poc-rescue-local/LIVE-ACTIVATION.md; COEXISTENCE-GAP.md; PROTOUCH-COEXISTENCE-PROVIDER-OPTION.md,origin/deployed42eebac2; local merged source plus opening cancellation patch; deployed schemafc6e851f3ba0,ProTouch remains PENDING and the Business phone app must be preserved. Ordinary registration failed 100/2388001; no further register/delete/deregister is authorized. Supported Coexistence onboarding is unresolved: user declined both own Tech Provider registration and a new paid subscription. Existing Twilio account has only its shared sandbox. Deployed application health does not establish WhatsApp inbound/AI/opening delivery.,Keep phone app and Coexistence disabled; obtain a supported onboarding route consistent with the user constraints before a real account-bound acceptance test. Continue independent local requirement work where incomplete.,"[{""as_of"":""Before October5 live60f26bf evidence refresh"",""superseded_fields"":{""evidence"":""docs/readiness/poc-rescue-local/WHATSAPP.md; .artifacts/poc-rescue-local/wa-current-final.log"",""blocker"":""ProTouch registration attempted with user approval: HTTP400/code100/subcode2388001 says number belongs to an existing WhatsApp account; needs user-identified migration/disconnection. No deregistration or further POST. Live acceptance/canary still absent."",""next_action"":""Execute exact acceptance on approved canary/provider and retain real outcomes; do not count mocks as live evidence.""},""reason"":""Preserve prior local/baseline evidence while distinguishing current deployment, controlled outbound success and remaining provider gates.""}]","{""previous_labels"":{""implementation"":""EXISTING_PARTIAL""},""meaning"":""Allowed status vocabulary only. Discovery/source inspection is not acceptance. Partial evidence remains FIXED_UNVERIFIED; read the acceptance, evidence and blocker.""}"
USER-046,P1,"7. גרסאות סוכנים, Flows, תבניות ושפה",User section 7,"ה. בחר את התבנית מתוך קטלוג החשבון של הטננט עם השפה והסטטוס הנכונים; כבד את מגבלות הספק וחלון השירות הרלוונטי. שמור היסטוריה שמאפשרת ל-AI להבין תשובת ""כן"" לתבנית.","Exact user wording; verify source, local runtime and live evidence separately.",All configured; ProTouch and Or-On required,"7. גרסאות סוכנים, Flows, תבניות ושפה",Authorized operator / service principal,services/ts/messaging-worker/src/opening-menu-job.ts; services/ts/messaging-worker/src/database.ts; db/alembic/versions/fc6e851f3ba0_whatsapp_opening_menu.py,VERIFIED_LOCAL,FIXED_UNVERIFIED,VERIFIED_LOCAL,BLOCKED,Read exact acceptance; mocks do not establish provider acceptance,"Durable once-only menu, exact template/provider binding, retained physical outcomes and language preference/script/fallback. Current local patch cancels blocked/no-action jobs with reason, preserves real offer success. No deployed menu config, principal binding or approved ProTouch template; explicit language choice/provenance remain unverified.","opening-menu-worker.postgres (5), opening-menu-job (6), opening-menu (5); included660pass",docs/readiness/poc-rescue-local/WHATSAPP.md; .artifacts/poc-rescue-local/wa-current-final.log; docs/readiness/poc-rescue-local/LIVE-ACTIVATION.md; COEXISTENCE-GAP.md; PROTOUCH-COEXISTENCE-PROVIDER-OPTION.md,origin/deployed42eebac2; local merged source plus opening cancellation patch; deployed schemafc6e851f3ba0,ProTouch remains PENDING and the Business phone app must be preserved. Ordinary registration failed 100/2388001; no further register/delete/deregister is authorized. Supported Coexistence onboarding is unresolved: user declined both own Tech Provider registration and a new paid subscription. Existing Twilio account has only its shared sandbox. Deployed application health does not establish WhatsApp inbound/AI/opening delivery.,Keep phone app and Coexistence disabled; obtain a supported onboarding route consistent with the user constraints before a real account-bound acceptance test. Continue independent local requirement work where incomplete.,"[{""as_of"":""Before October5 live60f26bf evidence refresh"",""superseded_fields"":{""evidence"":""docs/readiness/poc-rescue-local/WHATSAPP.md; .artifacts/poc-rescue-local/wa-current-final.log"",""blocker"":""ProTouch registration attempted with user approval: HTTP400/code100/subcode2388001 says number belongs to an existing WhatsApp account; needs user-identified migration/disconnection. No deregistration or further POST. Live acceptance/canary still absent."",""next_action"":""Execute exact acceptance on approved canary/provider and retain real outcomes; do not count mocks as live evidence.""},""reason"":""Preserve prior local/baseline evidence while distinguishing current deployment, controlled outbound success and remaining provider gates.""}]","{""previous_labels"":{""implementation"":""EXISTING_PARTIAL""},""meaning"":""Allowed status vocabulary only. Discovery/source inspection is not acceptance. Partial evidence remains FIXED_UNVERIFIED; read the acceptance, evidence and blocker.""}"
USER-047,P1,"7. גרסאות סוכנים, Flows, תבניות ושפה",User section 7,"ו. המשתמש ביקש התאמה לשפת הטלפון. בדוק אם קיים בכלל מקור אמין לשפת המכשיר במסלול הספק; אין להמציא שדה או להסיק שפה מקידומת בלבד. השתמש בהעדפת לקוח מפורשת/בחירה/metadata נתמך או זיהוי תוכן בעל confidence מתאים לפי מדיניות מתועדת, עם fallback ברור ואפשרות לבחור שפה. שמור מקור החלטת השפה ואל תדרוס העדפה מפורשת בהשערה.","Exact user wording; verify source, local runtime and live evidence separately.",All configured; ProTouch and Or-On required,"7. גרסאות סוכנים, Flows, תבניות ושפה",Authorized operator / service principal,services/ts/messaging-worker/src/opening-menu-job.ts; services/ts/messaging-worker/src/database.ts; db/alembic/versions/fc6e851f3ba0_whatsapp_opening_menu.py,VERIFIED_LOCAL,FIXED_UNVERIFIED,VERIFIED_LOCAL,BLOCKED,Read exact acceptance; mocks do not establish provider acceptance,"Durable once-only menu, exact template/provider binding, retained physical outcomes and language preference/script/fallback. Current local patch cancels blocked/no-action jobs with reason, preserves real offer success. No deployed menu config, principal binding or approved ProTouch template; explicit language choice/provenance remain unverified.","opening-menu-worker.postgres (5), opening-menu-job (6), opening-menu (5); included660pass",docs/readiness/poc-rescue-local/WHATSAPP.md; .artifacts/poc-rescue-local/wa-current-final.log; docs/readiness/poc-rescue-local/LIVE-ACTIVATION.md; COEXISTENCE-GAP.md; PROTOUCH-COEXISTENCE-PROVIDER-OPTION.md,origin/deployed42eebac2; local merged source plus opening cancellation patch; deployed schemafc6e851f3ba0,ProTouch remains PENDING and the Business phone app must be preserved. Ordinary registration failed 100/2388001; no further register/delete/deregister is authorized. Supported Coexistence onboarding is unresolved: user declined both own Tech Provider registration and a new paid subscription. Existing Twilio account has only its shared sandbox. Deployed application health does not establish WhatsApp inbound/AI/opening delivery.,Keep phone app and Coexistence disabled; obtain a supported onboarding route consistent with the user constraints before a real account-bound acceptance test. Continue independent local requirement work where incomplete.,"[{""as_of"":""Before October5 live60f26bf evidence refresh"",""superseded_fields"":{""evidence"":""docs/readiness/poc-rescue-local/WHATSAPP.md; .artifacts/poc-rescue-local/wa-current-final.log"",""blocker"":""ProTouch registration attempted with user approval: HTTP400/code100/subcode2388001 says number belongs to an existing WhatsApp account; needs user-identified migration/disconnection. No deregistration or further POST. Live acceptance/canary still absent."",""next_action"":""Execute exact acceptance on approved canary/provider and retain real outcomes; do not count mocks as live evidence.""},""reason"":""Preserve prior local/baseline evidence while distinguishing current deployment, controlled outbound success and remaining provider gates.""}]","{""previous_labels"":{""implementation"":""EXISTING_PARTIAL""},""meaning"":""Allowed status vocabulary only. Discovery/source inspection is not acceptance. Partial evidence remains FIXED_UNVERIFIED; read the acceptance, evidence and blocker.""}"
USER-048,P1,"7. גרסאות סוכנים, Flows, תבניות ושפה",User section 7,"ז. בדוק שאין שתיקה, הודעת פתיחה כפולה או תשובה כפולה כתוצאה ממרוץ בין menu, template ו-AI. חסימה תירשם עם סיבה; succeeded פירושו הצלחה אמיתית של הפעולה המוגדרת, לא פשוט יציאה בלי exception.","Exact user wording; verify source, local runtime and live evidence separately.",All configured; ProTouch and Or-On required,"7. גרסאות סוכנים, Flows, תבניות ושפה",Authorized operator / service principal,services/ts/messaging-worker/src/opening-menu-job.ts; services/ts/messaging-worker/src/database.ts; db/alembic/versions/fc6e851f3ba0_whatsapp_opening_menu.py,VERIFIED_LOCAL,FIXED_UNVERIFIED,VERIFIED_LOCAL,BLOCKED,Read exact acceptance; mocks do not establish provider acceptance,"Durable once-only menu, exact template/provider binding, retained physical outcomes and language preference/script/fallback. Current local patch cancels blocked/no-action jobs with reason, preserves real offer success. No deployed menu config, principal binding or approved ProTouch template; explicit language choice/provenance remain unverified.","opening-menu-worker.postgres (5), opening-menu-job (6), opening-menu (5); included660pass",docs/readiness/poc-rescue-local/WHATSAPP.md; .artifacts/poc-rescue-local/wa-current-final.log; docs/readiness/poc-rescue-local/LIVE-ACTIVATION.md; COEXISTENCE-GAP.md; PROTOUCH-COEXISTENCE-PROVIDER-OPTION.md,origin/deployed42eebac2; local merged source plus opening cancellation patch; deployed schemafc6e851f3ba0,ProTouch remains PENDING and the Business phone app must be preserved. Ordinary registration failed 100/2388001; no further register/delete/deregister is authorized. Supported Coexistence onboarding is unresolved: user declined both own Tech Provider registration and a new paid subscription. Existing Twilio account has only its shared sandbox. Deployed application health does not establish WhatsApp inbound/AI/opening delivery.,Keep phone app and Coexistence disabled; obtain a supported onboarding route consistent with the user constraints before a real account-bound acceptance test. Continue independent local requirement work where incomplete.,"[{""as_of"":""Before October5 live60f26bf evidence refresh"",""superseded_fields"":{""evidence"":""docs/readiness/poc-rescue-local/WHATSAPP.md; .artifacts/poc-rescue-local/wa-current-final.log"",""blocker"":""ProTouch registration attempted with user approval: HTTP400/code100/subcode2388001 says number belongs to an existing WhatsApp account; needs user-identified migration/disconnection. No deregistration or further POST. Live acceptance/canary still absent."",""next_action"":""Execute exact acceptance on approved canary/provider and retain real outcomes; do not count mocks as live evidence.""},""reason"":""Preserve prior local/baseline evidence while distinguishing current deployment, controlled outbound success and remaining provider gates.""}]","{""previous_labels"":{""implementation"":""EXISTING_PARTIAL""},""meaning"":""Allowed status vocabulary only. Discovery/source inspection is not acceptance. Partial evidence remains FIXED_UNVERIFIED; read the acceptance, evidence and blocker.""}"
USER-049,P1,10. מובייל כחוויית אפליקציה,User section 10,"- shell וניווט ברורים; החלט על bottom navigation/תפריט/סרגל פעולות לפי המסכים והצרכים בפועל, בלי לכפות pattern שפוגע בשימוש.","Exact user wording; verify source, local runtime and live evidence separately.",All configured; ProTouch and Or-On required,10. מובייל כחוויית אפליקציה,Authorized operator / service principal,apps/web/src/features/inbox; apps/web/src/features/inbox-templates; apps/web/src/features/tickets; apps/web/src/app/workspace-details.css; packages/ts/crm/src/tickets.ts,VERIFIED_LOCAL,FIXED_UNVERIFIED,FIXED_UNVERIFIED,NOT_CHECKED,Read exact acceptance; mocks do not establish provider acceptance,Existing responsive shell retained;31 routes/states measured at seven widths. Four are feature/access-denied states.,"Current-source focused web run:10 files,99 tests passed; typecheck passed. Real browser on owned isolated PostgreSQL fixture DB. Full suite tracked separately.",docs/readiness/poc-rescue-local/UI.md; .artifacts/poc-rescue-local/ui/final-*; responsive-route-evidence.json; rendered-route-evidence.json,635d245 includes deployed42eebac2; subsequent scoped UI commit,"Live provider catalog/sends, all roles/tenants and physical-device keyboard/landscape not verified; exact limitations in UI.md.",Complete remaining acceptance scenarios from UI.md on approved live accounts and authorized role fixtures; retain local/live distinction.,,"{""previous_labels"":{""discovery"":""CURRENT_SOURCE_REVIEWED"",""implementation"":""PARTIAL"",""local"":""PARTIAL_LOCAL"",""live"":""NOT_VERIFIED""},""meaning"":""Allowed status vocabulary only. Discovery/source inspection is not acceptance. Partial evidence remains FIXED_UNVERIFIED; read the acceptance, evidence and blocker.""}"
USER-050,P1,10. מובייל כחוויית אפליקציה,User section 10,"- מסכים ברורים לרשימה, פריט ופרטים, עם חזרה עקבית ששומרת פילטרים ומיקום גלילה.","Exact user wording; verify source, local runtime and live evidence separately.",All configured; ProTouch and Or-On required,10. מובייל כחוויית אפליקציה,Authorized operator / service principal,apps/web/src/features/inbox; apps/web/src/features/inbox-templates; apps/web/src/features/tickets; apps/web/src/app/workspace-details.css; packages/ts/crm/src/tickets.ts,VERIFIED_LOCAL,FIXED_UNVERIFIED,FIXED_UNVERIFIED,NOT_CHECKED,Read exact acceptance; mocks do not establish provider acceptance,Mobile Inbox browser Back returns to list and retains current draft; direct conversation URL survives reload. Cross-route scroll retention not comprehensively tested.,"Current-source focused web run:10 files,99 tests passed; typecheck passed. Real browser on owned isolated PostgreSQL fixture DB. Full suite tracked separately.",docs/readiness/poc-rescue-local/UI.md; .artifacts/poc-rescue-local/ui/final-*; responsive-route-evidence.json; rendered-route-evidence.json,635d245 includes deployed42eebac2; subsequent scoped UI commit,"Live provider catalog/sends, all roles/tenants and physical-device keyboard/landscape not verified; exact limitations in UI.md.",Complete remaining acceptance scenarios from UI.md on approved live accounts and authorized role fixtures; retain local/live distinction.,,"{""previous_labels"":{""discovery"":""CURRENT_SOURCE_REVIEWED"",""implementation"":""PARTIAL"",""local"":""PARTIAL_LOCAL"",""live"":""NOT_VERIFIED""},""meaning"":""Allowed status vocabulary only. Discovery/source inspection is not acceptance. Partial evidence remains FIXED_UNVERIFIED; read the acceptance, evidence and blocker.""}"
USER-051,P1,10. מובייל כחוויית אפליקציה,User section 10,"- פעולות ראשיות נגישות לאגודל, touch targets של לפחות 44×44 ככל שמתאים לרכיב, ללא הסתמכות על hover.","Exact user wording; verify source, local runtime and live evidence separately.",All configured; ProTouch and Or-On required,10. מובייל כחוויית אפליקציה,Authorized operator / service principal,apps/web/src/features/inbox; apps/web/src/features/inbox-templates; apps/web/src/features/tickets; apps/web/src/app/workspace-details.css; packages/ts/crm/src/tickets.ts,VERIFIED_LOCAL,FIXED_UNVERIFIED,FIXED_UNVERIFIED,NOT_CHECKED,Read exact acceptance; mocks do not establish provider acceptance,Inbox send measures44x44 at seven widths; ticket status/action targets enlarged. Every platform control not audited.,"Current-source focused web run:10 files,99 tests passed; typecheck passed. Real browser on owned isolated PostgreSQL fixture DB. Full suite tracked separately.",docs/readiness/poc-rescue-local/UI.md; .artifacts/poc-rescue-local/ui/final-*; responsive-route-evidence.json; rendered-route-evidence.json,635d245 includes deployed42eebac2; subsequent scoped UI commit,"Live provider catalog/sends, all roles/tenants and physical-device keyboard/landscape not verified; exact limitations in UI.md.",Complete remaining acceptance scenarios from UI.md on approved live accounts and authorized role fixtures; retain local/live distinction.,,"{""previous_labels"":{""discovery"":""CURRENT_SOURCE_REVIEWED"",""implementation"":""PARTIAL"",""local"":""PARTIAL_LOCAL"",""live"":""NOT_VERIFIED""},""meaning"":""Allowed status vocabulary only. Discovery/source inspection is not acceptance. Partial evidence remains FIXED_UNVERIFIED; read the acceptance, evidence and blocker.""}"
USER-052,P1,10. מובייל כחוויית אפליקציה,User section 10,"- safe-area insets, dynamic viewport, מצב landscape, keyboard פתוח, browser back, פתיחת קישור ישיר ותפריטים/Dialogs בגובה מסך קטן.","Exact user wording; verify source, local runtime and live evidence separately.",All configured; ProTouch and Or-On required,10. מובייל כחוויית אפליקציה,Authorized operator / service principal,apps/web/src/features/inbox; apps/web/src/features/inbox-templates; apps/web/src/features/tickets; apps/web/src/app/workspace-details.css; packages/ts/crm/src/tickets.ts,VERIFIED_LOCAL,FIXED_UNVERIFIED,FIXED_UNVERIFIED,NOT_CHECKED,Read exact acceptance; mocks do not establish provider acceptance,"Browser Back and deep link reload verified. Hardware safe areas, physical keyboard and landscape remain unverified.","Current-source focused web run:10 files,99 tests passed; typecheck passed. Real browser on owned isolated PostgreSQL fixture DB. Full suite tracked separately.",docs/readiness/poc-rescue-local/UI.md; .artifacts/poc-rescue-local/ui/final-*; responsive-route-evidence.json; rendered-route-evidence.json,635d245 includes deployed42eebac2; subsequent scoped UI commit,"Live provider catalog/sends, all roles/tenants and physical-device keyboard/landscape not verified; exact limitations in UI.md.",Complete remaining acceptance scenarios from UI.md on approved live accounts and authorized role fixtures; retain local/live distinction.,,"{""previous_labels"":{""discovery"":""CURRENT_SOURCE_REVIEWED"",""implementation"":""PARTIAL"",""local"":""PARTIAL_LOCAL"",""live"":""NOT_VERIFIED""},""meaning"":""Allowed status vocabulary only. Discovery/source inspection is not acceptance. Partial evidence remains FIXED_UNVERIFIED; read the acceptance, evidence and blocker.""}"
USER-053,P1,10. מובייל כחוויית אפליקציה,User section 10,"- composer, כפתור שליחה ושדות פעילים אינם מוסתרים על ידי המקלדת/סרגל תחתון. focus ושגיאות מובילים למיקום הנכון.","Exact user wording; verify source, local runtime and live evidence separately.",All configured; ProTouch and Or-On required,10. מובייל כחוויית אפליקציה,Authorized operator / service principal,apps/web/src/features/inbox; apps/web/src/features/inbox-templates; apps/web/src/features/tickets; apps/web/src/app/workspace-details.css; packages/ts/crm/src/tickets.ts,VERIFIED_LOCAL,FIXED_UNVERIFIED,FIXED_UNVERIFIED,NOT_CHECKED,Read exact acceptance; mocks do not establish provider acceptance,Composer and send visible in tested portrait emulations. Actual virtual-keyboard occlusion and every focus/error path remain unverified.,"Current-source focused web run:10 files,99 tests passed; typecheck passed. Real browser on owned isolated PostgreSQL fixture DB. Full suite tracked separately.",docs/readiness/poc-rescue-local/UI.md; .artifacts/poc-rescue-local/ui/final-*; responsive-route-evidence.json; rendered-route-evidence.json,635d245 includes deployed42eebac2; subsequent scoped UI commit,"Live provider catalog/sends, all roles/tenants and physical-device keyboard/landscape not verified; exact limitations in UI.md.",Complete remaining acceptance scenarios from UI.md on approved live accounts and authorized role fixtures; retain local/live distinction.,,"{""previous_labels"":{""discovery"":""CURRENT_SOURCE_REVIEWED"",""implementation"":""PARTIAL"",""local"":""PARTIAL_LOCAL"",""live"":""NOT_VERIFIED""},""meaning"":""Allowed status vocabulary only. Discovery/source inspection is not acceptance. Partial evidence remains FIXED_UNVERIFIED; read the acceptance, evidence and blocker.""}"
USER-054,P1,10. מובייל כחוויית אפליקציה,User section 10,"- אין גלילה אופקית של העמוד, טקסט חתוך שמונע פעולה, גלילה כפולה מבלבלת או sidebar שתופס את כל המסך. טבלאות רחבות יקבלו תצוגת מובייל שימושית עם תוויות וקישור לפרטים.","Exact user wording; verify source, local runtime and live evidence separately.",All configured; ProTouch and Or-On required,10. מובייל כחוויית אפליקציה,Authorized operator / service principal,apps/web/src/features/inbox; apps/web/src/features/inbox-templates; apps/web/src/features/tickets; apps/web/src/app/workspace-details.css; packages/ts/crm/src/tickets.ts,VERIFIED_LOCAL,FIXED_UNVERIFIED,FIXED_UNVERIFIED,NOT_CHECKED,Read exact acceptance; mocks do not establish provider acceptance,"No document overflow measured at320,375,390,430,768,1366,1920 across31 routes/states. Labeled mobile ticket cards implemented. Not a complete nested-control fit audit.","Current-source focused web run:10 files,99 tests passed; typecheck passed. Real browser on owned isolated PostgreSQL fixture DB. Full suite tracked separately.",docs/readiness/poc-rescue-local/UI.md; .artifacts/poc-rescue-local/ui/final-*; responsive-route-evidence.json; rendered-route-evidence.json,635d245 includes deployed42eebac2; subsequent scoped UI commit,"Live provider catalog/sends, all roles/tenants and physical-device keyboard/landscape not verified; exact limitations in UI.md.",Complete remaining acceptance scenarios from UI.md on approved live accounts and authorized role fixtures; retain local/live distinction.,,"{""previous_labels"":{""discovery"":""CURRENT_SOURCE_REVIEWED"",""implementation"":""PARTIAL"",""local"":""PARTIAL_LOCAL"",""live"":""NOT_VERIFIED""},""meaning"":""Allowed status vocabulary only. Discovery/source inspection is not acceptance. Partial evidence remains FIXED_UNVERIFIED; read the acceptance, evidence and blocker.""}"
USER-055,P1,10. מובייל כחוויית אפליקציה,User section 10,"- העברת קבצים, תצוגת תמונות/מסמכים, הודעות קוליות ופעולות שיחה שימושיות במגע כאשר היכולת קיימת במוצר.","Exact user wording; verify source, local runtime and live evidence separately.",All configured; ProTouch and Or-On required,10. מובייל כחוויית אפליקציה,Authorized operator / service principal,apps/web/src/features/inbox; apps/web/src/features/inbox-templates; apps/web/src/features/tickets; apps/web/src/app/workspace-details.css; packages/ts/crm/src/tickets.ts,VERIFIED_LOCAL,FIXED_UNVERIFIED,FIXED_UNVERIFIED,NOT_CHECKED,Read exact acceptance; mocks do not establish provider acceptance,Upstream image/audio/video rendering retained; focused media tests pass. Large-media uploads and touch playback not exercised against provider.,"Current-source focused web run:10 files,99 tests passed; typecheck passed. Real browser on owned isolated PostgreSQL fixture DB. Full suite tracked separately.",docs/readiness/poc-rescue-local/UI.md; .artifacts/poc-rescue-local/ui/final-*; responsive-route-evidence.json; rendered-route-evidence.json,635d245 includes deployed42eebac2; subsequent scoped UI commit,"Live provider catalog/sends, all roles/tenants and physical-device keyboard/landscape not verified; exact limitations in UI.md.",Complete remaining acceptance scenarios from UI.md on approved live accounts and authorized role fixtures; retain local/live distinction.,,"{""previous_labels"":{""discovery"":""CURRENT_SOURCE_REVIEWED"",""implementation"":""PARTIAL"",""local"":""PARTIAL_LOCAL"",""live"":""NOT_VERIFIED""},""meaning"":""Allowed status vocabulary only. Discovery/source inspection is not acceptance. Partial evidence remains FIXED_UNVERIFIED; read the acceptance, evidence and blocker.""}"
USER-056,P1,10. מובייל כחוויית אפליקציה,User section 10,- מצבי loading/offline/network failure מוצגים בכנות; אל תציג פעולה כבוצעה לפני שהתקבלה. אין אובדן טיוטה או double-submit בעקבות reconnect.,"Exact user wording; verify source, local runtime and live evidence separately.",All configured; ProTouch and Or-On required,10. מובייל כחוויית אפליקציה,Authorized operator / service principal,apps/web/src/features/inbox; apps/web/src/features/inbox-templates; apps/web/src/features/tickets; apps/web/src/app/workspace-details.css; packages/ts/crm/src/tickets.ts,VERIFIED_LOCAL,FIXED_UNVERIFIED,FIXED_UNVERIFIED,NOT_CHECKED,Read exact acceptance; mocks do not establish provider acceptance,Catalog unavailable/retry and disabled-send states observed honestly; draft retained across mobile back. Offline/reconnect and double-submit not browser-tested.,"Current-source focused web run:10 files,99 tests passed; typecheck passed. Real browser on owned isolated PostgreSQL fixture DB. Full suite tracked separately.",docs/readiness/poc-rescue-local/UI.md; .artifacts/poc-rescue-local/ui/final-*; responsive-route-evidence.json; rendered-route-evidence.json,635d245 includes deployed42eebac2; subsequent scoped UI commit,"Live provider catalog/sends, all roles/tenants and physical-device keyboard/landscape not verified; exact limitations in UI.md.",Complete remaining acceptance scenarios from UI.md on approved live accounts and authorized role fixtures; retain local/live distinction.,,"{""previous_labels"":{""discovery"":""CURRENT_SOURCE_REVIEWED"",""implementation"":""PARTIAL"",""local"":""PARTIAL_LOCAL"",""live"":""NOT_VERIFIED""},""meaning"":""Allowed status vocabulary only. Discovery/source inspection is not acceptance. Partial evidence remains FIXED_UNVERIFIED; read the acceptance, evidence and blocker.""}"
USER-057,P1,10. מובייל כחוויית אפליקציה,User section 10,"- RTL בעברית ו-LTR בשפות אחרות, טקסט מעורב, מספרי טלפון, תאריכים ומזהים מוצגים נכון.","Exact user wording; verify source, local runtime and live evidence separately.",All configured; ProTouch and Or-On required,10. מובייל כחוויית אפליקציה,Authorized operator / service principal,apps/web/src/features/inbox; apps/web/src/features/inbox-templates; apps/web/src/features/tickets; apps/web/src/app/workspace-details.css; packages/ts/crm/src/tickets.ts,VERIFIED_LOCAL,FIXED_UNVERIFIED,FIXED_UNVERIFIED,NOT_CHECKED,Read exact acceptance; mocks do not establish provider acceptance,Desktop English and mobile Hebrew observed; Inbox RTL and ticket list LTR measured at all seven widths with mixed-language fixture content.,"Current-source focused web run:10 files,99 tests passed; typecheck passed. Real browser on owned isolated PostgreSQL fixture DB. Full suite tracked separately.",docs/readiness/poc-rescue-local/UI.md; .artifacts/poc-rescue-local/ui/final-*; responsive-route-evidence.json; rendered-route-evidence.json,635d245 includes deployed42eebac2; subsequent scoped UI commit,"Live provider catalog/sends, all roles/tenants and physical-device keyboard/landscape not verified; exact limitations in UI.md.",Complete remaining acceptance scenarios from UI.md on approved live accounts and authorized role fixtures; retain local/live distinction.,,"{""previous_labels"":{""discovery"":""CURRENT_SOURCE_REVIEWED"",""implementation"":""PARTIAL"",""local"":""PARTIAL_LOCAL"",""live"":""NOT_VERIFIED""},""meaning"":""Allowed status vocabulary only. Discovery/source inspection is not acceptance. Partial evidence remains FIXED_UNVERIFIED; read the acceptance, evidence and blocker.""}"
USER-058,P1,10. מובייל כחוויית אפליקציה,User section 10,"- keyboard navigation, focus visible, labels, contrast, reduced motion ו-dialog focus management יעבדו גם במחשב.","Exact user wording; verify source, local runtime and live evidence separately.",All configured; ProTouch and Or-On required,10. מובייל כחוויית אפליקציה,Authorized operator / service principal,apps/web/src/features/inbox; apps/web/src/features/inbox-templates; apps/web/src/features/tickets; apps/web/src/app/workspace-details.css; packages/ts/crm/src/tickets.ts,VERIFIED_LOCAL,FIXED_UNVERIFIED,FIXED_UNVERIFIED,NOT_CHECKED,Read exact acceptance; mocks do not establish provider acceptance,Template dialog Escape closes and restores trigger focus; existing keyboard/focus tests pass. Full contrast/reduced-motion audit remains open.,"Current-source focused web run:10 files,99 tests passed; typecheck passed. Real browser on owned isolated PostgreSQL fixture DB. Full suite tracked separately.",docs/readiness/poc-rescue-local/UI.md; .artifacts/poc-rescue-local/ui/final-*; responsive-route-evidence.json; rendered-route-evidence.json,635d245 includes deployed42eebac2; subsequent scoped UI commit,"Live provider catalog/sends, all roles/tenants and physical-device keyboard/landscape not verified; exact limitations in UI.md.",Complete remaining acceptance scenarios from UI.md on approved live accounts and authorized role fixtures; retain local/live distinction.,,"{""previous_labels"":{""discovery"":""CURRENT_SOURCE_REVIEWED"",""implementation"":""PARTIAL"",""local"":""PARTIAL_LOCAL"",""live"":""NOT_VERIFIED""},""meaning"":""Allowed status vocabulary only. Discovery/source inspection is not acceptance. Partial evidence remains FIXED_UNVERIFIED; read the acceptance, evidence and blocker.""}"
USER-059,P1,11. מסכים שדורשים טיפול מפורש,User section 11,"- רשימת שיחות, thread ופרטי לקוח הם אזורים מובחנים במחשב ומסכים/panels נכונים במובייל.","Exact user wording; verify source, local runtime and live evidence separately.",All configured; ProTouch and Or-On required,11. מסכים שדורשים טיפול מפורש,Authorized operator / service principal,apps/web/src/features/inbox; apps/web/src/features/inbox-templates; apps/web/src/features/tickets; apps/web/src/app/workspace-details.css; packages/ts/crm/src/tickets.ts,VERIFIED_LOCAL,FIXED_UNVERIFIED,FIXED_UNVERIFIED,NOT_CHECKED,Read exact acceptance; mocks do not establish provider acceptance,Desktop list/thread/navigation regions observed; mobile selected thread and back-to-list verified. Contact details remain separate from template composer dialog.,"Current-source focused web run:10 files,99 tests passed; typecheck passed. Real browser on owned isolated PostgreSQL fixture DB. Full suite tracked separately.",docs/readiness/poc-rescue-local/UI.md; .artifacts/poc-rescue-local/ui/final-*; responsive-route-evidence.json; rendered-route-evidence.json,635d245 includes deployed42eebac2; subsequent scoped UI commit,"Live provider catalog/sends, all roles/tenants and physical-device keyboard/landscape not verified; exact limitations in UI.md.",Complete remaining acceptance scenarios from UI.md on approved live accounts and authorized role fixtures; retain local/live distinction.,,"{""previous_labels"":{""discovery"":""CURRENT_SOURCE_REVIEWED"",""implementation"":""PARTIAL"",""local"":""PARTIAL_LOCAL"",""live"":""NOT_VERIFIED""},""meaning"":""Allowed status vocabulary only. Discovery/source inspection is not acceptance. Partial evidence remains FIXED_UNVERIFIED; read the acceptance, evidence and blocker.""}"
USER-060,P1,11. מסכים שדורשים טיפול מפורש,User section 11,"- חיפוש, unread, מיון, filters, pagination ופתיחת השיחה הנכונה עובדים; פקד pagination אינו מוסתר ב-CSS.","Exact user wording; verify source, local runtime and live evidence separately.",All configured; ProTouch and Or-On required,11. מסכים שדורשים טיפול מפורש,Authorized operator / service principal,apps/web/src/features/inbox; apps/web/src/features/inbox-templates; apps/web/src/features/tickets; apps/web/src/app/workspace-details.css; packages/ts/crm/src/tickets.ts,VERIFIED_LOCAL,FIXED_UNVERIFIED,FIXED_UNVERIFIED,NOT_CHECKED,Read exact acceptance; mocks do not establish provider acceptance,Removed CSS hiding Inbox footer;8-conversation fixture shows loaded count. Multi-page Inbox and full filter combinations not DB/browser-verified.,"Current-source focused web run:10 files,99 tests passed; typecheck passed. Real browser on owned isolated PostgreSQL fixture DB. Full suite tracked separately.",docs/readiness/poc-rescue-local/UI.md; .artifacts/poc-rescue-local/ui/final-*; responsive-route-evidence.json; rendered-route-evidence.json,635d245 includes deployed42eebac2; subsequent scoped UI commit,"Live provider catalog/sends, all roles/tenants and physical-device keyboard/landscape not verified; exact limitations in UI.md.",Complete remaining acceptance scenarios from UI.md on approved live accounts and authorized role fixtures; retain local/live distinction.,,"{""previous_labels"":{""discovery"":""CURRENT_SOURCE_REVIEWED"",""implementation"":""PARTIAL"",""local"":""PARTIAL_LOCAL"",""live"":""NOT_VERIFIED""},""meaning"":""Allowed status vocabulary only. Discovery/source inspection is not acceptance. Partial evidence remains FIXED_UNVERIFIED; read the acceptance, evidence and blocker.""}"
USER-061,P1,11. מסכים שדורשים טיפול מפורש,User section 11,"- גלילת היסטוריה, הודעה חדשה, טעינת מדיה, timestamps, sender identity ו-delivery states אינם מקפיצים/מבלבלים.","Exact user wording; verify source, local runtime and live evidence separately.",All configured; ProTouch and Or-On required,11. מסכים שדורשים טיפול מפורש,Authorized operator / service principal,apps/web/src/features/inbox; apps/web/src/features/inbox-templates; apps/web/src/features/tickets; apps/web/src/app/workspace-details.css; packages/ts/crm/src/tickets.ts,VERIFIED_LOCAL,FIXED_UNVERIFIED,FIXED_UNVERIFIED,NOT_CHECKED,Read exact acceptance; mocks do not establish provider acceptance,"Fixture sender identity, timestamps and delivery state visible. Long history, new-message and media scroll stability not comprehensively tested.","Current-source focused web run:10 files,99 tests passed; typecheck passed. Real browser on owned isolated PostgreSQL fixture DB. Full suite tracked separately.",docs/readiness/poc-rescue-local/UI.md; .artifacts/poc-rescue-local/ui/final-*; responsive-route-evidence.json; rendered-route-evidence.json,635d245 includes deployed42eebac2; subsequent scoped UI commit,"Live provider catalog/sends, all roles/tenants and physical-device keyboard/landscape not verified; exact limitations in UI.md.",Complete remaining acceptance scenarios from UI.md on approved live accounts and authorized role fixtures; retain local/live distinction.,,"{""previous_labels"":{""discovery"":""CURRENT_SOURCE_REVIEWED"",""implementation"":""PARTIAL"",""local"":""PARTIAL_LOCAL"",""live"":""NOT_VERIFIED""},""meaning"":""Allowed status vocabulary only. Discovery/source inspection is not acceptance. Partial evidence remains FIXED_UNVERIFIED; read the acceptance, evidence and blocker.""}"
USER-062,P1,11. מסכים שדורשים טיפול מפורש,User section 11,- תבניות נמצאות בהקשר כתיבת הודעה; פרטי לקוח אינם מגירה של פיצ'רים שאינם שייכים לשם.,"Exact user wording; verify source, local runtime and live evidence separately.",All configured; ProTouch and Or-On required,11. מסכים שדורשים טיפול מפורש,Authorized operator / service principal,apps/web/src/features/inbox; apps/web/src/features/inbox-templates; apps/web/src/features/tickets; apps/web/src/app/workspace-details.css; packages/ts/crm/src/tickets.ts,VERIFIED_LOCAL,FIXED_UNVERIFIED,VERIFIED_LOCAL,NOT_CHECKED,Read exact acceptance; mocks do not establish provider acceptance,"Template browser removed from contact details and exposed by composer button, including mobile dialog.","Current-source focused web run:10 files,99 tests passed; typecheck passed. Real browser on owned isolated PostgreSQL fixture DB. Full suite tracked separately.",docs/readiness/poc-rescue-local/UI.md; .artifacts/poc-rescue-local/ui/final-*; responsive-route-evidence.json; rendered-route-evidence.json,635d245 includes deployed42eebac2; subsequent scoped UI commit,"Live provider catalog/sends, all roles/tenants and physical-device keyboard/landscape not verified; exact limitations in UI.md.",Complete remaining acceptance scenarios from UI.md on approved live accounts and authorized role fixtures; retain local/live distinction.,,"{""previous_labels"":{""discovery"":""CURRENT_SOURCE_REVIEWED"",""implementation"":""IMPLEMENTED"",""live"":""NOT_VERIFIED""},""meaning"":""Allowed status vocabulary only. Discovery/source inspection is not acceptance. Partial evidence remains FIXED_UNVERIFIED; read the acceptance, evidence and blocker.""}"
USER-063,P1,11. מסכים שדורשים טיפול מפורש,User section 11,"- AI/human/disabled/error מוצגים עם הסיבה, ויש takeover/return-to-AI מורשים והתנהגות שמתאימה ל-runtime.","Exact user wording; verify source, local runtime and live evidence separately.",All configured; ProTouch and Or-On required,11. מסכים שדורשים טיפול מפורש,Authorized operator / service principal,apps/web/src/features/inbox; apps/web/src/features/inbox-templates; apps/web/src/features/tickets; apps/web/src/app/workspace-details.css; packages/ts/crm/src/tickets.ts,VERIFIED_LOCAL,FIXED_UNVERIFIED,FIXED_UNVERIFIED,NOT_CHECKED,Read exact acceptance; mocks do not establish provider acceptance,Human/AI/disabled list labels and inactive-AI reason banner added. Upstream controls retained; full role/error/recovery runtime matrix not verified.,"Current-source focused web run:10 files,99 tests passed; typecheck passed. Real browser on owned isolated PostgreSQL fixture DB. Full suite tracked separately.",docs/readiness/poc-rescue-local/UI.md; .artifacts/poc-rescue-local/ui/final-*; responsive-route-evidence.json; rendered-route-evidence.json,635d245 includes deployed42eebac2; subsequent scoped UI commit,"Live provider catalog/sends, all roles/tenants and physical-device keyboard/landscape not verified; exact limitations in UI.md.",Complete remaining acceptance scenarios from UI.md on approved live accounts and authorized role fixtures; retain local/live distinction.,,"{""previous_labels"":{""discovery"":""CURRENT_SOURCE_REVIEWED"",""implementation"":""PARTIAL"",""local"":""PARTIAL_LOCAL"",""live"":""NOT_VERIFIED""},""meaning"":""Allowed status vocabulary only. Discovery/source inspection is not acceptance. Partial evidence remains FIXED_UNVERIFIED; read the acceptance, evidence and blocker.""}"
USER-064,P1,11. מסכים שדורשים טיפול מפורש,User section 11,"- thread ריק, לקוח בלי שם, שם/תוכן ארוך, שיחה עם מאות הודעות, תמונות/קול וקלט בשתי שפות נבדקים.","Exact user wording; verify source, local runtime and live evidence separately.",All configured; ProTouch and Or-On required,11. מסכים שדורשים טיפול מפורש,Authorized operator / service principal,apps/web/src/features/inbox; apps/web/src/features/inbox-templates; apps/web/src/features/tickets; apps/web/src/app/workspace-details.css; packages/ts/crm/src/tickets.ts,VERIFIED_LOCAL,FIXED_UNVERIFIED,FIXED_UNVERIFIED,NOT_CHECKED,Read exact acceptance; mocks do not establish provider acceptance,"Mixed-language named fixture conversations tested. Empty/unnamed/very-long/hundreds-message/media combinations remain partial unit coverage, not full browser pass.","Current-source focused web run:10 files,99 tests passed; typecheck passed. Real browser on owned isolated PostgreSQL fixture DB. Full suite tracked separately.",docs/readiness/poc-rescue-local/UI.md; .artifacts/poc-rescue-local/ui/final-*; responsive-route-evidence.json; rendered-route-evidence.json,635d245 includes deployed42eebac2; subsequent scoped UI commit,"Live provider catalog/sends, all roles/tenants and physical-device keyboard/landscape not verified; exact limitations in UI.md.",Complete remaining acceptance scenarios from UI.md on approved live accounts and authorized role fixtures; retain local/live distinction.,,"{""previous_labels"":{""discovery"":""CURRENT_SOURCE_REVIEWED"",""implementation"":""PARTIAL"",""local"":""PARTIAL_LOCAL"",""live"":""NOT_VERIFIED""},""meaning"":""Allowed status vocabulary only. Discovery/source inspection is not acceptance. Partial evidence remains FIXED_UNVERIFIED; read the acceptance, evidence and blocker.""}"
USER-065,P1,11. מסכים שדורשים טיפול מפורש,User section 11,"- ברור מי הלקוח, מה הבעיה, מה הסטטוס/עדיפות, מי אחראי ומה ממתין לפעולה.","Exact user wording; verify source, local runtime and live evidence separately.",All configured; ProTouch and Or-On required,11. מסכים שדורשים טיפול מפורש,Authorized operator / service principal,apps/web/src/features/inbox; apps/web/src/features/inbox-templates; apps/web/src/features/tickets; apps/web/src/app/workspace-details.css; packages/ts/crm/src/tickets.ts,VERIFIED_LOCAL,FIXED_UNVERIFIED,FIXED_UNVERIFIED,NOT_CHECKED,Read exact acceptance; mocks do not establish provider acceptance,"Ticket rows show contact, subject, priority/stage, handling and next action; detail shows owner and resolution. Fictional data only.","Current-source focused web run:10 files,99 tests passed; typecheck passed. Real browser on owned isolated PostgreSQL fixture DB. Full suite tracked separately.",docs/readiness/poc-rescue-local/UI.md; .artifacts/poc-rescue-local/ui/final-*; responsive-route-evidence.json; rendered-route-evidence.json,635d245 includes deployed42eebac2; subsequent scoped UI commit,"Live provider catalog/sends, all roles/tenants and physical-device keyboard/landscape not verified; exact limitations in UI.md.",Complete remaining acceptance scenarios from UI.md on approved live accounts and authorized role fixtures; retain local/live distinction.,,"{""previous_labels"":{""discovery"":""CURRENT_SOURCE_REVIEWED"",""implementation"":""PARTIAL"",""local"":""PARTIAL_LOCAL"",""live"":""NOT_VERIFIED""},""meaning"":""Allowed status vocabulary only. Discovery/source inspection is not acceptance. Partial evidence remains FIXED_UNVERIFIED; read the acceptance, evidence and blocker.""}"
USER-066,P1,11. מסכים שדורשים טיפול מפורש,User section 11,"- חיפוש וסטטוס ראשיים, סינון משני ברור, פעולות מותרות וסיכומים שאינם דוחקים את העבודה מחוץ למסך.","Exact user wording; verify source, local runtime and live evidence separately.",All configured; ProTouch and Or-On required,11. מסכים שדורשים טיפול מפורש,Authorized operator / service principal,apps/web/src/features/inbox; apps/web/src/features/inbox-templates; apps/web/src/features/tickets; apps/web/src/app/workspace-details.css; packages/ts/crm/src/tickets.ts,VERIFIED_LOCAL,FIXED_UNVERIFIED,VERIFIED_LOCAL,NOT_CHECKED,Read exact acceptance; mocks do not establish provider acceptance,Status and search remain primary; secondary filters and AI metrics collapse. Browser desktop/mobile verified.,"Current-source focused web run:10 files,99 tests passed; typecheck passed. Real browser on owned isolated PostgreSQL fixture DB. Full suite tracked separately.",docs/readiness/poc-rescue-local/UI.md; .artifacts/poc-rescue-local/ui/final-*; responsive-route-evidence.json; rendered-route-evidence.json,635d245 includes deployed42eebac2; subsequent scoped UI commit,"Live provider catalog/sends, all roles/tenants and physical-device keyboard/landscape not verified; exact limitations in UI.md.",Complete remaining acceptance scenarios from UI.md on approved live accounts and authorized role fixtures; retain local/live distinction.,,"{""previous_labels"":{""discovery"":""CURRENT_SOURCE_REVIEWED"",""implementation"":""IMPLEMENTED"",""live"":""NOT_VERIFIED""},""meaning"":""Allowed status vocabulary only. Discovery/source inspection is not acceptance. Partial evidence remains FIXED_UNVERIFIED; read the acceptance, evidence and blocker.""}"
USER-067,P1,11. מסכים שדורשים טיפול מפורש,User section 11,"- שמות לקוחות נכונים גם בעמודים מאוחרים, ללא הסתמכות על 500 אנשי הקשר הראשונים וללא UUID כתווית לקוח.","Exact user wording; verify source, local runtime and live evidence separately.",All configured; ProTouch and Or-On required,11. מסכים שדורשים טיפול מפורש,Authorized operator / service principal,apps/web/src/features/inbox; apps/web/src/features/inbox-templates; apps/web/src/features/tickets; apps/web/src/app/workspace-details.css; packages/ts/crm/src/tickets.ts,VERIFIED_LOCAL,FIXED_UNVERIFIED,VERIFIED_LOCAL,NOT_CHECKED,Read exact acceptance; mocks do not establish provider acceptance,"Tenant+contact scoped query joins contact name; removed first500 preload. Browser loaded55 unique tickets in25/50/55 pages; all55 correct names, including contacts beyond500.","Current-source focused web run:10 files,99 tests passed; typecheck passed. Real browser on owned isolated PostgreSQL fixture DB. Full suite tracked separately.",docs/readiness/poc-rescue-local/UI.md; .artifacts/poc-rescue-local/ui/final-*; responsive-route-evidence.json; rendered-route-evidence.json,635d245 includes deployed42eebac2; subsequent scoped UI commit,"Live provider catalog/sends, all roles/tenants and physical-device keyboard/landscape not verified; exact limitations in UI.md.",Complete remaining acceptance scenarios from UI.md on approved live accounts and authorized role fixtures; retain local/live distinction.,,"{""previous_labels"":{""discovery"":""CURRENT_SOURCE_REVIEWED"",""implementation"":""IMPLEMENTED"",""live"":""NOT_VERIFIED""},""meaning"":""Allowed status vocabulary only. Discovery/source inspection is not acceptance. Partial evidence remains FIXED_UNVERIFIED; read the acceptance, evidence and blocker.""}"
USER-068,P1,11. מסכים שדורשים טיפול מפורש,User section 11,"- תצוגת מובייל עם labels, כרטיסים/שורות שימושיים, ללא אובדן מידע חשוב.","Exact user wording; verify source, local runtime and live evidence separately.",All configured; ProTouch and Or-On required,11. מסכים שדורשים טיפול מפורש,Authorized operator / service principal,apps/web/src/features/inbox; apps/web/src/features/inbox-templates; apps/web/src/features/tickets; apps/web/src/app/workspace-details.css; packages/ts/crm/src/tickets.ts,VERIFIED_LOCAL,FIXED_UNVERIFIED,VERIFIED_LOCAL,NOT_CHECKED,Read exact acceptance; mocks do not establish provider acceptance,Mobile ticket rows now labeled cards with detail link. Current RTL390 screenshot and all-width DOM checks recorded.,"Current-source focused web run:10 files,99 tests passed; typecheck passed. Real browser on owned isolated PostgreSQL fixture DB. Full suite tracked separately.",docs/readiness/poc-rescue-local/UI.md; .artifacts/poc-rescue-local/ui/final-*; responsive-route-evidence.json; rendered-route-evidence.json,635d245 includes deployed42eebac2; subsequent scoped UI commit,"Live provider catalog/sends, all roles/tenants and physical-device keyboard/landscape not verified; exact limitations in UI.md.",Complete remaining acceptance scenarios from UI.md on approved live accounts and authorized role fixtures; retain local/live distinction.,,"{""previous_labels"":{""discovery"":""CURRENT_SOURCE_REVIEWED"",""implementation"":""IMPLEMENTED"",""live"":""NOT_VERIFIED""},""meaning"":""Allowed status vocabulary only. Discovery/source inspection is not acceptance. Partial evidence remains FIXED_UNVERIFIED; read the acceptance, evidence and blocker.""}"
USER-069,P1,11. מסכים שדורשים טיפול מפורש,User section 11,"- pagination, counts, filters, empty state ו-status transitions תואמים ל-query והטננט.","Exact user wording; verify source, local runtime and live evidence separately.",All configured; ProTouch and Or-On required,11. מסכים שדורשים טיפול מפורש,Authorized operator / service principal,apps/web/src/features/inbox; apps/web/src/features/inbox-templates; apps/web/src/features/tickets; apps/web/src/app/workspace-details.css; packages/ts/crm/src/tickets.ts,VERIFIED_LOCAL,FIXED_UNVERIFIED,FIXED_UNVERIFIED,NOT_CHECKED,Read exact acceptance; mocks do not establish provider acceptance,DB-backed pagination25/50/55 and empty second-tenant list verified; cross-tenant detail404. All filter/status transitions not exercised.,"Current-source focused web run:10 files,99 tests passed; typecheck passed. Real browser on owned isolated PostgreSQL fixture DB. Full suite tracked separately.",docs/readiness/poc-rescue-local/UI.md; .artifacts/poc-rescue-local/ui/final-*; responsive-route-evidence.json; rendered-route-evidence.json,635d245 includes deployed42eebac2; subsequent scoped UI commit,"Live provider catalog/sends, all roles/tenants and physical-device keyboard/landscape not verified; exact limitations in UI.md.",Complete remaining acceptance scenarios from UI.md on approved live accounts and authorized role fixtures; retain local/live distinction.,,"{""previous_labels"":{""discovery"":""CURRENT_SOURCE_REVIEWED"",""implementation"":""PARTIAL"",""local"":""PARTIAL_LOCAL"",""live"":""NOT_VERIFIED""},""meaning"":""Allowed status vocabulary only. Discovery/source inspection is not acceptance. Partial evidence remains FIXED_UNVERIFIED; read the acceptance, evidence and blocker.""}"
USER-070,P1,11. מסכים שדורשים טיפול מפורש,User section 11,"- כותרת ותמצית קומפקטיות, פרטי לקוח, סטטוס, בעלים, פעולות והיסטוריה בהיררכיה ברורה.","Exact user wording; verify source, local runtime and live evidence separately.",All configured; ProTouch and Or-On required,11. מסכים שדורשים טיפול מפורש,Authorized operator / service principal,apps/web/src/features/inbox; apps/web/src/features/inbox-templates; apps/web/src/features/tickets; apps/web/src/app/workspace-details.css; packages/ts/crm/src/tickets.ts,VERIFIED_LOCAL,FIXED_UNVERIFIED,FIXED_UNVERIFIED,NOT_CHECKED,Read exact acceptance; mocks do not establish provider acceptance,Compact ticket heading and overview/details/timeline hierarchy inspected with actual fixture record.,"Current-source focused web run:10 files,99 tests passed; typecheck passed. Real browser on owned isolated PostgreSQL fixture DB. Full suite tracked separately.",docs/readiness/poc-rescue-local/UI.md; .artifacts/poc-rescue-local/ui/final-*; responsive-route-evidence.json; rendered-route-evidence.json,635d245 includes deployed42eebac2; subsequent scoped UI commit,"Live provider catalog/sends, all roles/tenants and physical-device keyboard/landscape not verified; exact limitations in UI.md.",Complete remaining acceptance scenarios from UI.md on approved live accounts and authorized role fixtures; retain local/live distinction.,,"{""previous_labels"":{""discovery"":""CURRENT_SOURCE_REVIEWED"",""implementation"":""PARTIAL"",""local"":""PARTIAL_LOCAL"",""live"":""NOT_VERIFIED""},""meaning"":""Allowed status vocabulary only. Discovery/source inspection is not acceptance. Partial evidence remains FIXED_UNVERIFIED; read the acceptance, evidence and blocker.""}"
USER-071,P1,11. מסכים שדורשים טיפול מפורש,User section 11,- מעבר לשיחת WhatsApp או לשיחה טלפונית שומר הקשר ומפעיל את הטננט הנכון.,"Exact user wording; verify source, local runtime and live evidence separately.",All configured; ProTouch and Or-On required,11. מסכים שדורשים טיפול מפורש,Authorized operator / service principal,apps/web/src/features/inbox; apps/web/src/features/inbox-templates; apps/web/src/features/tickets; apps/web/src/app/workspace-details.css; packages/ts/crm/src/tickets.ts,VERIFIED_LOCAL,FIXED_UNVERIFIED,NOT_CHECKED,NOT_CHECKED,Read exact acceptance; mocks do not establish provider acceptance,Existing channel links retained. End-to-end WhatsApp/voice context switching not exercised in this isolated UI pass.,"Current-source focused web run:10 files,99 tests passed; typecheck passed. Real browser on owned isolated PostgreSQL fixture DB. Full suite tracked separately.",docs/readiness/poc-rescue-local/UI.md; .artifacts/poc-rescue-local/ui/final-*; responsive-route-evidence.json; rendered-route-evidence.json,635d245 includes deployed42eebac2; subsequent scoped UI commit,"Live provider catalog/sends, all roles/tenants and physical-device keyboard/landscape not verified; exact limitations in UI.md.",Complete remaining acceptance scenarios from UI.md on approved live accounts and authorized role fixtures; retain local/live distinction.,,"{""previous_labels"":{""discovery"":""CURRENT_SOURCE_REVIEWED"",""implementation"":""PARTIAL"",""local"":""NOT_VERIFIED"",""live"":""NOT_VERIFIED""},""meaning"":""Allowed status vocabulary only. Discovery/source inspection is not acceptance. Partial evidence remains FIXED_UNVERIFIED; read the acceptance, evidence and blocker.""}"
USER-072,P1,11. מסכים שדורשים טיפול מפורש,User section 11,"- notes, activities, נסיונות חיוג, handoff, סגירה, פתיחה מחדש והקצאה משקפים אירועים אמיתיים ומורשים.","Exact user wording; verify source, local runtime and live evidence separately.",All configured; ProTouch and Or-On required,11. מסכים שדורשים טיפול מפורש,Authorized operator / service principal,apps/web/src/features/inbox; apps/web/src/features/inbox-templates; apps/web/src/features/tickets; apps/web/src/app/workspace-details.css; packages/ts/crm/src/tickets.ts,VERIFIED_LOCAL,FIXED_UNVERIFIED,NOT_CHECKED,NOT_CHECKED,Read exact acceptance; mocks do not establish provider acceptance,Existing event data rendering retained; real notes/handoff/assignment/close/reopen mutations not exercised in browser.,"Current-source focused web run:10 files,99 tests passed; typecheck passed. Real browser on owned isolated PostgreSQL fixture DB. Full suite tracked separately.",docs/readiness/poc-rescue-local/UI.md; .artifacts/poc-rescue-local/ui/final-*; responsive-route-evidence.json; rendered-route-evidence.json,635d245 includes deployed42eebac2; subsequent scoped UI commit,"Live provider catalog/sends, all roles/tenants and physical-device keyboard/landscape not verified; exact limitations in UI.md.",Complete remaining acceptance scenarios from UI.md on approved live accounts and authorized role fixtures; retain local/live distinction.,,"{""previous_labels"":{""discovery"":""CURRENT_SOURCE_REVIEWED"",""implementation"":""PARTIAL"",""local"":""NOT_VERIFIED"",""live"":""NOT_VERIFIED""},""meaning"":""Allowed status vocabulary only. Discovery/source inspection is not acceptance. Partial evidence remains FIXED_UNVERIFIED; read the acceptance, evidence and blocker.""}"
USER-073,P1,11. מסכים שדורשים טיפול מפורש,User section 11,"- שימוש תקין במובייל ללא עמודות צרות, כפתורים מחוץ למסך או מידע חיוני שקבור בסוף.","Exact user wording; verify source, local runtime and live evidence separately.",All configured; ProTouch and Or-On required,11. מסכים שדורשים טיפול מפורש,Authorized operator / service principal,apps/web/src/features/inbox; apps/web/src/features/inbox-templates; apps/web/src/features/tickets; apps/web/src/app/workspace-details.css; packages/ts/crm/src/tickets.ts,VERIFIED_LOCAL,FIXED_UNVERIFIED,FIXED_UNVERIFIED,NOT_CHECKED,Read exact acceptance; mocks do not establish provider acceptance,Ticket detail measured at seven widths without document overflow; every mobile mutation path not verified.,"Current-source focused web run:10 files,99 tests passed; typecheck passed. Real browser on owned isolated PostgreSQL fixture DB. Full suite tracked separately.",docs/readiness/poc-rescue-local/UI.md; .artifacts/poc-rescue-local/ui/final-*; responsive-route-evidence.json; rendered-route-evidence.json,635d245 includes deployed42eebac2; subsequent scoped UI commit,"Live provider catalog/sends, all roles/tenants and physical-device keyboard/landscape not verified; exact limitations in UI.md.",Complete remaining acceptance scenarios from UI.md on approved live accounts and authorized role fixtures; retain local/live distinction.,,"{""previous_labels"":{""discovery"":""CURRENT_SOURCE_REVIEWED"",""implementation"":""PARTIAL"",""local"":""PARTIAL_LOCAL"",""live"":""NOT_VERIFIED""},""meaning"":""Allowed status vocabulary only. Discovery/source inspection is not acceptance. Partial evidence remains FIXED_UNVERIFIED; read the acceptance, evidence and blocker.""}"
USER-074,P1,11. מסכים שדורשים טיפול מפורש,User section 11,"- תקן grid placement של שדות זהות/מיתוג וכותרות, לרבות מצב שבו שדה נדחק לעמודת הכותרת.","Exact user wording; verify source, local runtime and live evidence separately.",All configured; ProTouch and Or-On required,11. מסכים שדורשים טיפול מפורש,Authorized operator / service principal,apps/web/src/features/inbox; apps/web/src/features/inbox-templates; apps/web/src/features/tickets; apps/web/src/app/workspace-details.css; packages/ts/crm/src/tickets.ts,VERIFIED_LOCAL,FIXED_UNVERIFIED,VERIFIED_LOCAL,NOT_CHECKED,Read exact acceptance; mocks do not establish provider acceptance,Fixed identity/branding grid placement with mobile reset. Fictional business name saved and persisted reload; second tenant identity remained separate.,"Current-source focused web run:10 files,99 tests passed; typecheck passed. Real browser on owned isolated PostgreSQL fixture DB. Full suite tracked separately.",docs/readiness/poc-rescue-local/UI.md; .artifacts/poc-rescue-local/ui/final-*; responsive-route-evidence.json; rendered-route-evidence.json,635d245 includes deployed42eebac2; subsequent scoped UI commit,"Live provider catalog/sends, all roles/tenants and physical-device keyboard/landscape not verified; exact limitations in UI.md.",Complete remaining acceptance scenarios from UI.md on approved live accounts and authorized role fixtures; retain local/live distinction.,,"{""previous_labels"":{""discovery"":""CURRENT_SOURCE_REVIEWED"",""implementation"":""IMPLEMENTED"",""live"":""NOT_VERIFIED""},""meaning"":""Allowed status vocabulary only. Discovery/source inspection is not acceptance. Partial evidence remains FIXED_UNVERIFIED; read the acceptance, evidence and blocker.""}"
USER-075,P1,11. מסכים שדורשים טיפול מפורש,User section 11,- תג מנהל פלטפורמה קריא ואינו מסתיר באיזה טננט הפעולה מתבצעת.,"Exact user wording; verify source, local runtime and live evidence separately.",All configured; ProTouch and Or-On required,11. מסכים שדורשים טיפול מפורש,Authorized operator / service principal,apps/web/src/app/globals.css; apps/web/tests/shell-commands.test.tsx,VERIFIED_LOCAL,FIXED_UNVERIFIED,FIXED_UNVERIFIED,NOT_CHECKED,"Real platform-superuser browser session at all requested widths, with both tenant names and the role badge simultaneously visible.",Administration header/badge can wrap; active tenant branding remains distinct from the platform administrator label.,shell-commands component test renders elevated user and asserts active tenant name plus separate administrator switcher. Included in full web157/937. Browser settings/header responsive measurements used tenant owner only.,docs/readiness/poc-rescue-local/UI.md; apps/web/tests/shell-commands.test.tsx:457; .artifacts/poc-rescue-local/web-current-final.log,UI 8c48406; pooled runtime 6afa941; proof DB schema 8d32f4a91c70,No real superuser browser fixture; component assertion is not a visual superuser acceptance pass.,Open authenticated platform-superuser session and verify badge/active-tenant readability in RTL/LTR desktop and mobile.,,
USER-076,P1,11. מסכים שדורשים טיפול מפורש,User section 11,"- כל save נבדק גם אחרי reload והחלפת טננט; validation, defaults, unsaved changes, permission errors ו-provider configuration errors גלויים.","Exact user wording; verify source, local runtime and live evidence separately.",All configured; ProTouch and Or-On required,11. מסכים שדורשים טיפול מפורש,Authorized operator / service principal,apps/web/src/features/management; apps/web/tests/tenant-settings.test.tsx; apps/web/tests/mutation-focus.test.tsx,VERIFIED_LOCAL,FIXED_UNVERIFIED,FIXED_UNVERIFIED,NOT_CHECKED,"Every settings/save surface across permissions, invalid defaults, unsaved changes, provider configuration failure and tenant switch must be exercised through backend+DB.",Retained explicit form status and recoverable drafts/errors; adjusted workspace identity grid. Saved fictional business name persisted across reload and remained separate from tenantB.,"Real browser save/reload/switch for business identity only. Full web includes supported-settings payload/timezone, stale-logo error, role failure restoration and mutation failure/retry/draft-preservation component tests.",docs/readiness/poc-rescue-local/UI.md; .artifacts/poc-rescue-local/ui/final-settings-1366-rtl.jpg; web-current-final.log,UI 8c48406; pooled runtime 6afa941; proof DB schema 8d32f4a91c70,"One DB-backed saved business identity and mocked failure controls are a subset, not verification of every save.","Complete per-route mutation matrix with read-only roles, reload and tenant switch after each authorized save.",,
USER-077,P1,11. מסכים שדורשים טיפול מפורש,User section 11,- default אינו מוצג כאילו הוא credential או מספר פעיל שאומת. masked credentials לא מתאפסים או מוחלפים בטעות בשמירת טופס.,"Exact user wording; verify source, local runtime and live evidence separately.",All configured; ProTouch and Or-On required,11. מסכים שדורשים טיפול מפורש,Authorized operator / service principal,apps/web/tests/tenant-product-workspaces.test.tsx; apps/web/src/features/inbox-templates-server/sealed-catalog.test.ts,REPRODUCED,VERIFIED_LOCAL,VERIFIED_LOCAL,NOT_CHECKED,"Round-trip every credential editor with existing masked secret, unrelated field save, blank unchanged value and explicit replacement; verify DB envelope/version without printing secrets.","Reset provider drafts, remount on tenant change, require expectedTenantId against fresh authorization and bind OAuth continuation to that tenant.","Six web files / 46 tests passed, including two actual PostgreSQL tests: empty/omitted/whitespace preserve encrypted envelope; unrelated saves preserve; A-B-A reads; explicit replacement; stale A request in B rejected400; no provider fetch.","CREDENTIAL-FORMS.md; b5eb108; final web943/0skipped, final auth48unique source cases; final email browser unavailable as documented",b5eb108,Verified inventoried web configuration API/DB subset. Physical-browser OAuth consent and secret forms outside that inventory remain unverified.,Verify approved OAuth consent in the same tenant and actual-device form behavior after deployment.,,
USER-078,P1,"12. אמינות WhatsApp, queues, ownership והתאוששות",User section 12,"- אין customer turn שנעלם ללא תשובה משמעותית, fallback בטוח או משימת מפעיל והתראה מתועדת. בכשל מודל מתמשך, השאיפה המחייבת היא fallback ללקוח + משימה + התראה, כאשר מדיניות הערוץ מאפשרת.","Exact user wording; verify source, local runtime and live evidence separately.",All configured; ProTouch and Or-On required,"12. אמינות WhatsApp, queues, ownership והתאוששות",Authorized operator / service principal,BASELINE.md; WHATSAPP.md; services/ts/messaging-worker/src/ai-provider.ts; services/ts/messaging-worker/src/remediation-policy.ts; services/ts/messaging-worker/src/handoff-resume.ts; services/ts/messaging-worker/src/ai-principal.ts,REPRODUCED,FIXED_UNVERIFIED,FIXED_UNVERIFIED,BLOCKED,Read exact acceptance; mocks do not establish provider acceptance,"Assessed against detailed acceptance rows: PDF-007, PDF-021. Passing subsets do not certify the complete instruction.",See linked detailed rows for exact commands/counts and unresolved cases.,"CHECKPOINT.md; VERIFICATION.md; TENANT-ROUTING.md; RUNBOOK.md; PDF-007, PDF-021",Historical baseline: DEV 42eebac2/schema fc6e851f3ba0. Live 60f26bfe1775997da1fb5159ec9e09a08246068b; schema 9e43a5b02d81 (139 revisions); deployed 2026-10-04T23:06Z,Full requested acceptance remains open where linked local/provider/observation gates are unmet.,"Complete the remaining linked gates; preserve separate local, live POC and production judgments.","[{""as_of"":""Before October5 live60f26bf evidence refresh"",""superseded_fields"":{""revision"":""Current branch codex/poc-rescue-local-20261004; DEV remains42eebac2/schemafc6e851f3ba0""},""reason"":""Preserve prior local/baseline evidence while distinguishing current deployment, controlled outbound success and remaining provider gates.""}]",
USER-079,P1,"12. אמינות WhatsApp, queues, ownership והתאוששות",User section 12,"- human handoff, בקשת callback, mute, operator disable ו-revocation הם מצבים נפרדים. בקשת חזרה טלפונית אינה משתקת AI לנצח; סגירת handoff מנקה סיבה ישנה. אין חידוש AI אוטומטי שמבטל בקשת אדם מפורשת או בעלות אנושית פעילה.","Exact user wording; verify source, local runtime and live evidence separately.",All configured; ProTouch and Or-On required,"12. אמינות WhatsApp, queues, ownership והתאוששות",Authorized operator / service principal,services/ts/messaging-worker/src/ai-provider.ts; services/ts/messaging-worker/src/remediation-policy.ts; services/ts/messaging-worker/src/handoff-resume.ts; services/ts/messaging-worker/src/ai-principal.ts; services/ts/messaging-worker/src/session-memory-context.ts; services/ts/messaging-worker/src/memory-summary-job.ts; packages/ts/crm/src/messaging-memory.ts,VERIFIED_LOCAL,FIXED_UNVERIFIED,FIXED_UNVERIFIED,NOT_CHECKED,Read exact acceptance; mocks do not establish provider acceptance,"Assessed against detailed acceptance rows: PDF-022, PDF-060. Passing subsets do not certify the complete instruction.",See linked detailed rows for exact commands/counts and unresolved cases.,"CHECKPOINT.md; VERIFICATION.md; TENANT-ROUTING.md; RUNBOOK.md; PDF-022, PDF-060",Historical baseline: DEV 42eebac2/schema fc6e851f3ba0. Live 60f26bfe1775997da1fb5159ec9e09a08246068b; schema 9e43a5b02d81 (139 revisions); deployed 2026-10-04T23:06Z,Full requested acceptance remains open where linked local/provider/observation gates are unmet.,"Complete the remaining linked gates; preserve separate local, live POC and production judgments.","[{""as_of"":""Before October5 live60f26bf evidence refresh"",""superseded_fields"":{""revision"":""Current branch codex/poc-rescue-local-20261004; DEV remains42eebac2/schemafc6e851f3ba0""},""reason"":""Preserve prior local/baseline evidence while distinguishing current deployment, controlled outbound success and remaining provider gates.""}]",
USER-080,P1,"12. אמינות WhatsApp, queues, ownership והתאוששות",User section 12,"- כל job-owned write ושיגור מוגנים ב-claim fencing, lease/renewal ו-idempotency. worker שאיבד בעלות אינו רשאי לשלוח או לכתוב תוצאה.","Exact user wording; verify source, local runtime and live evidence separately.",All configured; ProTouch and Or-On required,"12. אמינות WhatsApp, queues, ownership והתאוששות",Authorized operator / service principal,services/ts/messaging-worker/src/database.ts; services/ts/messaging-worker/src/inbound-debounce.ts; db/alembic/versions/b672f9a6c310_job_claim_tokens_and_renewal.py,VERIFIED_LOCAL,FIXED_UNVERIFIED,VERIFIED_LOCAL,BLOCKED,Read exact acceptance; mocks do not establish provider acceptance,"Claim-token ownership, lease renewal and before-attempt authority are present and exercised by role-limited parallel workers.",fair-admission.postgres; fair-worker.postgres; database.live; extraction-priority.live; job-wakeup.live; inbound-debounce; wa-current-final:69 files/660 pass/1 Windows symlink skip,docs/readiness/poc-rescue-local/WHATSAPP.md; .artifacts/poc-rescue-local/wa-current-final.log; docs/readiness/poc-rescue-local/LIVE-ACTIVATION.md; COEXISTENCE-GAP.md; PROTOUCH-COEXISTENCE-PROVIDER-OPTION.md,origin/deployed42eebac2; local merged source plus opening cancellation patch; deployed schemafc6e851f3ba0,ProTouch remains PENDING and the Business phone app must be preserved. Ordinary registration failed 100/2388001; no further register/delete/deregister is authorized. Supported Coexistence onboarding is unresolved: user declined both own Tech Provider registration and a new paid subscription. Existing Twilio account has only its shared sandbox. Deployed application health does not establish WhatsApp inbound/AI/opening delivery.,Keep phone app and Coexistence disabled; obtain a supported onboarding route consistent with the user constraints before a real account-bound acceptance test. Continue independent local requirement work where incomplete.,"[{""as_of"":""Before October5 live60f26bf evidence refresh"",""superseded_fields"":{""evidence"":""docs/readiness/poc-rescue-local/WHATSAPP.md; .artifacts/poc-rescue-local/wa-current-final.log"",""blocker"":""ProTouch registration attempted with user approval: HTTP400/code100/subcode2388001 says number belongs to an existing WhatsApp account; needs user-identified migration/disconnection. No deregistration or further POST. Live acceptance/canary still absent."",""next_action"":""Execute exact acceptance on approved canary/provider and retain real outcomes; do not count mocks as live evidence.""},""reason"":""Preserve prior local/baseline evidence while distinguishing current deployment, controlled outbound success and remaining provider gates.""}]","{""previous_labels"":{""implementation"":""EXISTING_PARTIAL""},""meaning"":""Allowed status vocabulary only. Discovery/source inspection is not acceptance. Partial evidence remains FIXED_UNVERIFIED; read the acceptance, evidence and blocker.""}"
USER-081,P1,"12. אמינות WhatsApp, queues, ownership והתאוששות",User section 12,- final-attempt crash לא נשאר running לנצח; dead/unknown outcomes מופיעים במסך תקלות וניתנים לטיפול בטוח.,"Exact user wording; verify source, local runtime and live evidence separately.",All configured; ProTouch and Or-On required,"12. אמינות WhatsApp, queues, ownership והתאוששות",Authorized operator / service principal,services/ts/messaging-worker/src/database.ts; services/ts/messaging-worker/src/inbound-debounce.ts; db/alembic/versions/b672f9a6c310_job_claim_tokens_and_renewal.py,VERIFIED_LOCAL,FIXED_UNVERIFIED,VERIFIED_LOCAL,BLOCKED,Read exact acceptance; mocks do not establish provider acceptance,Expired/final-attempt recovery exists in claim migrations; local crash/fencing tests passed. Live crash/alert timing remains unmeasured.,fair-admission.postgres; fair-worker.postgres; database.live; extraction-priority.live; job-wakeup.live; inbound-debounce; wa-current-final:69 files/660 pass/1 Windows symlink skip,docs/readiness/poc-rescue-local/WHATSAPP.md; .artifacts/poc-rescue-local/wa-current-final.log; docs/readiness/poc-rescue-local/LIVE-ACTIVATION.md; COEXISTENCE-GAP.md; PROTOUCH-COEXISTENCE-PROVIDER-OPTION.md,origin/deployed42eebac2; local merged source plus opening cancellation patch; deployed schemafc6e851f3ba0,ProTouch remains PENDING and the Business phone app must be preserved. Ordinary registration failed 100/2388001; no further register/delete/deregister is authorized. Supported Coexistence onboarding is unresolved: user declined both own Tech Provider registration and a new paid subscription. Existing Twilio account has only its shared sandbox. Deployed application health does not establish WhatsApp inbound/AI/opening delivery.,Keep phone app and Coexistence disabled; obtain a supported onboarding route consistent with the user constraints before a real account-bound acceptance test. Continue independent local requirement work where incomplete.,"[{""as_of"":""Before October5 live60f26bf evidence refresh"",""superseded_fields"":{""evidence"":""docs/readiness/poc-rescue-local/WHATSAPP.md; .artifacts/poc-rescue-local/wa-current-final.log"",""blocker"":""ProTouch registration attempted with user approval: HTTP400/code100/subcode2388001 says number belongs to an existing WhatsApp account; needs user-identified migration/disconnection. No deregistration or further POST. Live acceptance/canary still absent."",""next_action"":""Execute exact acceptance on approved canary/provider and retain real outcomes; do not count mocks as live evidence.""},""reason"":""Preserve prior local/baseline evidence while distinguishing current deployment, controlled outbound success and remaining provider gates.""}]","{""previous_labels"":{""implementation"":""EXISTING_PARTIAL""},""meaning"":""Allowed status vocabulary only. Discovery/source inspection is not acceptance. Partial evidence remains FIXED_UNVERIFIED; read the acceptance, evidence and blocker.""}"
USER-082,P1,"12. אמינות WhatsApp, queues, ownership והתאוששות",User section 12,"- ingestion לא ממתין למודל; concurrency מבוקרת, הוגנות בין טננטים ו-job אחד פעיל לכל שיחה. אל תגדיל concurrency לפני בדיקות בעלות ואי-כפילות.","Exact user wording; verify source, local runtime and live evidence separately.",All configured; ProTouch and Or-On required,"12. אמינות WhatsApp, queues, ownership והתאוששות",Authorized operator / service principal,services/ts/messaging-worker/src/database.ts; services/ts/messaging-worker/src/inbound-debounce.ts; db/alembic/versions/b672f9a6c310_job_claim_tokens_and_renewal.py,VERIFIED_LOCAL,FIXED_UNVERIFIED,VERIFIED_LOCAL,BLOCKED,Read exact acceptance; mocks do not establish provider acceptance,"Independent empty-database fair admission proves four global, two tenant, one conversation claims. Initial seeded-fixture false failure corrected in harness.",fair-admission.postgres; fair-worker.postgres; database.live; extraction-priority.live; job-wakeup.live; inbound-debounce; wa-current-final:69 files/660 pass/1 Windows symlink skip,docs/readiness/poc-rescue-local/WHATSAPP.md; .artifacts/poc-rescue-local/wa-current-final.log; docs/readiness/poc-rescue-local/LIVE-ACTIVATION.md; COEXISTENCE-GAP.md; PROTOUCH-COEXISTENCE-PROVIDER-OPTION.md,origin/deployed42eebac2; local merged source plus opening cancellation patch; deployed schemafc6e851f3ba0,ProTouch remains PENDING and the Business phone app must be preserved. Ordinary registration failed 100/2388001; no further register/delete/deregister is authorized. Supported Coexistence onboarding is unresolved: user declined both own Tech Provider registration and a new paid subscription. Existing Twilio account has only its shared sandbox. Deployed application health does not establish WhatsApp inbound/AI/opening delivery.,Keep phone app and Coexistence disabled; obtain a supported onboarding route consistent with the user constraints before a real account-bound acceptance test. Continue independent local requirement work where incomplete.,"[{""as_of"":""Before October5 live60f26bf evidence refresh"",""superseded_fields"":{""evidence"":""docs/readiness/poc-rescue-local/WHATSAPP.md; .artifacts/poc-rescue-local/wa-current-final.log"",""blocker"":""ProTouch registration attempted with user approval: HTTP400/code100/subcode2388001 says number belongs to an existing WhatsApp account; needs user-identified migration/disconnection. No deregistration or further POST. Live acceptance/canary still absent."",""next_action"":""Execute exact acceptance on approved canary/provider and retain real outcomes; do not count mocks as live evidence.""},""reason"":""Preserve prior local/baseline evidence while distinguishing current deployment, controlled outbound success and remaining provider gates.""}]","{""previous_labels"":{""implementation"":""EXISTING_PARTIAL""},""meaning"":""Allowed status vocabulary only. Discovery/source inspection is not acceptance. Partial evidence remains FIXED_UNVERIFIED; read the acceptance, evidence and blocker.""}"
USER-083,P1,"12. אמינות WhatsApp, queues, ownership והתאוששות",User section 12,"- bursts/debounce/superseding חייבים להשאיר תשובה סופית רלוונטית; אין ""superseded"" ללא תחליף או הסבר תפעולי.","Exact user wording; verify source, local runtime and live evidence separately.",All configured; ProTouch and Or-On required,"12. אמינות WhatsApp, queues, ownership והתאוששות",Authorized operator / service principal,services/ts/messaging-worker/src/database.ts; services/ts/messaging-worker/src/inbound-debounce.ts; db/alembic/versions/b672f9a6c310_job_claim_tokens_and_renewal.py,FIXED_UNVERIFIED,FIXED_UNVERIFIED,NOT_CHECKED,BLOCKED,Read exact acceptance; mocks do not establish provider acceptance,Superseded trigger protection exists; complete live replacement-or-alert reconciliation still absent. Root corrects the separate SLI job-type bug.,fair-admission.postgres; fair-worker.postgres; database.live; extraction-priority.live; job-wakeup.live; inbound-debounce; wa-current-final:69 files/660 pass/1 Windows symlink skip,docs/readiness/poc-rescue-local/WHATSAPP.md; .artifacts/poc-rescue-local/wa-current-final.log; docs/readiness/poc-rescue-local/LIVE-ACTIVATION.md; COEXISTENCE-GAP.md; PROTOUCH-COEXISTENCE-PROVIDER-OPTION.md,origin/deployed42eebac2; local merged source plus opening cancellation patch; deployed schemafc6e851f3ba0,ProTouch remains PENDING and the Business phone app must be preserved. Ordinary registration failed 100/2388001; no further register/delete/deregister is authorized. Supported Coexistence onboarding is unresolved: user declined both own Tech Provider registration and a new paid subscription. Existing Twilio account has only its shared sandbox. Deployed application health does not establish WhatsApp inbound/AI/opening delivery.,Keep phone app and Coexistence disabled; obtain a supported onboarding route consistent with the user constraints before a real account-bound acceptance test. Continue independent local requirement work where incomplete.,"[{""as_of"":""Before October5 live60f26bf evidence refresh"",""superseded_fields"":{""evidence"":""docs/readiness/poc-rescue-local/WHATSAPP.md; .artifacts/poc-rescue-local/wa-current-final.log"",""blocker"":""ProTouch registration attempted with user approval: HTTP400/code100/subcode2388001 says number belongs to an existing WhatsApp account; needs user-identified migration/disconnection. No deregistration or further POST. Live acceptance/canary still absent."",""next_action"":""Execute exact acceptance on approved canary/provider and retain real outcomes; do not count mocks as live evidence.""},""reason"":""Preserve prior local/baseline evidence while distinguishing current deployment, controlled outbound success and remaining provider gates.""}]","{""previous_labels"":{""discovery"":""PARTIAL"",""implementation"":""EXISTING_PARTIAL""},""meaning"":""Allowed status vocabulary only. Discovery/source inspection is not acceptance. Partial evidence remains FIXED_UNVERIFIED; read the acceptance, evidence and blocker.""}"
USER-084,P1,"12. אמינות WhatsApp, queues, ownership והתאוששות",User section 12,"- LISTEN/NOTIFY הוא wakeup עם polling recovery, לא מקור אמת יחיד. retry/backoff/Retry-After לא ייצרו storm או רעב של טננט אחר.","Exact user wording; verify source, local runtime and live evidence separately.",All configured; ProTouch and Or-On required,"12. אמינות WhatsApp, queues, ownership והתאוששות",Authorized operator / service principal,services/ts/messaging-worker/src/database.ts; services/ts/messaging-worker/src/inbound-debounce.ts; db/alembic/versions/b672f9a6c310_job_claim_tokens_and_renewal.py,VERIFIED_LOCAL,FIXED_UNVERIFIED,VERIFIED_LOCAL,BLOCKED,Read exact acceptance; mocks do not establish provider acceptance,LISTEN commit/rollback/reconnect test runs with polling fallback; no deployment outage/failure timing claim.,fair-admission.postgres; fair-worker.postgres; database.live; extraction-priority.live; job-wakeup.live; inbound-debounce; wa-current-final:69 files/660 pass/1 Windows symlink skip,docs/readiness/poc-rescue-local/WHATSAPP.md; .artifacts/poc-rescue-local/wa-current-final.log; docs/readiness/poc-rescue-local/LIVE-ACTIVATION.md; COEXISTENCE-GAP.md; PROTOUCH-COEXISTENCE-PROVIDER-OPTION.md,origin/deployed42eebac2; local merged source plus opening cancellation patch; deployed schemafc6e851f3ba0,ProTouch remains PENDING and the Business phone app must be preserved. Ordinary registration failed 100/2388001; no further register/delete/deregister is authorized. Supported Coexistence onboarding is unresolved: user declined both own Tech Provider registration and a new paid subscription. Existing Twilio account has only its shared sandbox. Deployed application health does not establish WhatsApp inbound/AI/opening delivery.,Keep phone app and Coexistence disabled; obtain a supported onboarding route consistent with the user constraints before a real account-bound acceptance test. Continue independent local requirement work where incomplete.,"[{""as_of"":""Before October5 live60f26bf evidence refresh"",""superseded_fields"":{""evidence"":""docs/readiness/poc-rescue-local/WHATSAPP.md; .artifacts/poc-rescue-local/wa-current-final.log"",""blocker"":""ProTouch registration attempted with user approval: HTTP400/code100/subcode2388001 says number belongs to an existing WhatsApp account; needs user-identified migration/disconnection. No deregistration or further POST. Live acceptance/canary still absent."",""next_action"":""Execute exact acceptance on approved canary/provider and retain real outcomes; do not count mocks as live evidence.""},""reason"":""Preserve prior local/baseline evidence while distinguishing current deployment, controlled outbound success and remaining provider gates.""}]","{""previous_labels"":{""implementation"":""EXISTING_PARTIAL""},""meaning"":""Allowed status vocabulary only. Discovery/source inspection is not acceptance. Partial evidence remains FIXED_UNVERIFIED; read the acceptance, evidence and blocker.""}"
USER-085,P1,"12. אמינות WhatsApp, queues, ownership והתאוששות",User section 12,"- פרש schema של מודל בצורה עמידה לשדות עודפים, אך אל תרכך אימות סמנטי או הרשאה לפעולות מוגנות.","Exact user wording; verify source, local runtime and live evidence separately.",All configured; ProTouch and Or-On required,"12. אמינות WhatsApp, queues, ownership והתאוששות",Authorized operator / service principal,services/ts/messaging-worker/src/ai-provider.ts; services/ts/messaging-worker/src/remediation-policy.ts; services/ts/messaging-worker/src/handoff-resume.ts; services/ts/messaging-worker/src/ai-principal.ts,VERIFIED_LOCAL,FIXED_UNVERIFIED,VERIFIED_LOCAL,BLOCKED,Read exact acceptance; mocks do not establish provider acceptance,Current parser tolerates descriptive extras but rejects protected authority fields; provider/recovery tests pass.,ai-provider; ai-recovery; call-followup; handoff-resume; ai-principal; machine-lead-tools; machine-service-tools; wa-current-final:69 files/660 pass/1 Windows symlink skip,docs/readiness/poc-rescue-local/WHATSAPP.md; .artifacts/poc-rescue-local/wa-current-final.log; docs/readiness/poc-rescue-local/LIVE-ACTIVATION.md; COEXISTENCE-GAP.md; PROTOUCH-COEXISTENCE-PROVIDER-OPTION.md,origin/deployed42eebac2; local merged source plus opening cancellation patch; deployed schemafc6e851f3ba0,ProTouch remains PENDING and the Business phone app must be preserved. Ordinary registration failed 100/2388001; no further register/delete/deregister is authorized. Supported Coexistence onboarding is unresolved: user declined both own Tech Provider registration and a new paid subscription. Existing Twilio account has only its shared sandbox. Deployed application health does not establish WhatsApp inbound/AI/opening delivery.,Keep phone app and Coexistence disabled; obtain a supported onboarding route consistent with the user constraints before a real account-bound acceptance test. Continue independent local requirement work where incomplete.,"[{""as_of"":""Before October5 live60f26bf evidence refresh"",""superseded_fields"":{""evidence"":""docs/readiness/poc-rescue-local/WHATSAPP.md; .artifacts/poc-rescue-local/wa-current-final.log"",""blocker"":""ProTouch registration attempted with user approval: HTTP400/code100/subcode2388001 says number belongs to an existing WhatsApp account; needs user-identified migration/disconnection. No deregistration or further POST. Live acceptance/canary still absent."",""next_action"":""Execute exact acceptance on approved canary/provider and retain real outcomes; do not count mocks as live evidence.""},""reason"":""Preserve prior local/baseline evidence while distinguishing current deployment, controlled outbound success and remaining provider gates.""}]","{""previous_labels"":{""implementation"":""EXISTING_PARTIAL""},""meaning"":""Allowed status vocabulary only. Discovery/source inspection is not acceptance. Partial evidence remains FIXED_UNVERIFIED; read the acceptance, evidence and blocker.""}"
USER-086,P1,"13. ידע, איכות סוכן, זיכרון ו-field service",User section 13,"- תוכן מסמכים עצמו נגיש ל-runtime, לא רק facts שחולצו; tenant/agent-scoped retrieval עם רלוונטיות, validity ו-revocation, גם בעברית וביותר מ-40 מסמכים.","Exact user wording; verify source, local runtime and live evidence separately.",All configured; ProTouch and Or-On required,"13. ידע, איכות סוכן, זיכרון ו-field service",Authorized operator / service principal,packages/ts/crm/src/knowledge-retrieval.ts; services/ts/messaging-worker/src/ai-grounding.ts; services/ts/messaging-worker/src/prompt-context-budget.ts,FIXED_UNVERIFIED,FIXED_UNVERIFIED,NOT_CHECKED,BLOCKED,Read exact acceptance; mocks do not establish provider acceptance,"FTS uses simple configuration, relevance rank and top eight with current source/version filters; more-than-40 real Hebrew document acceptance absent.",ai-grounding (219); prompt-context-budget; prompt-context-provider; wa-current-final:69 files/660 pass/1 Windows symlink skip,docs/readiness/poc-rescue-local/WHATSAPP.md; .artifacts/poc-rescue-local/wa-current-final.log; docs/readiness/poc-rescue-local/LIVE-ACTIVATION.md; COEXISTENCE-GAP.md; PROTOUCH-COEXISTENCE-PROVIDER-OPTION.md,origin/deployed42eebac2; local merged source plus opening cancellation patch; deployed schemafc6e851f3ba0,ProTouch remains PENDING and the Business phone app must be preserved. Ordinary registration failed 100/2388001; no further register/delete/deregister is authorized. Supported Coexistence onboarding is unresolved: user declined both own Tech Provider registration and a new paid subscription. Existing Twilio account has only its shared sandbox. Deployed application health does not establish WhatsApp inbound/AI/opening delivery.,Keep phone app and Coexistence disabled; obtain a supported onboarding route consistent with the user constraints before a real account-bound acceptance test. Continue independent local requirement work where incomplete.,"[{""as_of"":""Before October5 live60f26bf evidence refresh"",""superseded_fields"":{""evidence"":""docs/readiness/poc-rescue-local/WHATSAPP.md; .artifacts/poc-rescue-local/wa-current-final.log"",""blocker"":""ProTouch registration attempted with user approval: HTTP400/code100/subcode2388001 says number belongs to an existing WhatsApp account; needs user-identified migration/disconnection. No deregistration or further POST. Live acceptance/canary still absent."",""next_action"":""Execute exact acceptance on approved canary/provider and retain real outcomes; do not count mocks as live evidence.""},""reason"":""Preserve prior local/baseline evidence while distinguishing current deployment, controlled outbound success and remaining provider gates.""}]","{""previous_labels"":{""discovery"":""PARTIAL"",""implementation"":""EXISTING_PARTIAL""},""meaning"":""Allowed status vocabulary only. Discovery/source inspection is not acceptance. Partial evidence remains FIXED_UNVERIFIED; read the acceptance, evidence and blocker.""}"
USER-087,P1,"13. ידע, איכות סוכן, זיכרון ו-field service",User section 13,"- הסוכן מסוגל להשיב תשובה מועילה הנתמכת בכמה מקורות. מספרים, מחירים ותאריכים חייבים מקור מתאים לישות, למטבע ולזמן; מילה שמופיעה באיזשהו מסמך אינה grounding.","Exact user wording; verify source, local runtime and live evidence separately.",All configured; ProTouch and Or-On required,"13. ידע, איכות סוכן, זיכרון ו-field service",Authorized operator / service principal,packages/ts/crm/src/knowledge-retrieval.ts; services/ts/messaging-worker/src/ai-grounding.ts; services/ts/messaging-worker/src/prompt-context-budget.ts,FIXED_UNVERIFIED,FIXED_UNVERIFIED,NOT_CHECKED,BLOCKED,Read exact acceptance; mocks do not establish provider acceptance,Current grounding supports multi-source evidence; fake-model and adversarial unit checks do not establish useful real Hebrew composition.,ai-grounding (219); prompt-context-budget; prompt-context-provider; wa-current-final:69 files/660 pass/1 Windows symlink skip,docs/readiness/poc-rescue-local/WHATSAPP.md; .artifacts/poc-rescue-local/wa-current-final.log; docs/readiness/poc-rescue-local/LIVE-ACTIVATION.md; COEXISTENCE-GAP.md; PROTOUCH-COEXISTENCE-PROVIDER-OPTION.md,origin/deployed42eebac2; local merged source plus opening cancellation patch; deployed schemafc6e851f3ba0,ProTouch remains PENDING and the Business phone app must be preserved. Ordinary registration failed 100/2388001; no further register/delete/deregister is authorized. Supported Coexistence onboarding is unresolved: user declined both own Tech Provider registration and a new paid subscription. Existing Twilio account has only its shared sandbox. Deployed application health does not establish WhatsApp inbound/AI/opening delivery.,Keep phone app and Coexistence disabled; obtain a supported onboarding route consistent with the user constraints before a real account-bound acceptance test. Continue independent local requirement work where incomplete.,"[{""as_of"":""Before October5 live60f26bf evidence refresh"",""superseded_fields"":{""evidence"":""docs/readiness/poc-rescue-local/WHATSAPP.md; .artifacts/poc-rescue-local/wa-current-final.log"",""blocker"":""ProTouch registration attempted with user approval: HTTP400/code100/subcode2388001 says number belongs to an existing WhatsApp account; needs user-identified migration/disconnection. No deregistration or further POST. Live acceptance/canary still absent."",""next_action"":""Execute exact acceptance on approved canary/provider and retain real outcomes; do not count mocks as live evidence.""},""reason"":""Preserve prior local/baseline evidence while distinguishing current deployment, controlled outbound success and remaining provider gates.""}]","{""previous_labels"":{""discovery"":""PARTIAL"",""implementation"":""EXISTING_PARTIAL""},""meaning"":""Allowed status vocabulary only. Discovery/source inspection is not acceptance. Partial evidence remains FIXED_UNVERIFIED; read the acceptance, evidence and blocker.""}"
USER-088,P1,"13. ידע, איכות סוכן, זיכרון ו-field service",User section 13,"- טענת ""ביצעתי"" דורשת action receipt אמיתי. אל תחסום שאלה, שלילה או ניסוח סביל רק בגלל regex של מילה כמו ""שלח"".","Exact user wording; verify source, local runtime and live evidence separately.",All configured; ProTouch and Or-On required,"13. ידע, איכות סוכן, זיכרון ו-field service",Authorized operator / service principal,packages/ts/crm/src/knowledge-retrieval.ts; services/ts/messaging-worker/src/ai-grounding.ts; services/ts/messaging-worker/src/prompt-context-budget.ts,VERIFIED_LOCAL,FIXED_UNVERIFIED,VERIFIED_LOCAL,BLOCKED,Read exact acceptance; mocks do not establish provider acceptance,Numeric/entity/action receipt guards exercised locally; zero unsupported numeric claims in a human-rated real corpus remains unproven.,ai-grounding (219); prompt-context-budget; prompt-context-provider; wa-current-final:69 files/660 pass/1 Windows symlink skip,docs/readiness/poc-rescue-local/WHATSAPP.md; .artifacts/poc-rescue-local/wa-current-final.log; docs/readiness/poc-rescue-local/LIVE-ACTIVATION.md; COEXISTENCE-GAP.md; PROTOUCH-COEXISTENCE-PROVIDER-OPTION.md,origin/deployed42eebac2; local merged source plus opening cancellation patch; deployed schemafc6e851f3ba0,ProTouch remains PENDING and the Business phone app must be preserved. Ordinary registration failed 100/2388001; no further register/delete/deregister is authorized. Supported Coexistence onboarding is unresolved: user declined both own Tech Provider registration and a new paid subscription. Existing Twilio account has only its shared sandbox. Deployed application health does not establish WhatsApp inbound/AI/opening delivery.,Keep phone app and Coexistence disabled; obtain a supported onboarding route consistent with the user constraints before a real account-bound acceptance test. Continue independent local requirement work where incomplete.,"[{""as_of"":""Before October5 live60f26bf evidence refresh"",""superseded_fields"":{""evidence"":""docs/readiness/poc-rescue-local/WHATSAPP.md; .artifacts/poc-rescue-local/wa-current-final.log"",""blocker"":""ProTouch registration attempted with user approval: HTTP400/code100/subcode2388001 says number belongs to an existing WhatsApp account; needs user-identified migration/disconnection. No deregistration or further POST. Live acceptance/canary still absent."",""next_action"":""Execute exact acceptance on approved canary/provider and retain real outcomes; do not count mocks as live evidence.""},""reason"":""Preserve prior local/baseline evidence while distinguishing current deployment, controlled outbound success and remaining provider gates.""}]","{""previous_labels"":{""implementation"":""EXISTING_PARTIAL""},""meaning"":""Allowed status vocabulary only. Discovery/source inspection is not acceptance. Partial evidence remains FIXED_UNVERIFIED; read the acceptance, evidence and blocker.""}"
USER-089,P1,"13. ידע, איכות סוכן, זיכרון ו-field service",User section 13,"- authoring/preview/runtime מסכימים על זמינות ידע, והסיבה ל-fact לא זמין גלויה.","Exact user wording; verify source, local runtime and live evidence separately.",All configured; ProTouch and Or-On required,"13. ידע, איכות סוכן, זיכרון ו-field service",Authorized operator / service principal,packages/ts/crm/src/knowledge-retrieval.ts; services/ts/messaging-worker/src/ai-grounding.ts; services/ts/messaging-worker/src/prompt-context-budget.ts,FIXED_UNVERIFIED,FIXED_UNVERIFIED,NOT_CHECKED,BLOCKED,Read exact acceptance; mocks do not establish provider acceptance,Knowledge authoring/retrieval/validation machinery exists; every per-fact unavailable reason and authoring-preview-runtime UI agreement not verified by worker suite.,ai-grounding (219); prompt-context-budget; prompt-context-provider; wa-current-final:69 files/660 pass/1 Windows symlink skip,docs/readiness/poc-rescue-local/WHATSAPP.md; .artifacts/poc-rescue-local/wa-current-final.log; docs/readiness/poc-rescue-local/LIVE-ACTIVATION.md; COEXISTENCE-GAP.md; PROTOUCH-COEXISTENCE-PROVIDER-OPTION.md,origin/deployed42eebac2; local merged source plus opening cancellation patch; deployed schemafc6e851f3ba0,ProTouch remains PENDING and the Business phone app must be preserved. Ordinary registration failed 100/2388001; no further register/delete/deregister is authorized. Supported Coexistence onboarding is unresolved: user declined both own Tech Provider registration and a new paid subscription. Existing Twilio account has only its shared sandbox. Deployed application health does not establish WhatsApp inbound/AI/opening delivery.,Keep phone app and Coexistence disabled; obtain a supported onboarding route consistent with the user constraints before a real account-bound acceptance test. Continue independent local requirement work where incomplete.,"[{""as_of"":""Before October5 live60f26bf evidence refresh"",""superseded_fields"":{""evidence"":""docs/readiness/poc-rescue-local/WHATSAPP.md; .artifacts/poc-rescue-local/wa-current-final.log"",""blocker"":""ProTouch registration attempted with user approval: HTTP400/code100/subcode2388001 says number belongs to an existing WhatsApp account; needs user-identified migration/disconnection. No deregistration or further POST. Live acceptance/canary still absent."",""next_action"":""Execute exact acceptance on approved canary/provider and retain real outcomes; do not count mocks as live evidence.""},""reason"":""Preserve prior local/baseline evidence while distinguishing current deployment, controlled outbound success and remaining provider gates.""}]","{""previous_labels"":{""discovery"":""PARTIAL"",""implementation"":""EXISTING_PARTIAL""},""meaning"":""Allowed status vocabulary only. Discovery/source inspection is not acceptance. Partial evidence remains FIXED_UNVERIFIED; read the acceptance, evidence and blocker.""}"
USER-090,P1,"13. ידע, איכות סוכן, זיכרון ו-field service",User section 13,"- model configuration, prompt וידע משויכים לגרסה הפעילה. גרסה חדשה אינה publishable לפני evaluation נדרש. בנה golden set של 30 שיחות עברית אמיתיות שעברו אנונימיזציה לכל סוכן כאשר הנתונים זמינים.","Exact user wording; verify source, local runtime and live evidence separately.",All configured; ProTouch and Or-On required,"13. ידע, איכות סוכן, זיכרון ו-field service",Authorized operator / service principal,services/ts/messaging-worker/src/session-agent-admission.ts; packages/ts/crm/src/agent-quality-gate.ts,FIXED_UNVERIFIED,FIXED_UNVERIFIED,NOT_CHECKED,BLOCKED,Read exact acceptance; mocks do not establish provider acceptance,"Persisted real-dataset/human-review evaluation gate exists; no 30 real anonymized cases per agent, actual human scoring, or nightly evidence supplied.",session-admission-worker.postgres; model-routing.postgres; trusted-model-routing; wa-current-final:69 files/660 pass/1 Windows symlink skip,docs/readiness/poc-rescue-local/WHATSAPP.md; .artifacts/poc-rescue-local/wa-current-final.log; docs/readiness/poc-rescue-local/LIVE-ACTIVATION.md; COEXISTENCE-GAP.md; PROTOUCH-COEXISTENCE-PROVIDER-OPTION.md,origin/deployed42eebac2; local merged source plus opening cancellation patch; deployed schemafc6e851f3ba0,ProTouch remains PENDING and the Business phone app must be preserved. Ordinary registration failed 100/2388001; no further register/delete/deregister is authorized. Supported Coexistence onboarding is unresolved: user declined both own Tech Provider registration and a new paid subscription. Existing Twilio account has only its shared sandbox. Deployed application health does not establish WhatsApp inbound/AI/opening delivery.,Keep phone app and Coexistence disabled; obtain a supported onboarding route consistent with the user constraints before a real account-bound acceptance test. Continue independent local requirement work where incomplete.,"[{""as_of"":""Before October5 live60f26bf evidence refresh"",""superseded_fields"":{""evidence"":""docs/readiness/poc-rescue-local/WHATSAPP.md; .artifacts/poc-rescue-local/wa-current-final.log"",""blocker"":""ProTouch registration attempted with user approval: HTTP400/code100/subcode2388001 says number belongs to an existing WhatsApp account; needs user-identified migration/disconnection. No deregistration or further POST. Live acceptance/canary still absent."",""next_action"":""Execute exact acceptance on approved canary/provider and retain real outcomes; do not count mocks as live evidence.""},""reason"":""Preserve prior local/baseline evidence while distinguishing current deployment, controlled outbound success and remaining provider gates.""}]","{""previous_labels"":{""discovery"":""PARTIAL"",""implementation"":""EXISTING_PARTIAL""},""meaning"":""Allowed status vocabulary only. Discovery/source inspection is not acceptance. Partial evidence remains FIXED_UNVERIFIED; read the acceptance, evidence and blocker.""}"
USER-091,P1,"13. ידע, איכות סוכן, זיכרון ו-field service",User section 13,"- session boundary, חלון עד 20 turns, captions/transcripts/templates, summaries ו-cursors תקינים; לקוח חוזר אינו מטופל כחדש תמיד.","Exact user wording; verify source, local runtime and live evidence separately.",All configured; ProTouch and Or-On required,"13. ידע, איכות סוכן, זיכרון ו-field service",Authorized operator / service principal,services/ts/messaging-worker/src/session-memory-context.ts; services/ts/messaging-worker/src/memory-summary-job.ts; packages/ts/crm/src/messaging-memory.ts,VERIFIED_LOCAL,FIXED_UNVERIFIED,VERIFIED_LOCAL,BLOCKED,Read exact acceptance; mocks do not establish provider acceptance,Session context PostgreSQL test proves 20-customer-turn bounded context and guard exclusions; media/template paths pass locally.,session-memory-context.postgres; memory-summary-model; memory-summary-job; ai-authored-context.postgres; ai-authored-context-boundary.postgres; wa-current-final:69 files/660 pass/1 Windows symlink skip,docs/readiness/poc-rescue-local/WHATSAPP.md; .artifacts/poc-rescue-local/wa-current-final.log; docs/readiness/poc-rescue-local/LIVE-ACTIVATION.md; COEXISTENCE-GAP.md; PROTOUCH-COEXISTENCE-PROVIDER-OPTION.md,origin/deployed42eebac2; local merged source plus opening cancellation patch; deployed schemafc6e851f3ba0,ProTouch remains PENDING and the Business phone app must be preserved. Ordinary registration failed 100/2388001; no further register/delete/deregister is authorized. Supported Coexistence onboarding is unresolved: user declined both own Tech Provider registration and a new paid subscription. Existing Twilio account has only its shared sandbox. Deployed application health does not establish WhatsApp inbound/AI/opening delivery.,Keep phone app and Coexistence disabled; obtain a supported onboarding route consistent with the user constraints before a real account-bound acceptance test. Continue independent local requirement work where incomplete.,"[{""as_of"":""Before October5 live60f26bf evidence refresh"",""superseded_fields"":{""evidence"":""docs/readiness/poc-rescue-local/WHATSAPP.md; .artifacts/poc-rescue-local/wa-current-final.log"",""blocker"":""ProTouch registration attempted with user approval: HTTP400/code100/subcode2388001 says number belongs to an existing WhatsApp account; needs user-identified migration/disconnection. No deregistration or further POST. Live acceptance/canary still absent."",""next_action"":""Execute exact acceptance on approved canary/provider and retain real outcomes; do not count mocks as live evidence.""},""reason"":""Preserve prior local/baseline evidence while distinguishing current deployment, controlled outbound success and remaining provider gates.""}]","{""previous_labels"":{""implementation"":""EXISTING_PARTIAL""},""meaning"":""Allowed status vocabulary only. Discovery/source inspection is not acceptance. Partial evidence remains FIXED_UNVERIFIED; read the acceptance, evidence and blocker.""}"
USER-092,P1,"13. ידע, איכות סוכן, זיכרון ו-field service",User section 13,"- זיכרון נשען על דברי לקוח וקבלות פעולה מאומתות, לא על הזיה קודמת של ה-AI. נתוני CRM ותיקוני מפעיל גוברים. profile name אינו דורס שם מתוקן.","Exact user wording; verify source, local runtime and live evidence separately.",All configured; ProTouch and Or-On required,"13. ידע, איכות סוכן, זיכרון ו-field service",Authorized operator / service principal,services/ts/messaging-worker/src/session-memory-context.ts; services/ts/messaging-worker/src/memory-summary-job.ts; packages/ts/crm/src/messaging-memory.ts,VERIFIED_LOCAL,FIXED_UNVERIFIED,VERIFIED_LOCAL,BLOCKED,Read exact acceptance; mocks do not establish provider acceptance,AI-authored provenance boundary and customer/action-evidence summary tests pass; no real shadow corpus yet.,session-memory-context.postgres; memory-summary-model; memory-summary-job; ai-authored-context.postgres; ai-authored-context-boundary.postgres; wa-current-final:69 files/660 pass/1 Windows symlink skip,docs/readiness/poc-rescue-local/WHATSAPP.md; .artifacts/poc-rescue-local/wa-current-final.log; docs/readiness/poc-rescue-local/LIVE-ACTIVATION.md; COEXISTENCE-GAP.md; PROTOUCH-COEXISTENCE-PROVIDER-OPTION.md,origin/deployed42eebac2; local merged source plus opening cancellation patch; deployed schemafc6e851f3ba0,ProTouch remains PENDING and the Business phone app must be preserved. Ordinary registration failed 100/2388001; no further register/delete/deregister is authorized. Supported Coexistence onboarding is unresolved: user declined both own Tech Provider registration and a new paid subscription. Existing Twilio account has only its shared sandbox. Deployed application health does not establish WhatsApp inbound/AI/opening delivery.,Keep phone app and Coexistence disabled; obtain a supported onboarding route consistent with the user constraints before a real account-bound acceptance test. Continue independent local requirement work where incomplete.,"[{""as_of"":""Before October5 live60f26bf evidence refresh"",""superseded_fields"":{""evidence"":""docs/readiness/poc-rescue-local/WHATSAPP.md; .artifacts/poc-rescue-local/wa-current-final.log"",""blocker"":""ProTouch registration attempted with user approval: HTTP400/code100/subcode2388001 says number belongs to an existing WhatsApp account; needs user-identified migration/disconnection. No deregistration or further POST. Live acceptance/canary still absent."",""next_action"":""Execute exact acceptance on approved canary/provider and retain real outcomes; do not count mocks as live evidence.""},""reason"":""Preserve prior local/baseline evidence while distinguishing current deployment, controlled outbound success and remaining provider gates.""}]","{""previous_labels"":{""implementation"":""EXISTING_PARTIAL""},""meaning"":""Allowed status vocabulary only. Discovery/source inspection is not acceptance. Partial evidence remains FIXED_UNVERIFIED; read the acceptance, evidence and blocker.""}"
USER-093,P1,"13. ידע, איכות סוכן, זיכרון ו-field service",User section 13,- memory חדש יעבוד ב-shadow וייבדק ידנית לפני שימוש חי בהתאם לדרישות; אל תדלג על חלון תצפית בגלל הדדליין.,"Exact user wording; verify source, local runtime and live evidence separately.",All configured; ProTouch and Or-On required,"13. ידע, איכות סוכן, זיכרון ו-field service",Authorized operator / service principal,services/ts/messaging-worker/src/session-memory-context.ts; services/ts/messaging-worker/src/memory-summary-job.ts; packages/ts/crm/src/messaging-memory.ts,FIXED_UNVERIFIED,FIXED_UNVERIFIED,NOT_CHECKED,BLOCKED,Read exact acceptance; mocks do not establish provider acceptance,Human-review/shadow gate exists; live flags absent. Required week-long shadow and fifty reviewed real conversations have not elapsed.,session-memory-context.postgres; memory-summary-model; memory-summary-job; ai-authored-context.postgres; ai-authored-context-boundary.postgres; wa-current-final:69 files/660 pass/1 Windows symlink skip,docs/readiness/poc-rescue-local/WHATSAPP.md; .artifacts/poc-rescue-local/wa-current-final.log; docs/readiness/poc-rescue-local/LIVE-ACTIVATION.md; COEXISTENCE-GAP.md; PROTOUCH-COEXISTENCE-PROVIDER-OPTION.md,origin/deployed42eebac2; local merged source plus opening cancellation patch; deployed schemafc6e851f3ba0,ProTouch remains PENDING and the Business phone app must be preserved. Ordinary registration failed 100/2388001; no further register/delete/deregister is authorized. Supported Coexistence onboarding is unresolved: user declined both own Tech Provider registration and a new paid subscription. Existing Twilio account has only its shared sandbox. Deployed application health does not establish WhatsApp inbound/AI/opening delivery.,Keep phone app and Coexistence disabled; obtain a supported onboarding route consistent with the user constraints before a real account-bound acceptance test. Continue independent local requirement work where incomplete.,"[{""as_of"":""Before October5 live60f26bf evidence refresh"",""superseded_fields"":{""evidence"":""docs/readiness/poc-rescue-local/WHATSAPP.md; .artifacts/poc-rescue-local/wa-current-final.log"",""blocker"":""ProTouch registration attempted with user approval: HTTP400/code100/subcode2388001 says number belongs to an existing WhatsApp account; needs user-identified migration/disconnection. No deregistration or further POST. Live acceptance/canary still absent."",""next_action"":""Execute exact acceptance on approved canary/provider and retain real outcomes; do not count mocks as live evidence.""},""reason"":""Preserve prior local/baseline evidence while distinguishing current deployment, controlled outbound success and remaining provider gates.""}]","{""previous_labels"":{""discovery"":""PARTIAL"",""implementation"":""EXISTING_PARTIAL""},""meaning"":""Allowed status vocabulary only. Discovery/source inspection is not acceptance. Partial evidence remains FIXED_UNVERIFIED; read the acceptance, evidence and blocker.""}"
USER-094,P1,"13. ידע, איכות סוכן, זיכרון ו-field service",User section 13,"- field-service extraction תואם prompt/schema, כולל readyForConfirmation, reasoning/output budget והצפנה. שדה בודד לא תקין אינו מפיל את כל ה-job. extraction ברקע אינו חוסם תשובה ללקוח.","Exact user wording; verify source, local runtime and live evidence separately.",All configured; ProTouch and Or-On required,"13. ידע, איכות סוכן, זיכרון ו-field service",Authorized operator / service principal,services/ts/messaging-worker/src/field-service-provider.ts; services/ts/messaging-worker/src/database.ts,VERIFIED_LOCAL,FIXED_UNVERIFIED,VERIFIED_LOCAL,BLOCKED,Read exact acceptance; mocks do not establish provider acceptance,Field extraction prompt/schema agree without stray readyForConfirmation; reasoning/output policy covered by four provider tests. Real model result pending.,field-service-provider; field-service-ocr.live; machine-service-tools.postgres; wa-current-final:69 files/660 pass/1 Windows symlink skip,docs/readiness/poc-rescue-local/WHATSAPP.md; .artifacts/poc-rescue-local/wa-current-final.log; docs/readiness/poc-rescue-local/LIVE-ACTIVATION.md; COEXISTENCE-GAP.md; PROTOUCH-COEXISTENCE-PROVIDER-OPTION.md,origin/deployed42eebac2; local merged source plus opening cancellation patch; deployed schemafc6e851f3ba0,ProTouch remains PENDING and the Business phone app must be preserved. Ordinary registration failed 100/2388001; no further register/delete/deregister is authorized. Supported Coexistence onboarding is unresolved: user declined both own Tech Provider registration and a new paid subscription. Existing Twilio account has only its shared sandbox. Deployed application health does not establish WhatsApp inbound/AI/opening delivery.,Keep phone app and Coexistence disabled; obtain a supported onboarding route consistent with the user constraints before a real account-bound acceptance test. Continue independent local requirement work where incomplete.,"[{""as_of"":""Before October5 live60f26bf evidence refresh"",""superseded_fields"":{""evidence"":""docs/readiness/poc-rescue-local/WHATSAPP.md; .artifacts/poc-rescue-local/wa-current-final.log"",""blocker"":""ProTouch registration attempted with user approval: HTTP400/code100/subcode2388001 says number belongs to an existing WhatsApp account; needs user-identified migration/disconnection. No deregistration or further POST. Live acceptance/canary still absent."",""next_action"":""Execute exact acceptance on approved canary/provider and retain real outcomes; do not count mocks as live evidence.""},""reason"":""Preserve prior local/baseline evidence while distinguishing current deployment, controlled outbound success and remaining provider gates.""}]","{""previous_labels"":{""implementation"":""EXISTING_PARTIAL""},""meaning"":""Allowed status vocabulary only. Discovery/source inspection is not acceptance. Partial evidence remains FIXED_UNVERIFIED; read the acceptance, evidence and blocker.""}"
USER-095,P1,"13. ידע, איכות סוכן, זיכרון ו-field service",User section 13,"- usage/cost נרשמים לכל קריאת מודל ולכל שיחה עם tenant/agent/version/model הנכונים, כולל retries וכשלים ככל שיש usage, בלי חיוב בין טננטים.","Exact user wording; verify source, local runtime and live evidence separately.",All configured; ProTouch and Or-On required,"13. ידע, איכות סוכן, זיכרון ו-field service",Authorized operator / service principal,services/ts/messaging-worker/src/model-accounting-spool.ts; services/ts/messaging-worker/src/ai-provider.ts; db/alembic/versions/a8e340b9c206_record_attributed_model_attempts.py,VERIFIED_LOCAL,FIXED_UNVERIFIED,VERIFIED_LOCAL,BLOCKED,Read exact acceptance; mocks do not establish provider acceptance,Model attempt/usage accounting/spool and per-version route tests passed; one Linux file-symlink case skipped onWindows. Actual provider reconciliation and voice cost are not established by worker mocks.,"ai-recovery; model-accounting-spool; model-routing.postgres; usage; included660pass; For controlled session0af0ed12, CRM exposes measured LLM/STT/TTS usage but telephony:unknown is explicitly unpriced. Twilio separately reports USD0.06060. This is not reconciled application telephony costing or complete all-call/retry coverage.",docs/readiness/poc-rescue-local/WHATSAPP.md; .artifacts/poc-rescue-local/wa-current-final.log; docs/readiness/poc-rescue-local/LIVE-ACTIVATION.md; COEXISTENCE-GAP.md; PROTOUCH-COEXISTENCE-PROVIDER-OPTION.md; .artifacts/poc-rescue-local/live-voice-60f26bf-artifact-readback.json; .artifacts/poc-rescue-local/live-voice-60f26bf-provider.json,Live 60f26bfe1775997da1fb5159ec9e09a08246068b; schema 9e43a5b02d81 (139 revisions); deployed 2026-10-04T23:06Z,ProTouch remains PENDING and the Business phone app must be preserved. Ordinary registration failed 100/2388001; no further register/delete/deregister is authorized. Supported Coexistence onboarding is unresolved: user declined both own Tech Provider registration and a new paid subscription. Existing Twilio account has only its shared sandbox. Deployed application health does not establish WhatsApp inbound/AI/opening delivery.,Keep phone app and Coexistence disabled; obtain a supported onboarding route consistent with the user constraints before a real account-bound acceptance test. Continue independent local requirement work where incomplete.,"[{""as_of"":""Before October5 live60f26bf evidence refresh"",""superseded_fields"":{""evidence"":""docs/readiness/poc-rescue-local/WHATSAPP.md; .artifacts/poc-rescue-local/wa-current-final.log"",""blocker"":""ProTouch registration attempted with user approval: HTTP400/code100/subcode2388001 says number belongs to an existing WhatsApp account; needs user-identified migration/disconnection. No deregistration or further POST. Live acceptance/canary still absent."",""next_action"":""Execute exact acceptance on approved canary/provider and retain real outcomes; do not count mocks as live evidence."",""tests"":""ai-recovery; model-accounting-spool; model-routing.postgres; usage; included660pass"",""revision"":""origin/deployed42eebac2; local merged source plus opening cancellation patch; deployed schemafc6e851f3ba0""},""reason"":""Preserve prior local/baseline evidence while distinguishing current deployment, controlled outbound success and remaining provider gates.""}]","{""previous_labels"":{""implementation"":""EXISTING_PARTIAL""},""meaning"":""Allowed status vocabulary only. Discovery/source inspection is not acceptance. Partial evidence remains FIXED_UNVERIFIED; read the acceptance, evidence and blocker.""}"
USER-096,P1,18. הרצה ובדיקות — חובה להשתמש בסביבה המקומית המלאה,User section 18,- lint/format/typecheck ו-production builds לשירותים ששונו ולתלויותיהם.,"Exact user wording; verify source, local runtime and live evidence separately.",All configured; ProTouch and Or-On required,18. הרצה ובדיקות — חובה להשתמש בסביבה המקומית המלאה,Authorized operator / service principal,VERIFICATION.md; UI.md; VOICE.md; WHATSAPP.md,VERIFIED_LOCAL,FIXED_UNVERIFIED,FIXED_UNVERIFIED,NOT_CHECKED,Read exact acceptance; mocks do not establish provider acceptance,Assessed against detailed acceptance rows: PDF-090. Passing subsets do not certify the complete instruction.,See linked detailed rows for exact commands/counts and unresolved cases.,CHECKPOINT.md; VERIFICATION.md; TENANT-ROUTING.md; RUNBOOK.md; PDF-090,Historical baseline: DEV 42eebac2/schema fc6e851f3ba0. Live 60f26bfe1775997da1fb5159ec9e09a08246068b; schema 9e43a5b02d81 (139 revisions); deployed 2026-10-04T23:06Z,Full requested acceptance remains open where linked local/provider/observation gates are unmet.,"Complete the remaining linked gates; preserve separate local, live POC and production judgments.","[{""as_of"":""Before October5 live60f26bf evidence refresh"",""superseded_fields"":{""revision"":""Current branch codex/poc-rescue-local-20261004; DEV remains42eebac2/schemafc6e851f3ba0""},""reason"":""Preserve prior local/baseline evidence while distinguishing current deployment, controlled outbound success and remaining provider gates.""}]",
USER-097,P1,18. הרצה ובדיקות — חובה להשתמש בסביבה המקומית המלאה,User section 18,"- unit ו-regression tests על סיבות השורש, לא בדיקות שמחקות את שורת המימוש בלבד.","Exact user wording; verify source, local runtime and live evidence separately.",All configured; ProTouch and Or-On required,18. הרצה ובדיקות — חובה להשתמש בסביבה המקומית המלאה,Authorized operator / service principal,"db/tests/postgres/test_auth_lockout_window.py; packages/ts/auth/src/login-admission.test.ts; packages/ts/auth/src/process-database.ts; repository.ts; tenant-context.ts; sms.ts; apps/web/src/features/auth/server.ts; apps/web/src/app/api/webhooks/{stripe/route,whatsapp/handler}.ts; packages/ts/crm/src/webhook-store.ts",REPRODUCED,FIXED_UNVERIFIED,FIXED_UNVERIFIED,NOT_CHECKED,Read exact acceptance; mocks do not establish provider acceptance,"Assessed against detailed acceptance rows: PDF-083, PDF-082. Passing subsets do not certify the complete instruction.",See linked detailed rows for exact commands/counts and unresolved cases.,"CHECKPOINT.md; VERIFICATION.md; TENANT-ROUTING.md; RUNBOOK.md; PDF-083, PDF-082",Historical baseline: DEV 42eebac2/schema fc6e851f3ba0. Live 60f26bfe1775997da1fb5159ec9e09a08246068b; schema 9e43a5b02d81 (139 revisions); deployed 2026-10-04T23:06Z,Full requested acceptance remains open where linked local/provider/observation gates are unmet.,"Complete the remaining linked gates; preserve separate local, live POC and production judgments.","[{""as_of"":""Before October5 live60f26bf evidence refresh"",""superseded_fields"":{""revision"":""Current branch codex/poc-rescue-local-20261004; DEV remains42eebac2/schemafc6e851f3ba0""},""reason"":""Preserve prior local/baseline evidence while distinguishing current deployment, controlled outbound success and remaining provider gates.""}]",
USER-098,P1,18. הרצה ובדיקות — חובה להשתמש בסביבה המקומית המלאה,User section 18,"- PostgreSQL integration אמיתי, migrations, RLS/auth/tenant-context, transactions, concurrent claims, locks ונתונים מוצפנים.","Exact user wording; verify source, local runtime and live evidence separately.",All configured; ProTouch and Or-On required,18. הרצה ובדיקות — חובה להשתמש בסביבה המקומית המלאה,Authorized operator / service principal,PROCESS-DB-POOL.md; VERIFICATION.md; db/tests/postgres/test_rls_and_roles.py,VERIFIED_LOCAL,FIXED_UNVERIFIED,FIXED_UNVERIFIED,NOT_CHECKED,Read exact acceptance; mocks do not establish provider acceptance,Assessed against detailed acceptance rows: PDF-097. Passing subsets do not certify the complete instruction.,See linked detailed rows for exact commands/counts and unresolved cases.,CHECKPOINT.md; VERIFICATION.md; TENANT-ROUTING.md; RUNBOOK.md; PDF-097,Historical baseline: DEV 42eebac2/schema fc6e851f3ba0. Live 60f26bfe1775997da1fb5159ec9e09a08246068b; schema 9e43a5b02d81 (139 revisions); deployed 2026-10-04T23:06Z,Full requested acceptance remains open where linked local/provider/observation gates are unmet.,"Complete the remaining linked gates; preserve separate local, live POC and production judgments.","[{""as_of"":""Before October5 live60f26bf evidence refresh"",""superseded_fields"":{""revision"":""Current branch codex/poc-rescue-local-20261004; DEV remains42eebac2/schemafc6e851f3ba0""},""reason"":""Preserve prior local/baseline evidence while distinguishing current deployment, controlled outbound success and remaining provider gates.""}]",
USER-099,P1,18. הרצה ובדיקות — חובה להשתמש בסביבה המקומית המלאה,User section 18,- container/network integration ל-Caddy/dispatcher/webhooks/worker/database; fixture של JSON בלבד אינו מוכיח wiring.,"Exact user wording; verify source, local runtime and live evidence separately.",All configured; ProTouch and Or-On required,18. הרצה ובדיקות — חובה להשתמש בסביבה המקומית המלאה,Authorized operator / service principal,infra/compose/deployment.yaml; infra/scripts/readiness_stack.py; .artifacts/poc_stack.py; scripts/recover_unhealthy.py; infra/deployment/systemd/oron-dev-recovery.service; scripts/deploy-dev.sh; db/contracts/schema-manifest.json; infra/scripts/readiness_stack.py; scripts/restore-dev-backup.py; scripts/deploy-dev.sh; docs/readiness/poc-rescue-local/RUNBOOK.md,REPRODUCED,FIXED_UNVERIFIED,FIXED_UNVERIFIED,FIXED_UNVERIFIED,Read exact acceptance; mocks do not establish provider acceptance,"Assessed against detailed acceptance rows: PDF-101, PDF-102, PDF-127. Passing subsets do not certify the complete instruction.",See linked detailed rows for exact commands/counts and unresolved cases.; Exact60f deployment and independent postcheck passed; signed provider ingress/unsigned rejection and one recipient-confirmed Hebrew ProTouch outbound call verified. Remaining linked acceptance gates are separate.,"CHECKPOINT.md; VERIFICATION.md; TENANT-ROUTING.md; RUNBOOK.md; PDF-101, PDF-102, PDF-127; docs/readiness/poc-rescue-local/LIVE-ACTIVATION.md; PROTOUCH-INBOUND-ACL-FAILURE.md; .artifacts/poc-rescue-local/live-voice-60f26bf-provider.json",Live 60f26bfe1775997da1fb5159ec9e09a08246068b; schema 9e43a5b02d81 (139 revisions); deployed 2026-10-04T23:06Z,Full requested acceptance remains open where linked local/provider/observation gates are unmet.,"Complete the remaining linked gates; preserve separate local, live POC and production judgments.","[{""as_of"":""Before October5 live60f26bf evidence refresh"",""superseded_fields"":{""live"":""BLOCKED"",""tests"":""See linked detailed rows for exact commands/counts and unresolved cases."",""evidence"":""CHECKPOINT.md; VERIFICATION.md; TENANT-ROUTING.md; RUNBOOK.md; PDF-101, PDF-102, PDF-127"",""revision"":""Current branch codex/poc-rescue-local-20261004; DEV remains42eebac2/schemafc6e851f3ba0""},""reason"":""Preserve prior local/baseline evidence while distinguishing current deployment, controlled outbound success and remaining provider gates.""}]",
USER-100,P1,18. הרצה ובדיקות — חובה להשתמש בסביבה המקומית המלאה,User section 18,"- end-to-end בדפדפן על המערכת המקומית המחוברת ל-backend ו-DB, בכל המסכים והטננטים הקריטיים, כולל מובייל/RTL ותפקידי הרשאה.","Exact user wording; verify source, local runtime and live evidence separately.",All configured; ProTouch and Or-On required,18. הרצה ובדיקות — חובה להשתמש בסביבה המקומית המלאה,Authorized operator / service principal,scripts/preview_ui.py; docs/readiness/poc-rescue-local/UI.md,VERIFIED_LOCAL,FIXED_UNVERIFIED,FIXED_UNVERIFIED,NOT_CHECKED,"Complete authorized content/workflows for all critical routes and roles, real tenant settings/provider paths, physical keyboard/landscape and remaining device cases.","Ran real Next+backend+owned PostgreSQL preview, populated540 contacts/55 tickets and two synthetic tenants; original developer DB/.env preserved. Inventoried37 route patterns.","31 browser route instances/states at320/375/390/430/768/1366/1920 with no measured document horizontal overflow; four are access-denied screens. RTL/LTR, ticket pagination/contact names, tenant-switch isolation, settings persistence, mobile history/draft retention and dialog focus checked.","docs/readiness/poc-rescue-local/UI.md; .artifacts/poc-rescue-local/ui/responsive-route-evidence.json; rendered-route-evidence.json; final-inbox-{320,375,390,430,768,1366,1920}-rtl.jpg",UI 8c48406; pooled runtime 6afa941; proof DB schema 8d32f4a91c70,"Synthetic owner sessions only; superuser, technician and other role browser flows incomplete. Denied states do not prove authorized feature content. No all-route/all-action/full-live claim.",Run remaining role/tenant/workflow matrix using authorized fixtures and provider canaries; preserve screenshots for completed states rather than loading/compositor artifacts.,,
USER-101,P1,18. הרצה ובדיקות — חובה להשתמש בסביבה המקומית המלאה,User section 18,- signed provider fixtures ו-failure injection למגוון אירועים; אחריהם בדיקות sandbox/ספק אמיתי כאשר מורשות.,"Exact user wording; verify source, local runtime and live evidence separately.",All configured; ProTouch and Or-On required,18. הרצה ובדיקות — חובה להשתמש בסביבה המקומית המלאה,Authorized operator / service principal,services/py/dispatcher/tests/test_webhook.py; db/tests/postgres/test_phase5_dispatcher_webhooks.py; .artifacts/poc_stack.py; packages/py/oron-agent/tests,VERIFIED_LOCAL,VERIFIED_LOCAL,VERIFIED_LOCAL,FIXED_UNVERIFIED,"Separate source/unit, actual DB/container, provider-read and live-call evidence; local stubs cannot certify carrier or cross-channel acceptance.",Signed/invalid/duplicate callbacks and durable delivery/lease failures exercised in Python and actual disposable DB. Local artifact upload failures and private-deployment rollback failures are explicitly injected. Runtime Caddy callback probe prepared with fictional keys and a nonexistent room.,"35 actual voice DB tests plus31 memory/knowledge/webhook/usage tests passed;1293 offline voice tests passed with separately executed gated model tests.172 release/recovery tests passed0skip.20 candidate-container artifact lifecycle checks passed, including retained failed/unfinalized staging.; Exact60f deployment and independent postcheck passed; signed provider ingress/unsigned rejection and one recipient-confirmed Hebrew ProTouch outbound call verified. Remaining linked acceptance gates are separate.",docs/readiness/poc-rescue-local/VOICE.md; docs/readiness/poc-rescue-local/PROTOUCH-OUTBOUND-PLAN.md; docs/readiness/poc-rescue-local/RUNBOOK.md; docs/readiness/poc-rescue-local/LIVE-ACTIVATION.md; PROTOUCH-INBOUND-ACL-FAILURE.md; .artifacts/poc-rescue-local/live-voice-60f26bf-provider.json,Live 60f26bfe1775997da1fb5159ec9e09a08246068b; schema 9e43a5b02d81 (139 revisions); deployed 2026-10-04T23:06Z,This evidence covers voice and release paths; WhatsApp fixture/provider evidence is separately owned. Full final-stack callback and real carrier sandbox/call evidence must not be inferred from unit signatures or provider inventory reads.,"Run final candidate Caddy signed/unsigned/duplicate probe, preserve WhatsApp evidence separately, and execute only expressly authorized provider tests.","[{""as_of"":""Before October5 live60f26bf evidence refresh"",""superseded_fields"":{""live"":""BLOCKED"",""tests"":""35 actual voice DB tests plus31 memory/knowledge/webhook/usage tests passed;1293 offline voice tests passed with separately executed gated model tests.172 release/recovery tests passed0skip.20 candidate-container artifact lifecycle checks passed, including retained failed/unfinalized staging."",""evidence"":""docs/readiness/poc-rescue-local/VOICE.md; docs/readiness/poc-rescue-local/PROTOUCH-OUTBOUND-PLAN.md; docs/readiness/poc-rescue-local/RUNBOOK.md"",""revision"":""Merged authoritative source42eebac2; voice checkpointa051d45; actual Python image525be698/schema7c91e5a2b640; later carrier fix requires final image rebuild.""},""reason"":""Preserve prior local/baseline evidence while distinguishing current deployment, controlled outbound success and remaining provider gates.""}]",
USER-102,P1,18. הרצה ובדיקות — חובה להשתמש בסביבה המקומית המלאה,User section 18,"- real-model evals נדרשים בנפרד מ-stubs, עם נתוני בדיקה מאושרים/ממוזערים ותקציב קיים.","Exact user wording; verify source, local runtime and live evidence separately.",All configured; ProTouch and Or-On required,18. הרצה ובדיקות — חובה להשתמש בסביבה המקומית המלאה,Authorized operator / service principal,packages/py/oron-agent/tests/eval/test_lead_capture_eval.py; packages/py/oron-agent/tests/eval/test_support_progress_eval.py; packages/py/oron-flows/tests,VERIFIED_LOCAL,VERIFIED_LOCAL,VERIFIED_LOCAL,VERIFIED_LIVE,"Separate source/unit, actual DB/container, provider-read and live-call evidence; local stubs cannot certify carrier or cross-channel acceptance.",Ran existing explicitly gated synthetic real-model cases under parent-confirmed human authorization and existing provider configuration. Corrected typed field descriptors/finalization and production-fidelity exit evaluator plus silent-flow transition policy; no customer or PSTN traffic.,Final configured Gemini lead/support suite20passed0skip27.60s (16 provider cases+4 static); exit suite5passed0skip12.47s (one gated test exercises18 outcomes across6 scenarios+4 static). All17 provider-gated test functions separately executed successfully after fixes.,docs/readiness/poc-rescue-local/VOICE.md; .artifacts/poc-rescue-local/voice-provider-final.log; .artifacts/poc-rescue-local/voice-exit-policy-after.log; earlier failure logs retained.,Merged authoritative source42eebac2; voice checkpointa051d45; actual Python image525be698/schema7c91e5a2b640; later carrier fix requires final image rebuild.,"VERIFIED_LIVE here means actual synthetic LLM-provider inference only. It does not mean live telephone/WhatsApp acceptance,30 real anonymized conversations per agent, human Hebrew scoring or production quality SLI.",Retain bounded synthetic receipts; review distinct human/listening/cross-channel quality acceptance before activation.,,
USER-103,P1,18. הרצה ובדיקות — חובה להשתמש בסביבה המקומית המלאה,User section 18,"- עומס מבוקר, restart/recovery, duplicate/retry ו-negative cross-tenant tests.","Exact user wording; verify source, local runtime and live evidence separately.",All configured; ProTouch and Or-On required,18. הרצה ובדיקות — חובה להשתמש בסביבה המקומית המלאה,Authorized operator / service principal,"packages/ts/auth/src/process-database.ts; repository.ts; tenant-context.ts; sms.ts; apps/web/src/features/auth/server.ts; apps/web/src/app/api/webhooks/{stripe/route,whatsapp/handler}.ts; packages/ts/crm/src/webhook-store.ts; packages/py/oron-agent/src/oron_agent/artifacts.py; packages/py/oron-agent/tests/test_artifact_capture.py; infra/scripts/readiness_stack.py; scripts/restore-dev-backup.py; scripts/deploy-dev.sh; docs/readiness/poc-rescue-local/RUNBOOK.md",VERIFIED_LOCAL,FIXED_UNVERIFIED,FIXED_UNVERIFIED,BLOCKED,Read exact acceptance; mocks do not establish provider acceptance,"Assessed against detailed acceptance rows: PDF-082, PDF-126, PDF-127. Passing subsets do not certify the complete instruction.",See linked detailed rows for exact commands/counts and unresolved cases.,"CHECKPOINT.md; VERIFICATION.md; TENANT-ROUTING.md; RUNBOOK.md; PDF-082, PDF-126, PDF-127",Historical baseline: DEV 42eebac2/schema fc6e851f3ba0. Live 60f26bfe1775997da1fb5159ec9e09a08246068b; schema 9e43a5b02d81 (139 revisions); deployed 2026-10-04T23:06Z,Full requested acceptance remains open where linked local/provider/observation gates are unmet.,"Complete the remaining linked gates; preserve separate local, live POC and production judgments.","[{""as_of"":""Before October5 live60f26bf evidence refresh"",""superseded_fields"":{""revision"":""Current branch codex/poc-rescue-local-20261004; DEV remains42eebac2/schemafc6e851f3ba0""},""reason"":""Preserve prior local/baseline evidence while distinguishing current deployment, controlled outbound success and remaining provider gates.""}]",
USER-104,P1,20. checkpoint והעברת עבודה,User section 20,"- CHECKPOINT: מצב נוכחי, branch/SHA, שירותים ופורטים, migrations, עבודה שבוצעה, תקלות פתוחות והצעד הבא המדויק.","Exact user wording; verify source, local runtime and live evidence separately.",All configured; ProTouch and Or-On required,20. checkpoint והעברת עבודה,Authorized operator / service principal,CHECKPOINT.md,VERIFIED_LOCAL,VERIFIED_LOCAL,VERIFIED_LOCAL,NOT_APPLICABLE_WITH_EVIDENCE,Read exact acceptance; mocks do not establish provider acceptance,"Checkpoint records source/runtime/schema, actual outcomes and explicit next work; updated during implementation.","Workflow/artifact/source inspection; this row is a work-process requirement, not provider acceptance.",CHECKPOINT.md,Branch checkpoints through6afa941; active working tree,,Maintain this constraint through final handoff.,,
USER-105,P1,20. checkpoint והעברת עבודה,User section 20,"- COVERAGE: כל הדרישות והטננטים, רמת האימות והראיות.","Exact user wording; verify source, local runtime and live evidence separately.",All configured; ProTouch and Or-On required,20. checkpoint והעברת עבודה,Authorized operator / service principal,coverage.json; COVERAGE.md,VERIFIED_LOCAL,VERIFIED_LOCAL,VERIFIED_LOCAL,NOT_APPLICABLE_WITH_EVIDENCE,Read exact acceptance; mocks do not establish provider acceptance,"Retained127 PDF appendix and121 user rows plus27 separate discoveries; explicit deployment/live-call evidence, preserved historical states and unresolved blockers.","JSON IDs/counts/allowed-state validation, deterministic Markdown regeneration and docs-relative-link validation.",coverage.json; COVERAGE.md,Live 60f26bfe1775997da1fb5159ec9e09a08246068b; schema 9e43a5b02d81 (139 revisions); deployed 2026-10-04T23:06Z,"This is a maintained evidence matrix, not a claim that every recorded product requirement has passed.",Maintain individual evidence/status boundaries as new acceptance results arrive.,"[{""as_of"":""Before October5 live60f26bf evidence refresh"",""superseded_fields"":{""implementation"":""FIXED_UNVERIFIED"",""local"":""FIXED_UNVERIFIED"",""fix"":""127 appendix requirements plus121 supplied user bullets retained individually; additional discoveries and final status normalization pending."",""tests"":""Workflow/artifact/source inspection; this row is a work-process requirement, not provider acceptance."",""revision"":""Branch checkpoints through6afa941; active working tree"",""blocker"":""Final source/evidence checkpoints still in progress."",""next_action"":""Maintain this constraint through final handoff.""},""reason"":""Preserve prior local/baseline evidence while distinguishing current deployment, controlled outbound success and remaining provider gates.""}]",
USER-106,P1,20. checkpoint והעברת עבודה,User section 20,- TENANT-ROUTING: מיפוי בטוח ללא סודות של accounts/channels/trunks/numbers/agents/versions והשלילה של fallback בין טננטים.,"Exact user wording; verify source, local runtime and live evidence separately.",All configured; ProTouch and Or-On required,20. checkpoint והעברת עבודה,Authorized operator / service principal,TENANT-ROUTING.md; CHECKPOINT.md; BASELINE.md; packages/ts/crm/src/webhook.ts; services/ts/messaging-worker/src/database.ts; services/ts/messaging-worker/src/providers.ts,VERIFIED_LOCAL,FIXED_UNVERIFIED,FIXED_UNVERIFIED,FIXED_UNVERIFIED,Read exact acceptance; mocks do not establish provider acceptance,"Assessed against detailed acceptance rows: PDF-001, USER-035, PDF-017. Passing subsets do not certify the complete instruction.",See linked detailed rows for exact commands/counts and unresolved cases.; Exact60f deployment and independent postcheck passed; signed provider ingress/unsigned rejection and one recipient-confirmed Hebrew ProTouch outbound call verified. Remaining linked acceptance gates are separate.,"CHECKPOINT.md; VERIFICATION.md; TENANT-ROUTING.md; RUNBOOK.md; PDF-001, USER-035, PDF-017; docs/readiness/poc-rescue-local/LIVE-ACTIVATION.md; PROTOUCH-INBOUND-ACL-FAILURE.md; .artifacts/poc-rescue-local/live-voice-60f26bf-provider.json",Live 60f26bfe1775997da1fb5159ec9e09a08246068b; schema 9e43a5b02d81 (139 revisions); deployed 2026-10-04T23:06Z,Full requested acceptance remains open where linked local/provider/observation gates are unmet.,"Complete the remaining linked gates; preserve separate local, live POC and production judgments.","[{""as_of"":""Before October5 live60f26bf evidence refresh"",""superseded_fields"":{""live"":""BLOCKED"",""tests"":""See linked detailed rows for exact commands/counts and unresolved cases."",""evidence"":""CHECKPOINT.md; VERIFICATION.md; TENANT-ROUTING.md; RUNBOOK.md; PDF-001, USER-035, PDF-017"",""revision"":""Current branch codex/poc-rescue-local-20261004; DEV remains42eebac2/schemafc6e851f3ba0""},""reason"":""Preserve prior local/baseline evidence while distinguishing current deployment, controlled outbound success and remaining provider gates.""}]",
USER-107,P1,20. checkpoint והעברת עבודה,User section 20,"- VERIFICATION: פקודות ותוצאות, skips/failures, trace IDs, screenshots ו-performance baseline/after.","Exact user wording; verify source, local runtime and live evidence separately.",All configured; ProTouch and Or-On required,20. checkpoint והעברת עבודה,Authorized operator / service principal,VERIFICATION.md,VERIFIED_LOCAL,FIXED_UNVERIFIED,FIXED_UNVERIFIED,NOT_APPLICABLE_WITH_EVIDENCE,Read exact acceptance; mocks do not establish provider acceptance,"Current verification ledger references exact domain logs, browser captures and factual provider failures; final images pending.","Workflow/artifact/source inspection; this row is a work-process requirement, not provider acceptance.",VERIFICATION.md,Branch checkpoints through6afa941; active working tree,Final source/evidence checkpoints still in progress.,Maintain this constraint through final handoff.,,
USER-108,P1,20. checkpoint והעברת עבודה,User section 20,"- RUNBOOK: איך להרים, לבדוק, לפרוס בגבולות ההרשאה ולבצע rollback.","Exact user wording; verify source, local runtime and live evidence separately.",All configured; ProTouch and Or-On required,20. checkpoint והעברת עבודה,Authorized operator / service principal,docs/readiness/poc-rescue-local/RUNBOOK.md,VERIFIED_LOCAL,VERIFIED_LOCAL,VERIFIED_LOCAL,NOT_APPLICABLE_WITH_EVIDENCE,"Keep source/unit, actual local container/DB, provider-read and live acceptance separate. Partial local checks never certify the full acceptance.","Created concrete local/release runbook: exact gitarchive image builds, preflight/startup/smoke/restart/failure, restricted rollback, restore/key separation, live approval gates and evidence limitations.",Commands grounded in executed local build/runtime/drill tools; unexecuted full-stack/live acceptance steps explicitly marked.,docs/readiness/poc-rescue-local/RUNBOOK.md; .artifacts/poc-rescue-local/release-audit-final-tests.log; .artifacts/poc-rescue-local/container-stack/python-runtime-acceptance.json,Current local rescue source after5ac8401 plus scoped release/carrier fixes; tested Python image525be698 and schema7c91e5a2b640 are earlier snapshots,Live operations still require exact review and authorization; the documentation itself is complete.,Use final image/schema receipts to update snapshot references after root final verification; run only authorized stage.,,
USER-109,P1,20. checkpoint והעברת עבודה,User section 20,"- רשימת שינויים בסכימה/תצורה/secret references והוראות טעינה, restart/cache invalidation כשנדרשים.","Exact user wording; verify source, local runtime and live evidence separately.",All configured; ProTouch and Or-On required,20. checkpoint והעברת עבודה,Authorized operator / service principal,db/tests/postgres/test_auth_lockout_window.py; packages/ts/auth/src/login-admission.test.ts; WHATSAPP.md; COEXISTENCE-GAP.md; packages/ts/crm/src/remediation-flags.postgres.test.ts,REPRODUCED,FIXED_UNVERIFIED,FIXED_UNVERIFIED,FIXED_UNVERIFIED,Read exact acceptance; mocks do not establish provider acceptance,"Assessed against detailed acceptance rows: PDF-083, PDF-110. Passing subsets do not certify the complete instruction.",See linked detailed rows for exact commands/counts and unresolved cases.; Exact60f deployment and independent postcheck passed; signed provider ingress/unsigned rejection and one recipient-confirmed Hebrew ProTouch outbound call verified. Remaining linked acceptance gates are separate.,"CHECKPOINT.md; VERIFICATION.md; TENANT-ROUTING.md; RUNBOOK.md; PDF-083, PDF-110; docs/readiness/poc-rescue-local/LIVE-ACTIVATION.md; PROTOUCH-INBOUND-ACL-FAILURE.md; .artifacts/poc-rescue-local/live-voice-60f26bf-provider.json",Live 60f26bfe1775997da1fb5159ec9e09a08246068b; schema 9e43a5b02d81 (139 revisions); deployed 2026-10-04T23:06Z,Full requested acceptance remains open where linked local/provider/observation gates are unmet.,"Complete the remaining linked gates; preserve separate local, live POC and production judgments.","[{""as_of"":""Before October5 live60f26bf evidence refresh"",""superseded_fields"":{""live"":""BLOCKED"",""tests"":""See linked detailed rows for exact commands/counts and unresolved cases."",""evidence"":""CHECKPOINT.md; VERIFICATION.md; TENANT-ROUTING.md; RUNBOOK.md; PDF-083, PDF-110"",""revision"":""Current branch codex/poc-rescue-local-20261004; DEV remains42eebac2/schemafc6e851f3ba0""},""reason"":""Preserve prior local/baseline evidence while distinguishing current deployment, controlled outbound success and remaining provider gates.""}]",
USER-110,P1,21. תנאי סיום ודוח סופי,User section 21,"א. מוכנות מקומית: exact source/runtime/schema, שירותים רצים, build/DB/E2E/UI/tenant tests.","Exact user wording; verify source, local runtime and live evidence separately.",All configured; ProTouch and Or-On required,21. תנאי סיום ודוח סופי,Authorized operator / service principal,VERIFICATION.md; UI.md; VOICE.md; WHATSAPP.md; PROCESS-DB-POOL.md; VERIFICATION.md; db/tests/postgres/test_rls_and_roles.py; infra/scripts/readiness_stack.py; scripts/restore-dev-backup.py; scripts/deploy-dev.sh; docs/readiness/poc-rescue-local/RUNBOOK.md,VERIFIED_LOCAL,FIXED_UNVERIFIED,FIXED_UNVERIFIED,BLOCKED,Read exact acceptance; mocks do not establish provider acceptance,"Assessed against detailed acceptance rows: PDF-090, PDF-097, PDF-127. Passing subsets do not certify the complete instruction.",See linked detailed rows for exact commands/counts and unresolved cases.,"CHECKPOINT.md; VERIFICATION.md; TENANT-ROUTING.md; RUNBOOK.md; PDF-090, PDF-097, PDF-127",Historical baseline: DEV 42eebac2/schema fc6e851f3ba0. Live 60f26bfe1775997da1fb5159ec9e09a08246068b; schema 9e43a5b02d81 (139 revisions); deployed 2026-10-04T23:06Z,Full requested acceptance remains open where linked local/provider/observation gates are unmet.,"Complete the remaining linked gates; preserve separate local, live POC and production judgments.","[{""as_of"":""Before October5 live60f26bf evidence refresh"",""superseded_fields"":{""revision"":""Current branch codex/poc-rescue-local-20261004; DEV remains42eebac2/schemafc6e851f3ba0""},""reason"":""Preserve prior local/baseline evidence while distinguishing current deployment, controlled outbound success and remaining provider gates.""}]",
USER-111,P1,21. תנאי סיום ודוח סופי,User section 21,"ב. מוכנות POC חיה: ProTouch ו-Or-On עם caller ID נכון, WhatsApp נכנס ותשובת AI מהחשבון הנכון, effective version, פתיח בשפה הנכונה ותהליכי UI קריטיים.","Exact user wording; verify source, local runtime and live evidence separately.",All configured; ProTouch and Or-On required,21. תנאי סיום ודוח סופי,Authorized operator / service principal,services/ts/messaging-worker/src/remediation-monitor.ts; scripts/whatsapp_channel_sli.py; services/py/control-api/src/control_api/voice.py; docs/readiness/poc-rescue-local/VOICE.md; services/ts/messaging-worker/src/field-service-provider.ts; services/ts/messaging-worker/src/database.ts,REPRODUCED,FIXED_UNVERIFIED,FIXED_UNVERIFIED,BLOCKED,Read exact acceptance; mocks do not establish provider acceptance,"Assessed against detailed acceptance rows: PDF-115, PDF-123, PDF-080. Passing subsets do not certify the complete instruction.; ProTouch outbound sender4553 and Hebrew conversation verified on one controlled call; WhatsApp remainsPENDING at00:23:55UTC. Authenticated ProTouch inbound route is now cut over after the repaired guard proof; incoming human-call acceptance remains pending; the outbound regression was unanswered and exposed separate DISC-033.","See linked detailed rows for exact commands/counts and unresolved cases. On deployed0f003cc/schemaaf54, one non-PSTN positive-only probe at00:21:56-00:22:00UTC used two INVITEs (407 then486). Actual signed eventEV_ssdB8wwgcwsb, ledger886a5126-06c0-488b-81c0-a7d43bf2b108, matched the exact trunk/rule/probe and settled quarantined on attempt1 with inbound_rule_mismatch. Matching left event reported ROOM_DELETED; application sessions, caller contacts and remaining provider rooms were0. The left receipt was still received in this snapshot; no terminal processed claim is made for that event. The original79a4a84 failed suite is preserved; only its negative provider-authentication results are reused with a fresh unchanged-policy check, not as a full0f suite rerun. Audited exact ProTouch DID binding committed SDR_qwuvuQ9waXV7, preserving tenant/DID/flow. Post-binding valid HMAC naming the known completed/outbound CallSid returned403 after provider lookup; no single rejection predicate is inferred. TwilioPN0a62bfdaaf8f2a393860ab1c6bc3f466 now has empty TrunkSid and VoiceURLhttps://dev.or-on.io/twilio/voice/inbound with POST; complete routing readback preserved other fields and outbound provider configuration. Incoming human-call acceptance remains pending. The only post-cutover outbound regression, session57d373de-1375-5ed8-917b-c975ab50f6d9, ended with answered=false and both artifact references; active sessions and provider rooms are0. TwilioCA6cdfca66ac20f2d7fcca4f479353bacc reports failed/duration0 with the exact***4553 sender and approved***7692 recipient. Signed SIP SCL_Eg2oCSr2dHts left at00:28:06.960Z while ringing with USER_UNAVAILABLE; this supports an unanswered target, not a proven caller-ID regression or successful conversation. Its later room_finished receipt was quarantined with dispatcher_attempts_exhausted at00:30:30.428Z; DISC-033 records that separate defect with cause unverified. Fresh read-only GET/ledger proof2026-10-05T00:23:55Z on0f003cc/schemaaf54: ProTouch***4553 remainsPENDING/NOT_APPLICABLE, codeVERIFIED, zero retained exact-account inbound receipts and zero since first saved post-user-test snapshot2026-10-04T20:30:04.140464Z (not exact handset send time). Or-On***5689 remainsCONNECTED/CLOUD_API, codeEXPIRED. Both is_on_biz_app=false; this does not establish absence of the phone app. No provider mutations/sends.","CHECKPOINT.md; VERIFICATION.md; TENANT-ROUTING.md; RUNBOOK.md; PDF-115, PDF-123, PDF-080; docs/readiness/poc-rescue-local/LIVE-ACTIVATION.md; PROTOUCH-INBOUND-ACL-FAILURE.md; .artifacts/poc-rescue-local/live-voice-60f26bf-provider.json; PROTOUCH-DIGEST-PROOF.md; .artifacts/poc-rescue-local/protouch-inbound-settlement-live-deploy.json; .artifacts/poc-rescue-local/poc-digest-f5da706e5f7b44308e846aba13a2b637.json; .artifacts/poc-rescue-local/protouch-digest-binding-bind-committed.json; .artifacts/poc-rescue-local/protouch-digest-cutover-proof-gates.json; .artifacts/poc-rescue-local/protouch-digest-operator-receipt.json; .artifacts/poc-rescue-local/whatsapp-final-readonly-20261005.json; .artifacts/poc-rescue-local/live-voice-postcutover-result.json; .artifacts/poc-rescue-local/live-voice-postcutover-provider.json; .artifacts/poc-rescue-local/live-voice-postcutover-errors.json; .artifacts/poc-rescue-local/live-voice-postcutover-insights.json","Live source0f003ccd0049e6c2b0bc8f19e17a80d7f339e198; schemaaf54b6c13e92 (140 revisions). All five published images/readbacks, all seven healthy services and independent deployed runtime checks passed. Positive-only provider proof2026-10-05T00:21:56-00:22:00Z; audited DID binding and carrier callback cutover followed separate gates.","Scoped outbound success and authenticated provider/guard/cutover evidence do not certify this broad requirement. ProTouch WhatsApp Coexistence remains unresolved under the preserve-phone-app/no-own-provider/no-new-subscription constraints. Human incoming acceptance remains pending; the outbound regression was unanswered and its room_finished retry exhaustion is tracked as DISC-033; other linked UI, isolation, performance and observation gates remain open.","Preserve the activated authenticated route, working outbound configuration and Business phone app. Preserve the unanswered outbound result, investigate DISC-033 and complete authorized incoming human acceptance; resolve each remaining linked gate before broader POC/production claims.","[{""as_of"":""Before October5 live60f26bf evidence refresh"",""superseded_fields"":{""fix"":""Assessed against detailed acceptance rows: PDF-115, PDF-123, PDF-080. Passing subsets do not certify the complete instruction."",""evidence"":""CHECKPOINT.md; VERIFICATION.md; TENANT-ROUTING.md; RUNBOOK.md; PDF-115, PDF-123, PDF-080"",""revision"":""Current branch codex/poc-rescue-local-20261004; DEV remains42eebac2/schemafc6e851f3ba0"",""blocker"":""Full requested acceptance remains open where linked local/provider/observation gates are unmet."",""next_action"":""Complete the remaining linked gates; preserve separate local, live POC and production judgments.""},""reason"":""Preserve prior local/baseline evidence while distinguishing current deployment, controlled outbound success and remaining provider gates.""},{""as_of"":""Before October5 live0f003cc repaired signed-provider proof and authenticated inbound cutover"",""superseded_fields"":{""fix"":""Assessed against detailed acceptance rows: PDF-115, PDF-123, PDF-080. Passing subsets do not certify the complete instruction.; ProTouch outbound sender4553 and Hebrew conversation verified on one controlled call; WhatsApp stillPENDING and inbound contained after ACL rejection test failed."",""tests"":""See linked detailed rows for exact commands/counts and unresolved cases."",""evidence"":""CHECKPOINT.md; VERIFICATION.md; TENANT-ROUTING.md; RUNBOOK.md; PDF-115, PDF-123, PDF-080; docs/readiness/poc-rescue-local/LIVE-ACTIVATION.md; PROTOUCH-INBOUND-ACL-FAILURE.md; .artifacts/poc-rescue-local/live-voice-60f26bf-provider.json"",""revision"":""Live 60f26bfe1775997da1fb5159ec9e09a08246068b; schema 9e43a5b02d81 (139 revisions); deployed 2026-10-04T23:06Z"",""blocker"":""Scoped outbound success does not certify this broad requirement. ProTouch WhatsApp Coexistence is unresolved without an approved provider subscription; inbound ACL enforcement failed and is contained. Other linked UI, isolation, performance and observation gates remain open."",""next_action"":""Preserve the working scoped outbound route and phone app; resolve provider blockers and each remaining linked gate before declaring broader POC/production readiness.""},""reason"":""Preserve previous local-only or failed live evidence. Promote only the narrowly observed repaired quarantine defect; configuration/cutover and provider rejection do not establish a successful human incoming call or WhatsApp delivery.""}]",
USER-112,P1,21. תנאי סיום ודוח סופי,User section 21,"ג. מוכנות מערכתית להרחבה/production: כל שערי PDF, אבטחה, restore/rollback, performance, quality ותקופות התצפית.","Exact user wording; verify source, local runtime and live evidence separately.",All configured; ProTouch and Or-On required,21. תנאי סיום ודוח סופי,Authorized operator / service principal,WHATSAPP.md; COEXISTENCE-GAP.md; packages/ts/crm/src/remediation-flags.postgres.test.ts; services/ts/messaging-worker/src/remediation-monitor.ts; scripts/whatsapp_channel_sli.py; infra/scripts/readiness_stack.py; scripts/restore-dev-backup.py; scripts/deploy-dev.sh; docs/readiness/poc-rescue-local/RUNBOOK.md,REPRODUCED,FIXED_UNVERIFIED,FIXED_UNVERIFIED,BLOCKED,Read exact acceptance; mocks do not establish provider acceptance,"Assessed against detailed acceptance rows: PDF-110, PDF-120, PDF-127. Passing subsets do not certify the complete instruction.",See linked detailed rows for exact commands/counts and unresolved cases.,"CHECKPOINT.md; VERIFICATION.md; TENANT-ROUTING.md; RUNBOOK.md; PDF-110, PDF-120, PDF-127",Historical baseline: DEV 42eebac2/schema fc6e851f3ba0. Live 60f26bfe1775997da1fb5159ec9e09a08246068b; schema 9e43a5b02d81 (139 revisions); deployed 2026-10-04T23:06Z,Full requested acceptance remains open where linked local/provider/observation gates are unmet.,"Complete the remaining linked gates; preserve separate local, live POC and production judgments.","[{""as_of"":""Before October5 live60f26bf evidence refresh"",""superseded_fields"":{""revision"":""Current branch codex/poc-rescue-local-20261004; DEV remains42eebac2/schemafc6e851f3ba0""},""reason"":""Preserve prior local/baseline evidence while distinguishing current deployment, controlled outbound success and remaining provider gates.""}]",
USER-113,P1,21. תנאי סיום ודוח סופי,User section 21,"- סיבות השורש של caller ID שגוי ושל שתיקת WhatsApp בפרוטאץ׳, ומה בדיוק תוקן.","Exact user wording; verify source, local runtime and live evidence separately.",All configured; ProTouch and Or-On required,21. תנאי סיום ודוח סופי,Authorized operator / service principal,services/ts/messaging-worker/src/remediation-monitor.ts; scripts/whatsapp_channel_sli.py,VERIFIED_LOCAL,FIXED_UNVERIFIED,FIXED_UNVERIFIED,BLOCKED,Read exact acceptance; mocks do not establish provider acceptance,"Assessed against detailed acceptance rows: USER-001, USER-002. Passing subsets do not certify the complete instruction.; ProTouch outbound sender4553 and Hebrew conversation verified on one controlled call; WhatsApp remainsPENDING at00:23:55UTC. Authenticated ProTouch inbound route is now cut over after the repaired guard proof; incoming human-call acceptance remains pending; the outbound regression was unanswered and exposed separate DISC-033.","See linked detailed rows for exact commands/counts and unresolved cases. On deployed0f003cc/schemaaf54, one non-PSTN positive-only probe at00:21:56-00:22:00UTC used two INVITEs (407 then486). Actual signed eventEV_ssdB8wwgcwsb, ledger886a5126-06c0-488b-81c0-a7d43bf2b108, matched the exact trunk/rule/probe and settled quarantined on attempt1 with inbound_rule_mismatch. Matching left event reported ROOM_DELETED; application sessions, caller contacts and remaining provider rooms were0. The left receipt was still received in this snapshot; no terminal processed claim is made for that event. The original79a4a84 failed suite is preserved; only its negative provider-authentication results are reused with a fresh unchanged-policy check, not as a full0f suite rerun. Audited exact ProTouch DID binding committed SDR_qwuvuQ9waXV7, preserving tenant/DID/flow. Post-binding valid HMAC naming the known completed/outbound CallSid returned403 after provider lookup; no single rejection predicate is inferred. TwilioPN0a62bfdaaf8f2a393860ab1c6bc3f466 now has empty TrunkSid and VoiceURLhttps://dev.or-on.io/twilio/voice/inbound with POST; complete routing readback preserved other fields and outbound provider configuration. Incoming human-call acceptance remains pending. The only post-cutover outbound regression, session57d373de-1375-5ed8-917b-c975ab50f6d9, ended with answered=false and both artifact references; active sessions and provider rooms are0. TwilioCA6cdfca66ac20f2d7fcca4f479353bacc reports failed/duration0 with the exact***4553 sender and approved***7692 recipient. Signed SIP SCL_Eg2oCSr2dHts left at00:28:06.960Z while ringing with USER_UNAVAILABLE; this supports an unanswered target, not a proven caller-ID regression or successful conversation. Its later room_finished receipt was quarantined with dispatcher_attempts_exhausted at00:30:30.428Z; DISC-033 records that separate defect with cause unverified. Fresh read-only GET/ledger proof2026-10-05T00:23:55Z on0f003cc/schemaaf54: ProTouch***4553 remainsPENDING/NOT_APPLICABLE, codeVERIFIED, zero retained exact-account inbound receipts and zero since first saved post-user-test snapshot2026-10-04T20:30:04.140464Z (not exact handset send time). Or-On***5689 remainsCONNECTED/CLOUD_API, codeEXPIRED. Both is_on_biz_app=false; this does not establish absence of the phone app. No provider mutations/sends.","CHECKPOINT.md; VERIFICATION.md; TENANT-ROUTING.md; RUNBOOK.md; USER-001, USER-002; docs/readiness/poc-rescue-local/LIVE-ACTIVATION.md; PROTOUCH-INBOUND-ACL-FAILURE.md; .artifacts/poc-rescue-local/live-voice-60f26bf-provider.json; PROTOUCH-DIGEST-PROOF.md; .artifacts/poc-rescue-local/protouch-inbound-settlement-live-deploy.json; .artifacts/poc-rescue-local/poc-digest-f5da706e5f7b44308e846aba13a2b637.json; .artifacts/poc-rescue-local/protouch-digest-binding-bind-committed.json; .artifacts/poc-rescue-local/protouch-digest-cutover-proof-gates.json; .artifacts/poc-rescue-local/protouch-digest-operator-receipt.json; .artifacts/poc-rescue-local/whatsapp-final-readonly-20261005.json; .artifacts/poc-rescue-local/live-voice-postcutover-result.json; .artifacts/poc-rescue-local/live-voice-postcutover-provider.json; .artifacts/poc-rescue-local/live-voice-postcutover-errors.json; .artifacts/poc-rescue-local/live-voice-postcutover-insights.json","Live source0f003ccd0049e6c2b0bc8f19e17a80d7f339e198; schemaaf54b6c13e92 (140 revisions). All five published images/readbacks, all seven healthy services and independent deployed runtime checks passed. Positive-only provider proof2026-10-05T00:21:56-00:22:00Z; audited DID binding and carrier callback cutover followed separate gates.","Scoped outbound success and authenticated provider/guard/cutover evidence do not certify this broad requirement. ProTouch WhatsApp Coexistence remains unresolved under the preserve-phone-app/no-own-provider/no-new-subscription constraints. Human incoming acceptance remains pending; the outbound regression was unanswered and its room_finished retry exhaustion is tracked as DISC-033; other linked UI, isolation, performance and observation gates remain open.","Preserve the activated authenticated route, working outbound configuration and Business phone app. Preserve the unanswered outbound result, investigate DISC-033 and complete authorized incoming human acceptance; resolve each remaining linked gate before broader POC/production claims.","[{""as_of"":""Before October5 live60f26bf evidence refresh"",""superseded_fields"":{""fix"":""Assessed against detailed acceptance rows: USER-001, USER-002. Passing subsets do not certify the complete instruction."",""evidence"":""CHECKPOINT.md; VERIFICATION.md; TENANT-ROUTING.md; RUNBOOK.md; USER-001, USER-002"",""revision"":""Current branch codex/poc-rescue-local-20261004; DEV remains42eebac2/schemafc6e851f3ba0"",""blocker"":""Full requested acceptance remains open where linked local/provider/observation gates are unmet."",""next_action"":""Complete the remaining linked gates; preserve separate local, live POC and production judgments.""},""reason"":""Preserve prior local/baseline evidence while distinguishing current deployment, controlled outbound success and remaining provider gates.""},{""as_of"":""Before October5 live0f003cc repaired signed-provider proof and authenticated inbound cutover"",""superseded_fields"":{""fix"":""Assessed against detailed acceptance rows: USER-001, USER-002. Passing subsets do not certify the complete instruction.; ProTouch outbound sender4553 and Hebrew conversation verified on one controlled call; WhatsApp stillPENDING and inbound contained after ACL rejection test failed."",""tests"":""See linked detailed rows for exact commands/counts and unresolved cases."",""evidence"":""CHECKPOINT.md; VERIFICATION.md; TENANT-ROUTING.md; RUNBOOK.md; USER-001, USER-002; docs/readiness/poc-rescue-local/LIVE-ACTIVATION.md; PROTOUCH-INBOUND-ACL-FAILURE.md; .artifacts/poc-rescue-local/live-voice-60f26bf-provider.json"",""revision"":""Live 60f26bfe1775997da1fb5159ec9e09a08246068b; schema 9e43a5b02d81 (139 revisions); deployed 2026-10-04T23:06Z"",""blocker"":""Scoped outbound success does not certify this broad requirement. ProTouch WhatsApp Coexistence is unresolved without an approved provider subscription; inbound ACL enforcement failed and is contained. Other linked UI, isolation, performance and observation gates remain open."",""next_action"":""Preserve the working scoped outbound route and phone app; resolve provider blockers and each remaining linked gate before declaring broader POC/production readiness.""},""reason"":""Preserve previous local-only or failed live evidence. Promote only the narrowly observed repaired quarantine defect; configuration/cutover and provider rejection do not establish a successful human incoming call or WhatsApp delivery.""}]",
USER-114,P1,21. תנאי סיום ודוח סופי,User section 21,"- פירוט שינויים לפי תחום וקבצים, כולל UI בכל המסכים והטננטים.","Exact user wording; verify source, local runtime and live evidence separately.",All configured; ProTouch and Or-On required,21. תנאי סיום ודוח סופי,Authorized operator / service principal,"apps/web/src/features/inbox; apps/web/src/features/inbox-templates; apps/web/src/features/tickets; apps/web/src/app/workspace-details.css; packages/ts/crm/src/tickets.ts; packages/ts/auth/src/process-database.ts; repository.ts; tenant-context.ts; sms.ts; apps/web/src/features/auth/server.ts; apps/web/src/app/api/webhooks/{stripe/route,whatsapp/handler}.ts; packages/ts/crm/src/webhook-store.ts",VERIFIED_LOCAL,FIXED_UNVERIFIED,FIXED_UNVERIFIED,NOT_CHECKED,Read exact acceptance; mocks do not establish provider acceptance,"Assessed against detailed acceptance rows: USER-006, USER-007, PDF-082. Passing subsets do not certify the complete instruction.",See linked detailed rows for exact commands/counts and unresolved cases.,"CHECKPOINT.md; VERIFICATION.md; TENANT-ROUTING.md; RUNBOOK.md; USER-006, USER-007, PDF-082",Historical baseline: DEV 42eebac2/schema fc6e851f3ba0. Live 60f26bfe1775997da1fb5159ec9e09a08246068b; schema 9e43a5b02d81 (139 revisions); deployed 2026-10-04T23:06Z,Full requested acceptance remains open where linked local/provider/observation gates are unmet.,"Complete the remaining linked gates; preserve separate local, live POC and production judgments.","[{""as_of"":""Before October5 live60f26bf evidence refresh"",""superseded_fields"":{""revision"":""Current branch codex/poc-rescue-local-20261004; DEV remains42eebac2/schemafc6e851f3ba0""},""reason"":""Preserve prior local/baseline evidence while distinguishing current deployment, controlled outbound success and remaining provider gates.""}]",
USER-115,P1,21. תנאי סיום ודוח סופי,User section 21,- מטריצת כיסוי מעודכנת ותוצאות PASS/FAIL/SKIP/BLOCKED עם ראיות ורמת אימות.,"Exact user wording; verify source, local runtime and live evidence separately.",All configured; ProTouch and Or-On required,21. תנאי סיום ודוח סופי,Authorized operator / service principal,coverage.json; COVERAGE.md,VERIFIED_LOCAL,VERIFIED_LOCAL,VERIFIED_LOCAL,NOT_APPLICABLE_WITH_EVIDENCE,Read exact acceptance; mocks do not establish provider acceptance,"Retained127 PDF appendix and121 user rows plus27 separate discoveries; explicit deployment/live-call evidence, preserved historical states and unresolved blockers.","JSON IDs/counts/allowed-state validation, deterministic Markdown regeneration and docs-relative-link validation.",coverage.json; COVERAGE.md,Live 60f26bfe1775997da1fb5159ec9e09a08246068b; schema 9e43a5b02d81 (139 revisions); deployed 2026-10-04T23:06Z,"This is a maintained evidence matrix, not a claim that every recorded product requirement has passed.",Maintain individual evidence/status boundaries as new acceptance results arrive.,"[{""as_of"":""Before October5 live60f26bf evidence refresh"",""superseded_fields"":{""implementation"":""FIXED_UNVERIFIED"",""local"":""FIXED_UNVERIFIED"",""fix"":""Separate implementation/local/live fields and exact unmet gates; no blanket PASS. Final human-readable matrix regeneration pending."",""tests"":""Workflow/artifact/source inspection; this row is a work-process requirement, not provider acceptance."",""revision"":""Branch checkpoints through6afa941; active working tree"",""blocker"":""Final source/evidence checkpoints still in progress."",""next_action"":""Maintain this constraint through final handoff.""},""reason"":""Preserve prior local/baseline evidence while distinguishing current deployment, controlled outbound success and remaining provider gates.""}]",
USER-116,P1,21. תנאי סיום ודוח סופי,User section 21,"- טבלת טננטים: voice/from, WhatsApp account/reply, agent/version, opening language/template, תצורה והרשאות, ו-regression status.","Exact user wording; verify source, local runtime and live evidence separately.",All configured; ProTouch and Or-On required,21. תנאי סיום ודוח סופי,Authorized operator / service principal,TENANT-ROUTING.md; CHECKPOINT.md; BASELINE.md; packages/ts/crm/src/webhook.ts; services/ts/messaging-worker/src/database.ts; services/ts/messaging-worker/src/providers.ts; services/ts/messaging-worker/src/field-service-provider.ts; services/ts/messaging-worker/src/database.ts,VERIFIED_LOCAL,FIXED_UNVERIFIED,FIXED_UNVERIFIED,BLOCKED,Read exact acceptance; mocks do not establish provider acceptance,"Assessed against detailed acceptance rows: PDF-001, PDF-017, PDF-079. Passing subsets do not certify the complete instruction.; ProTouch outbound sender4553 and Hebrew conversation verified on one controlled call; WhatsApp remainsPENDING at00:23:55UTC. Authenticated ProTouch inbound route is now cut over after the repaired guard proof; incoming human-call acceptance remains pending; the outbound regression was unanswered and exposed separate DISC-033.","See linked detailed rows for exact commands/counts and unresolved cases. On deployed0f003cc/schemaaf54, one non-PSTN positive-only probe at00:21:56-00:22:00UTC used two INVITEs (407 then486). Actual signed eventEV_ssdB8wwgcwsb, ledger886a5126-06c0-488b-81c0-a7d43bf2b108, matched the exact trunk/rule/probe and settled quarantined on attempt1 with inbound_rule_mismatch. Matching left event reported ROOM_DELETED; application sessions, caller contacts and remaining provider rooms were0. The left receipt was still received in this snapshot; no terminal processed claim is made for that event. The original79a4a84 failed suite is preserved; only its negative provider-authentication results are reused with a fresh unchanged-policy check, not as a full0f suite rerun. Audited exact ProTouch DID binding committed SDR_qwuvuQ9waXV7, preserving tenant/DID/flow. Post-binding valid HMAC naming the known completed/outbound CallSid returned403 after provider lookup; no single rejection predicate is inferred. TwilioPN0a62bfdaaf8f2a393860ab1c6bc3f466 now has empty TrunkSid and VoiceURLhttps://dev.or-on.io/twilio/voice/inbound with POST; complete routing readback preserved other fields and outbound provider configuration. Incoming human-call acceptance remains pending. The only post-cutover outbound regression, session57d373de-1375-5ed8-917b-c975ab50f6d9, ended with answered=false and both artifact references; active sessions and provider rooms are0. TwilioCA6cdfca66ac20f2d7fcca4f479353bacc reports failed/duration0 with the exact***4553 sender and approved***7692 recipient. Signed SIP SCL_Eg2oCSr2dHts left at00:28:06.960Z while ringing with USER_UNAVAILABLE; this supports an unanswered target, not a proven caller-ID regression or successful conversation. Its later room_finished receipt was quarantined with dispatcher_attempts_exhausted at00:30:30.428Z; DISC-033 records that separate defect with cause unverified. Fresh read-only GET/ledger proof2026-10-05T00:23:55Z on0f003cc/schemaaf54: ProTouch***4553 remainsPENDING/NOT_APPLICABLE, codeVERIFIED, zero retained exact-account inbound receipts and zero since first saved post-user-test snapshot2026-10-04T20:30:04.140464Z (not exact handset send time). Or-On***5689 remainsCONNECTED/CLOUD_API, codeEXPIRED. Both is_on_biz_app=false; this does not establish absence of the phone app. No provider mutations/sends.","CHECKPOINT.md; VERIFICATION.md; TENANT-ROUTING.md; RUNBOOK.md; PDF-001, PDF-017, PDF-079; docs/readiness/poc-rescue-local/LIVE-ACTIVATION.md; PROTOUCH-INBOUND-ACL-FAILURE.md; .artifacts/poc-rescue-local/live-voice-60f26bf-provider.json; PROTOUCH-DIGEST-PROOF.md; .artifacts/poc-rescue-local/protouch-inbound-settlement-live-deploy.json; .artifacts/poc-rescue-local/poc-digest-f5da706e5f7b44308e846aba13a2b637.json; .artifacts/poc-rescue-local/protouch-digest-binding-bind-committed.json; .artifacts/poc-rescue-local/protouch-digest-cutover-proof-gates.json; .artifacts/poc-rescue-local/protouch-digest-operator-receipt.json; .artifacts/poc-rescue-local/whatsapp-final-readonly-20261005.json; .artifacts/poc-rescue-local/live-voice-postcutover-result.json; .artifacts/poc-rescue-local/live-voice-postcutover-provider.json; .artifacts/poc-rescue-local/live-voice-postcutover-errors.json; .artifacts/poc-rescue-local/live-voice-postcutover-insights.json","Live source0f003ccd0049e6c2b0bc8f19e17a80d7f339e198; schemaaf54b6c13e92 (140 revisions). All five published images/readbacks, all seven healthy services and independent deployed runtime checks passed. Positive-only provider proof2026-10-05T00:21:56-00:22:00Z; audited DID binding and carrier callback cutover followed separate gates.","Scoped outbound success and authenticated provider/guard/cutover evidence do not certify this broad requirement. ProTouch WhatsApp Coexistence remains unresolved under the preserve-phone-app/no-own-provider/no-new-subscription constraints. Human incoming acceptance remains pending; the outbound regression was unanswered and its room_finished retry exhaustion is tracked as DISC-033; other linked UI, isolation, performance and observation gates remain open.","Preserve the activated authenticated route, working outbound configuration and Business phone app. Preserve the unanswered outbound result, investigate DISC-033 and complete authorized incoming human acceptance; resolve each remaining linked gate before broader POC/production claims.","[{""as_of"":""Before October5 live60f26bf evidence refresh"",""superseded_fields"":{""fix"":""Assessed against detailed acceptance rows: PDF-001, PDF-017, PDF-079. Passing subsets do not certify the complete instruction."",""evidence"":""CHECKPOINT.md; VERIFICATION.md; TENANT-ROUTING.md; RUNBOOK.md; PDF-001, PDF-017, PDF-079"",""revision"":""Current branch codex/poc-rescue-local-20261004; DEV remains42eebac2/schemafc6e851f3ba0"",""blocker"":""Full requested acceptance remains open where linked local/provider/observation gates are unmet."",""next_action"":""Complete the remaining linked gates; preserve separate local, live POC and production judgments.""},""reason"":""Preserve prior local/baseline evidence while distinguishing current deployment, controlled outbound success and remaining provider gates.""},{""as_of"":""Before October5 live0f003cc repaired signed-provider proof and authenticated inbound cutover"",""superseded_fields"":{""fix"":""Assessed against detailed acceptance rows: PDF-001, PDF-017, PDF-079. Passing subsets do not certify the complete instruction.; ProTouch outbound sender4553 and Hebrew conversation verified on one controlled call; WhatsApp stillPENDING and inbound contained after ACL rejection test failed."",""tests"":""See linked detailed rows for exact commands/counts and unresolved cases."",""evidence"":""CHECKPOINT.md; VERIFICATION.md; TENANT-ROUTING.md; RUNBOOK.md; PDF-001, PDF-017, PDF-079; docs/readiness/poc-rescue-local/LIVE-ACTIVATION.md; PROTOUCH-INBOUND-ACL-FAILURE.md; .artifacts/poc-rescue-local/live-voice-60f26bf-provider.json"",""revision"":""Live 60f26bfe1775997da1fb5159ec9e09a08246068b; schema 9e43a5b02d81 (139 revisions); deployed 2026-10-04T23:06Z"",""blocker"":""Scoped outbound success does not certify this broad requirement. ProTouch WhatsApp Coexistence is unresolved without an approved provider subscription; inbound ACL enforcement failed and is contained. Other linked UI, isolation, performance and observation gates remain open."",""next_action"":""Preserve the working scoped outbound route and phone app; resolve provider blockers and each remaining linked gate before declaring broader POC/production readiness.""},""reason"":""Preserve previous local-only or failed live evidence. Promote only the narrowly observed repaired quarantine defect; configuration/cutover and provider rejection do not establish a successful human incoming call or WhatsApp delivery.""}]",
USER-117,P1,21. תנאי סיום ודוח סופי,User section 21,"- הוכחות ספק אמיתיות לשיחות ולהודעות, אם בוצעו; אחרת ניסוח מפורש שאין עדיין הוכחה כזו.","Exact user wording; verify source, local runtime and live evidence separately.",All configured; ProTouch and Or-On required,21. תנאי סיום ודוח סופי,Authorized operator / service principal,services/py/control-api/src/control_api/voice.py; docs/readiness/poc-rescue-local/VOICE.md; services/ts/messaging-worker/src/remediation-monitor.ts; scripts/whatsapp_channel_sli.py,REPRODUCED,FIXED_UNVERIFIED,FIXED_UNVERIFIED,FIXED_UNVERIFIED,Read exact acceptance; mocks do not establish provider acceptance,"Assessed against detailed acceptance rows: PDF-123, PDF-115. Passing subsets do not certify the complete instruction.",See linked detailed rows for exact commands/counts and unresolved cases.; Exact60f deployment and independent postcheck passed; signed provider ingress/unsigned rejection and one recipient-confirmed Hebrew ProTouch outbound call verified. Remaining linked acceptance gates are separate.,"CHECKPOINT.md; VERIFICATION.md; TENANT-ROUTING.md; RUNBOOK.md; PDF-123, PDF-115; docs/readiness/poc-rescue-local/LIVE-ACTIVATION.md; PROTOUCH-INBOUND-ACL-FAILURE.md; .artifacts/poc-rescue-local/live-voice-60f26bf-provider.json",Live 60f26bfe1775997da1fb5159ec9e09a08246068b; schema 9e43a5b02d81 (139 revisions); deployed 2026-10-04T23:06Z,Full requested acceptance remains open where linked local/provider/observation gates are unmet.,"Complete the remaining linked gates; preserve separate local, live POC and production judgments.","[{""as_of"":""Before October5 live60f26bf evidence refresh"",""superseded_fields"":{""live"":""BLOCKED"",""tests"":""See linked detailed rows for exact commands/counts and unresolved cases."",""evidence"":""CHECKPOINT.md; VERIFICATION.md; TENANT-ROUTING.md; RUNBOOK.md; PDF-123, PDF-115"",""revision"":""Current branch codex/poc-rescue-local-20261004; DEV remains42eebac2/schemafc6e851f3ba0""},""reason"":""Preserve prior local/baseline evidence while distinguishing current deployment, controlled outbound success and remaining provider gates.""}]",
USER-118,P1,21. תנאי סיום ודוח סופי,User section 21,"- screenshots לפני/אחרי של desktop/mobile במסכים שבמוקד ובשאר המסכים ששונו, כולל error/empty/loading states רלוונטיים.","Exact user wording; verify source, local runtime and live evidence separately.",All configured; ProTouch and Or-On required,21. תנאי סיום ודוח סופי,Authorized operator / service principal,apps/web/src/features/inbox; apps/web/src/features/inbox-templates; apps/web/src/features/tickets; apps/web/src/app/workspace-details.css; packages/ts/crm/src/tickets.ts,VERIFIED_LOCAL,FIXED_UNVERIFIED,FIXED_UNVERIFIED,NOT_CHECKED,Read exact acceptance; mocks do not establish provider acceptance,Before screenshots from3582027b and current final-* viewport screenshots retained. Intermediate IAB full-page captures have compositor artifacts and are excluded from visual acceptance.,"Current-source focused web run:10 files,99 tests passed; typecheck passed. Real browser on owned isolated PostgreSQL fixture DB. Full suite tracked separately.",docs/readiness/poc-rescue-local/UI.md; .artifacts/poc-rescue-local/ui/final-*; responsive-route-evidence.json; rendered-route-evidence.json,635d245 includes deployed42eebac2; subsequent scoped UI commit,"Live provider catalog/sends, all roles/tenants and physical-device keyboard/landscape not verified; exact limitations in UI.md.",Complete remaining acceptance scenarios from UI.md on approved live accounts and authorized role fixtures; retain local/live distinction.,,"{""previous_labels"":{""discovery"":""CURRENT_SOURCE_REVIEWED"",""implementation"":""PARTIAL"",""local"":""PARTIAL_LOCAL"",""live"":""NOT_VERIFIED""},""meaning"":""Allowed status vocabulary only. Discovery/source inspection is not acceptance. Partial evidence remains FIXED_UNVERIFIED; read the acceptance, evidence and blocker.""}"
USER-119,P1,21. תנאי סיום ודוח סופי,User section 21,- מדידות ביצועים לפני/אחרי; security findings ו-retests; migrations/config/run/rollback.,"Exact user wording; verify source, local runtime and live evidence separately.",All configured; ProTouch and Or-On required,21. תנאי סיום ודוח סופי,Authorized operator / service principal,"packages/ts/auth/src/process-database.ts; repository.ts; tenant-context.ts; sms.ts; apps/web/src/features/auth/server.ts; apps/web/src/app/api/webhooks/{stripe/route,whatsapp/handler}.ts; packages/ts/crm/src/webhook-store.ts; db/tests/postgres/test_auth_lockout_window.py; packages/ts/auth/src/login-admission.test.ts; infra/scripts/readiness_stack.py; scripts/restore-dev-backup.py; scripts/deploy-dev.sh; docs/readiness/poc-rescue-local/RUNBOOK.md",REPRODUCED,FIXED_UNVERIFIED,FIXED_UNVERIFIED,BLOCKED,Read exact acceptance; mocks do not establish provider acceptance,"Assessed against detailed acceptance rows: PDF-082, PDF-083, PDF-127. Passing subsets do not certify the complete instruction.",See linked detailed rows for exact commands/counts and unresolved cases.,"CHECKPOINT.md; VERIFICATION.md; TENANT-ROUTING.md; RUNBOOK.md; PDF-082, PDF-083, PDF-127; docs/readiness/poc-rescue-local/LIVE-ACTIVATION.md; PROTOUCH-INBOUND-ACL-FAILURE.md; .artifacts/poc-rescue-local/live-voice-60f26bf-provider.json",Live 60f26bfe1775997da1fb5159ec9e09a08246068b; schema 9e43a5b02d81 (139 revisions); deployed 2026-10-04T23:06Z,Full requested acceptance remains open where linked local/provider/observation gates are unmet.,"Complete the remaining linked gates; preserve separate local, live POC and production judgments.","[{""as_of"":""Before October5 live60f26bf evidence refresh"",""superseded_fields"":{""evidence"":""CHECKPOINT.md; VERIFICATION.md; TENANT-ROUTING.md; RUNBOOK.md; PDF-082, PDF-083, PDF-127"",""revision"":""Current branch codex/poc-rescue-local-20261004; DEV remains42eebac2/schemafc6e851f3ba0""},""reason"":""Preserve prior local/baseline evidence while distinguishing current deployment, controlled outbound success and remaining provider gates.""}]",
USER-120,P1,21. תנאי סיום ודוח סופי,User section 21,"- חסמים עם ראיה, ההשפעה והפעולה המדויקת להסרתם. אל תסתיר אותם בתוך סיכום חיובי.","Exact user wording; verify source, local runtime and live evidence separately.",All configured; ProTouch and Or-On required,21. תנאי סיום ודוח סופי,Authorized operator / service principal,CLOUD-SECURITY.md; services/py/control-api/src/control_api/voice.py; docs/readiness/poc-rescue-local/VOICE.md; services/ts/messaging-worker/src/remediation-monitor.ts; scripts/whatsapp_channel_sli.py,REPRODUCED,FIXED_UNVERIFIED,FIXED_UNVERIFIED,BLOCKED,Read exact acceptance; mocks do not establish provider acceptance,"Assessed against detailed acceptance rows: PDF-095, PDF-092, PDF-123, PDF-115. Passing subsets do not certify the complete instruction.",See linked detailed rows for exact commands/counts and unresolved cases.,"CHECKPOINT.md; VERIFICATION.md; TENANT-ROUTING.md; RUNBOOK.md; PDF-095, PDF-092, PDF-123, PDF-115; docs/readiness/poc-rescue-local/LIVE-ACTIVATION.md; PROTOUCH-INBOUND-ACL-FAILURE.md; .artifacts/poc-rescue-local/live-voice-60f26bf-provider.json",Live 60f26bfe1775997da1fb5159ec9e09a08246068b; schema 9e43a5b02d81 (139 revisions); deployed 2026-10-04T23:06Z,Full requested acceptance remains open where linked local/provider/observation gates are unmet.,"Complete the remaining linked gates; preserve separate local, live POC and production judgments.","[{""as_of"":""Before October5 live60f26bf evidence refresh"",""superseded_fields"":{""evidence"":""CHECKPOINT.md; VERIFICATION.md; TENANT-ROUTING.md; RUNBOOK.md; PDF-095, PDF-092, PDF-123, PDF-115"",""revision"":""Current branch codex/poc-rescue-local-20261004; DEV remains42eebac2/schemafc6e851f3ba0""},""reason"":""Preserve prior local/baseline evidence while distinguishing current deployment, controlled outbound success and remaining provider gates.""}]",
USER-121,P1,21. תנאי סיום ודוח סופי,User section 21,"- קביעה מפורשת לכל רמת מוכנות: מוכן / מוכן רק ל-POC מוגבל בתנאים מסוימים / לא מוכן, ומדוע.","Exact user wording; verify source, local runtime and live evidence separately.",All configured; ProTouch and Or-On required,21. תנאי סיום ודוח סופי,Authorized operator / service principal,,REPRODUCED,FIXED_UNVERIFIED,FIXED_UNVERIFIED,BLOCKED,Read exact acceptance; mocks do not establish provider acceptance,"Local candidate acceptance still running. Live POC not ready: no verified controlled callerID or ProTouch AI reply; preserving Business phone app blocks ordinary Cloud API registration. Production expansion not ready: canary, human quality, off-host restore and operational security gates incomplete.; ProTouch outbound sender4553 and Hebrew conversation verified on one controlled call; WhatsApp remainsPENDING at00:23:55UTC. Authenticated ProTouch inbound route is now cut over after the repaired guard proof; incoming human-call acceptance remains pending; the outbound regression was unanswered and exposed separate DISC-033.","Separate readiness assessment, never inferred from test count. On deployed0f003cc/schemaaf54, one non-PSTN positive-only probe at00:21:56-00:22:00UTC used two INVITEs (407 then486). Actual signed eventEV_ssdB8wwgcwsb, ledger886a5126-06c0-488b-81c0-a7d43bf2b108, matched the exact trunk/rule/probe and settled quarantined on attempt1 with inbound_rule_mismatch. Matching left event reported ROOM_DELETED; application sessions, caller contacts and remaining provider rooms were0. The left receipt was still received in this snapshot; no terminal processed claim is made for that event. The original79a4a84 failed suite is preserved; only its negative provider-authentication results are reused with a fresh unchanged-policy check, not as a full0f suite rerun. Audited exact ProTouch DID binding committed SDR_qwuvuQ9waXV7, preserving tenant/DID/flow. Post-binding valid HMAC naming the known completed/outbound CallSid returned403 after provider lookup; no single rejection predicate is inferred. TwilioPN0a62bfdaaf8f2a393860ab1c6bc3f466 now has empty TrunkSid and VoiceURLhttps://dev.or-on.io/twilio/voice/inbound with POST; complete routing readback preserved other fields and outbound provider configuration. Incoming human-call acceptance remains pending. The only post-cutover outbound regression, session57d373de-1375-5ed8-917b-c975ab50f6d9, ended with answered=false and both artifact references; active sessions and provider rooms are0. TwilioCA6cdfca66ac20f2d7fcca4f479353bacc reports failed/duration0 with the exact***4553 sender and approved***7692 recipient. Signed SIP SCL_Eg2oCSr2dHts left at00:28:06.960Z while ringing with USER_UNAVAILABLE; this supports an unanswered target, not a proven caller-ID regression or successful conversation. Its later room_finished receipt was quarantined with dispatcher_attempts_exhausted at00:30:30.428Z; DISC-033 records that separate defect with cause unverified. Fresh read-only GET/ledger proof2026-10-05T00:23:55Z on0f003cc/schemaaf54: ProTouch***4553 remainsPENDING/NOT_APPLICABLE, codeVERIFIED, zero retained exact-account inbound receipts and zero since first saved post-user-test snapshot2026-10-04T20:30:04.140464Z (not exact handset send time). Or-On***5689 remainsCONNECTED/CLOUD_API, codeEXPIRED. Both is_on_biz_app=false; this does not establish absence of the phone app. No provider mutations/sends.",CHECKPOINT.md; VERIFICATION.md; CLOUD-SECURITY.md; COEXISTENCE-GAP.md; docs/readiness/poc-rescue-local/LIVE-ACTIVATION.md; PROTOUCH-INBOUND-ACL-FAILURE.md; .artifacts/poc-rescue-local/live-voice-60f26bf-provider.json; PROTOUCH-DIGEST-PROOF.md; .artifacts/poc-rescue-local/protouch-inbound-settlement-live-deploy.json; .artifacts/poc-rescue-local/poc-digest-f5da706e5f7b44308e846aba13a2b637.json; .artifacts/poc-rescue-local/protouch-digest-binding-bind-committed.json; .artifacts/poc-rescue-local/protouch-digest-cutover-proof-gates.json; .artifacts/poc-rescue-local/protouch-digest-operator-receipt.json; .artifacts/poc-rescue-local/whatsapp-final-readonly-20261005.json; .artifacts/poc-rescue-local/live-voice-postcutover-result.json; .artifacts/poc-rescue-local/live-voice-postcutover-provider.json; .artifacts/poc-rescue-local/live-voice-postcutover-errors.json; .artifacts/poc-rescue-local/live-voice-postcutover-insights.json,"Live source0f003ccd0049e6c2b0bc8f19e17a80d7f339e198; schemaaf54b6c13e92 (140 revisions). All five published images/readbacks, all seven healthy services and independent deployed runtime checks passed. Positive-only provider proof2026-10-05T00:21:56-00:22:00Z; audited DID binding and carrier callback cutover followed separate gates.","Scoped outbound success and authenticated provider/guard/cutover evidence do not certify this broad requirement. ProTouch WhatsApp Coexistence remains unresolved under the preserve-phone-app/no-own-provider/no-new-subscription constraints. Human incoming acceptance remains pending; the outbound regression was unanswered and its room_finished retry exhaustion is tracked as DISC-033; other linked UI, isolation, performance and observation gates remain open.","Preserve the activated authenticated route, working outbound configuration and Business phone app. Preserve the unanswered outbound result, investigate DISC-033 and complete authorized incoming human acceptance; resolve each remaining linked gate before broader POC/production claims.","[{""as_of"":""Before October5 live60f26bf evidence refresh"",""superseded_fields"":{""fix"":""Local candidate acceptance still running. Live POC not ready: no verified controlled callerID or ProTouch AI reply; preserving Business phone app blocks ordinary Cloud API registration. Production expansion not ready: canary, human quality, off-host restore and operational security gates incomplete."",""evidence"":""CHECKPOINT.md; VERIFICATION.md; CLOUD-SECURITY.md; COEXISTENCE-GAP.md"",""revision"":""baseline 3582027b; schema 6f8b0d3e5a29"",""blocker"":""Remaining exact gates in individual rows."",""next_action"":""State final readiness at all three levels after completing local authorized work.""},""reason"":""Preserve prior local/baseline evidence while distinguishing current deployment, controlled outbound success and remaining provider gates.""},{""as_of"":""Before October5 live0f003cc repaired signed-provider proof and authenticated inbound cutover"",""superseded_fields"":{""fix"":""Local candidate acceptance still running. Live POC not ready: no verified controlled callerID or ProTouch AI reply; preserving Business phone app blocks ordinary Cloud API registration. Production expansion not ready: canary, human quality, off-host restore and operational security gates incomplete.; ProTouch outbound sender4553 and Hebrew conversation verified on one controlled call; WhatsApp stillPENDING and inbound contained after ACL rejection test failed."",""tests"":""Separate readiness assessment, never inferred from test count."",""evidence"":""CHECKPOINT.md; VERIFICATION.md; CLOUD-SECURITY.md; COEXISTENCE-GAP.md; docs/readiness/poc-rescue-local/LIVE-ACTIVATION.md; PROTOUCH-INBOUND-ACL-FAILURE.md; .artifacts/poc-rescue-local/live-voice-60f26bf-provider.json"",""revision"":""Live 60f26bfe1775997da1fb5159ec9e09a08246068b; schema 9e43a5b02d81 (139 revisions); deployed 2026-10-04T23:06Z"",""blocker"":""Scoped outbound success does not certify this broad requirement. ProTouch WhatsApp Coexistence is unresolved without an approved provider subscription; inbound ACL enforcement failed and is contained. Other linked UI, isolation, performance and observation gates remain open."",""next_action"":""Preserve the working scoped outbound route and phone app; resolve provider blockers and each remaining linked gate before declaring broader POC/production readiness.""},""reason"":""Preserve previous local-only or failed live evidence. Promote only the narrowly observed repaired quarantine defect; configuration/cutover and provider rejection do not establish a successful human incoming call or WhatsApp delivery.""}]",
DISC-001,P0,new-discovery,Current rescue investigation,Expired authentication lock reused its previous failure counter.,Demonstrate the reproduced failure and corrected behavior at the stated boundary; retain any live acceptance blocker.,Tenant-scoped; fictional fixtures locally,db auth lock migration; 7c91e5a2b640,Authorized operator/service or tenant user,db auth lock migration; 7c91e5a2b640,REPRODUCED,VERIFIED_LOCAL,VERIFIED_LOCAL,BLOCKED,Actual database/runtime checks where stated; external behavior needs provider acceptance,Auth failure-window reset preserves active locks.,Fresh PostgreSQL migrations and auth regressions.,VERIFICATION.md; docs/readiness/poc-rescue-local/LIVE-ACTIVATION.md,db auth lock migration; 7c91e5a2b640; Live 60f26bfe1775997da1fb5159ec9e09a08246068b; schema 9e43a5b02d81 (139 revisions); deployed 2026-10-04T23:06Z,The containing release is deployed at 60f26bf/schema9e. Deployment does not prove this defect-specific live acceptance; consult the linked local evidence.,Verify the remaining defect-specific boundary without treating release health as behavioral acceptance.,"[{""as_of"":""Before October5 live60f26bf evidence refresh"",""superseded_fields"":{""evidence"":""VERIFICATION.md"",""revision"":""db auth lock migration; 7c91e5a2b640"",""blocker"":""No deployment of this candidate or live acceptance claimed; consult linked evidence for narrower remaining gates."",""next_action"":""Include the final tested commit/image and then verify the authorized live boundary.""},""reason"":""Preserve prior local/baseline evidence while distinguishing current deployment, controlled outbound success and remaining provider gates.""}]",
DISC-002,P0,new-discovery,Current rescue investigation,A global outbound trunk selected the Or-On caller ID for ProTouch.,Demonstrate the reproduced failure and corrected behavior at the stated boundary; retain any live acceptance blocker.,Tenant-scoped; fictional fixtures locally,a051d45; outbound route resolver,Authorized operator/service or tenant user,a051d45; outbound route resolver,REPRODUCED,VERIFIED_LIVE,VERIFIED_LOCAL,VERIFIED_LIVE,Actual database/runtime checks where stated; external behavior needs provider acceptance,Bind tenant/account/trunk/from immutably and revalidate ownership on dispatch.; Provisioned dedicated ProTouch outbound trunk and isolated credential; explicit tenant route preserved Or-On configuration.,"Actual PostgreSQL route/queue and provider ownership preflight; real call pending.; Controlled ProTouch outbound session 0af0ed12-555f-5cc8-bc4e-47a033fe1be8: answered=true, ended, recording and transcript present; no TTS/finalization errors. Twilio CA6ed0c3249d2ce35f29e0baeb558232bb completed 23 seconds, sender ***4553 to approved ***7692. User confirmed receipt and Hebrew agent conversation. This is one outbound call, not inbound, load or percentile acceptance.",VOICE.md; PROTOUCH-OUTBOUND-PLAN.md; docs/readiness/poc-rescue-local/LIVE-ACTIVATION.md; docs/readiness/poc-rescue-local/LIVE-ACTIVATION.md; PROTOUCH-SIP-CREDENTIAL-REPAIR.md; .artifacts/poc-rescue-local/live-voice-60f26bf-provider.json; .artifacts/poc-rescue-local/live-voice-60f26bf-result.json; .artifacts/poc-rescue-local/live-voice-60f26bf-artifact-readback.json,Live 60f26bfe1775997da1fb5159ec9e09a08246068b; schema 9e43a5b02d81 (139 revisions); deployed 2026-10-04T23:06Z,The specific ProTouch outbound wrong-caller-ID failure is corrected and observed live. Fresh Or-On calling and every other entry point remain separate regression gates.,Retain this exact scoped outbound proof; verify other entry points and Or-On separately without inferring WhatsApp or inbound readiness.,"[{""as_of"":""Before October5 live60f26bf evidence refresh"",""superseded_fields"":{""implementation"":""VERIFIED_LOCAL"",""live"":""BLOCKED"",""fix"":""Bind tenant/account/trunk/from immutably and revalidate ownership on dispatch."",""tests"":""Actual PostgreSQL route/queue and provider ownership preflight; real call pending."",""evidence"":""VOICE.md; PROTOUCH-OUTBOUND-PLAN.md"",""revision"":""a051d45; outbound route resolver"",""blocker"":""No deployment of this candidate or live acceptance claimed; consult linked evidence for narrower remaining gates."",""next_action"":""Include the final tested commit/image and then verify the authorized live boundary.""},""reason"":""Preserve prior local/baseline evidence while distinguishing current deployment, controlled outbound success and remaining provider gates.""}]",
DISC-003,P0,new-discovery,Current rescue investigation,Phone number already belonged to the WhatsApp Business phone app.,Demonstrate the reproduced failure and corrected behavior at the stated boundary; retain any live acceptance blocker.,Tenant-scoped; fictional fixtures locally,Meta app and Cloud API account binding,Authorized operator/service or tenant user,Meta app and Cloud API account binding,REPRODUCED,BLOCKED,NOT_CHECKED,BLOCKED,Actual database/runtime checks where stated; external behavior needs provider acceptance,Preserve phone app; suspend ordinary registration; implement separately gated Coexistence ingestion.,"Live registration rejected100/2388001; user confirmed phone app; Or-On independently CONNECTED/CLOUD_API, not Coexistence.",COEXISTENCE-GAP.md; PROTOUCH-REGISTRATION-PLAN.md; docs/readiness/poc-rescue-local/LIVE-ACTIVATION.md; docs/readiness/poc-rescue-local/LIVE-ACTIVATION.md; PROTOUCH-COEXISTENCE-PROVIDER-OPTION.md,Meta app and Cloud API account binding; Live 60f26bfe1775997da1fb5159ec9e09a08246068b; schema 9e43a5b02d81 (139 revisions); deployed 2026-10-04T23:06Z,ProTouch remains PENDING and the Business phone app must be preserved. Ordinary registration failed 100/2388001; no further register/delete/deregister is authorized. Supported Coexistence onboarding is unresolved: user declined both own Tech Provider registration and a new paid subscription. Existing Twilio account has only its shared sandbox. Deployed application health does not establish WhatsApp inbound/AI/opening delivery.,Preserve phone app and current disabled Coexistence state; no new subscription or own Tech Provider enrollment approved.,"[{""as_of"":""Before October5 live60f26bf evidence refresh"",""superseded_fields"":{""evidence"":""COEXISTENCE-GAP.md; PROTOUCH-REGISTRATION-PLAN.md"",""revision"":""Meta app and Cloud API account binding"",""blocker"":""No deployment of this candidate or live acceptance claimed; consult linked evidence for narrower remaining gates."",""next_action"":""Include the final tested commit/image and then verify the authorized live boundary.""},""reason"":""Preserve prior local/baseline evidence while distinguishing current deployment, controlled outbound success and remaining provider gates.""}]",
DISC-004,P1,new-discovery,Current rescue investigation,SLI query looked for whatsapp.send instead of the actual outbound job type.,Demonstrate the reproduced failure and corrected behavior at the stated boundary; retain any live acceptance blocker.,Tenant-scoped; fictional fixtures locally,34cbbc7; scripts/whatsapp_channel_sli.py,Authorized operator/service or tenant user,34cbbc7; scripts/whatsapp_channel_sli.py,REPRODUCED,VERIFIED_LOCAL,VERIFIED_LOCAL,BLOCKED,Actual database/runtime checks where stated; external behavior needs provider acceptance,Use whatsapp.outbound.send for acceptance linkage.,Five actual PostgreSQL regressions.,BASELINE.md; docs/readiness/poc-rescue-local/LIVE-ACTIVATION.md,34cbbc7; scripts/whatsapp_channel_sli.py; Live 60f26bfe1775997da1fb5159ec9e09a08246068b; schema 9e43a5b02d81 (139 revisions); deployed 2026-10-04T23:06Z,The containing release is deployed at 60f26bf/schema9e. Deployment does not prove this defect-specific live acceptance; consult the linked local evidence.,Verify the remaining defect-specific boundary without treating release health as behavioral acceptance.,"[{""as_of"":""Before October5 live60f26bf evidence refresh"",""superseded_fields"":{""evidence"":""BASELINE.md"",""revision"":""34cbbc7; scripts/whatsapp_channel_sli.py"",""blocker"":""No deployment of this candidate or live acceptance claimed; consult linked evidence for narrower remaining gates."",""next_action"":""Include the final tested commit/image and then verify the authorized live boundary.""},""reason"":""Preserve prior local/baseline evidence while distinguishing current deployment, controlled outbound success and remaining provider gates.""}]",
DISC-005,P1,new-discovery,Current rescue investigation,SLI denominator counted delivery-status callbacks as customer messages.,Demonstrate the reproduced failure and corrected behavior at the stated boundary; retain any live acceptance blocker.,Tenant-scoped; fictional fixtures locally,34cbbc7; scripts/whatsapp_channel_sli.py,Authorized operator/service or tenant user,34cbbc7; scripts/whatsapp_channel_sli.py,REPRODUCED,VERIFIED_LOCAL,VERIFIED_LOCAL,BLOCKED,Actual database/runtime checks where stated; external behavior needs provider acceptance,Exclude status-only callbacks and document message-versus-turn limitations.,Five actual PostgreSQL regressions and corrected live aggregation.,BASELINE.md; docs/readiness/poc-rescue-local/LIVE-ACTIVATION.md,34cbbc7; scripts/whatsapp_channel_sli.py; Live 60f26bfe1775997da1fb5159ec9e09a08246068b; schema 9e43a5b02d81 (139 revisions); deployed 2026-10-04T23:06Z,The containing release is deployed at 60f26bf/schema9e. Deployment does not prove this defect-specific live acceptance; consult the linked local evidence.,Verify the remaining defect-specific boundary without treating release health as behavioral acceptance.,"[{""as_of"":""Before October5 live60f26bf evidence refresh"",""superseded_fields"":{""evidence"":""BASELINE.md"",""revision"":""34cbbc7; scripts/whatsapp_channel_sli.py"",""blocker"":""No deployment of this candidate or live acceptance claimed; consult linked evidence for narrower remaining gates."",""next_action"":""Include the final tested commit/image and then verify the authorized live boundary.""},""reason"":""Preserve prior local/baseline evidence while distinguishing current deployment, controlled outbound success and remaining provider gates.""}]",
DISC-006,P1,new-discovery,Current rescue investigation,Remediation monitor checked receipt states not used by the actual ingress ledger.,Demonstrate the reproduced failure and corrected behavior at the stated boundary; retain any live acceptance blocker.,Tenant-scoped; fictional fixtures locally,66cddea; remediation-monitor.ts,Authorized operator/service or tenant user,66cddea; remediation-monitor.ts,REPRODUCED,VERIFIED_LOCAL,VERIFIED_LOCAL,BLOCKED,Actual database/runtime checks where stated; external behavior needs provider acceptance,Inspect received/processing/failed/quarantined with unrouted receipts retained.,Five actual PostgreSQL tests include stale/fresh/processed receipt cases.,VERIFICATION.md; docs/readiness/poc-rescue-local/LIVE-ACTIVATION.md,66cddea; remediation-monitor.ts; Live 60f26bfe1775997da1fb5159ec9e09a08246068b; schema 9e43a5b02d81 (139 revisions); deployed 2026-10-04T23:06Z,The containing release is deployed at 60f26bf/schema9e. Deployment does not prove this defect-specific live acceptance; consult the linked local evidence.,Verify the remaining defect-specific boundary without treating release health as behavioral acceptance.,"[{""as_of"":""Before October5 live60f26bf evidence refresh"",""superseded_fields"":{""evidence"":""VERIFICATION.md"",""revision"":""66cddea; remediation-monitor.ts"",""blocker"":""No deployment of this candidate or live acceptance claimed; consult linked evidence for narrower remaining gates."",""next_action"":""Include the final tested commit/image and then verify the authorized live boundary.""},""reason"":""Preserve prior local/baseline evidence while distinguishing current deployment, controlled outbound success and remaining provider gates.""}]",
DISC-007,P1,new-discovery,Current rescue investigation,Ended voice sessions without a quality summary had no monitor finding.,Demonstrate the reproduced failure and corrected behavior at the stated boundary; retain any live acceptance blocker.,Tenant-scoped; fictional fixtures locally,66cddea; remediation-monitor.ts,Authorized operator/service or tenant user,66cddea; remediation-monitor.ts,REPRODUCED,VERIFIED_LOCAL,VERIFIED_LOCAL,BLOCKED,Actual database/runtime checks where stated; external behavior needs provider acceptance,Detect missing summary intent after the allowed delay.,Actual PostgreSQL ended/failed/active/fresh and present-summary cases.,VERIFICATION.md; docs/readiness/poc-rescue-local/LIVE-ACTIVATION.md,66cddea; remediation-monitor.ts; Live 60f26bfe1775997da1fb5159ec9e09a08246068b; schema 9e43a5b02d81 (139 revisions); deployed 2026-10-04T23:06Z,The containing release is deployed at 60f26bf/schema9e. Deployment does not prove this defect-specific live acceptance; consult the linked local evidence.,Verify the remaining defect-specific boundary without treating release health as behavioral acceptance.,"[{""as_of"":""Before October5 live60f26bf evidence refresh"",""superseded_fields"":{""evidence"":""VERIFICATION.md"",""revision"":""66cddea; remediation-monitor.ts"",""blocker"":""No deployment of this candidate or live acceptance claimed; consult linked evidence for narrower remaining gates."",""next_action"":""Include the final tested commit/image and then verify the authorized live boundary.""},""reason"":""Preserve prior local/baseline evidence while distinguishing current deployment, controlled outbound success and remaining provider gates.""}]",
DISC-008,P1,new-discovery,Current rescue investigation,Web created PostgreSQL connection pools per request.,Demonstrate the reproduced failure and corrected behavior at the stated boundary; retain any live acceptance blocker.,Tenant-scoped; fictional fixtures locally,6afa941; auth process database pool,Authorized operator/service or tenant user,6afa941; auth process database pool,REPRODUCED,VERIFIED_LOCAL,VERIFIED_LOCAL,BLOCKED,Actual database/runtime checks where stated; external behavior needs provider acceptance,"Reuse bounded pools by exact DSN and trusted profile, with transaction-local tenant context.","Six real PostgreSQL pool tests with concurrent tenants, rollback, profiles and lifecycle.",PROCESS-DB-POOL.md; docs/readiness/poc-rescue-local/LIVE-ACTIVATION.md,6afa941; auth process database pool; Live 60f26bfe1775997da1fb5159ec9e09a08246068b; schema 9e43a5b02d81 (139 revisions); deployed 2026-10-04T23:06Z,The containing release is deployed at 60f26bf/schema9e. Deployment does not prove this defect-specific live acceptance; consult the linked local evidence.,Verify the remaining defect-specific boundary without treating release health as behavioral acceptance.,"[{""as_of"":""Before October5 live60f26bf evidence refresh"",""superseded_fields"":{""evidence"":""PROCESS-DB-POOL.md"",""revision"":""6afa941; auth process database pool"",""blocker"":""No deployment of this candidate or live acceptance claimed; consult linked evidence for narrower remaining gates."",""next_action"":""Include the final tested commit/image and then verify the authorized live boundary.""},""reason"":""Preserve prior local/baseline evidence while distinguishing current deployment, controlled outbound success and remaining provider gates.""}]",
DISC-009,P1,new-discovery,Current rescue investigation,Immediate pool drain on SIGTERM broke an already-running Next request.,Demonstrate the reproduced failure and corrected behavior at the stated boundary; retain any live acceptance blocker.,Tenant-scoped; fictional fixtures locally,4227ed0; database pool lifecycle,Authorized operator/service or tenant user,4227ed0; database pool lifecycle,REPRODUCED,VERIFIED_LOCAL,VERIFIED_LOCAL,BLOCKED,Actual database/runtime checks where stated; external behavior needs provider acceptance,Let the server own HTTP shutdown before process/socket exit.,"Actual Linux Next request changed503 to200, exit143, zero remaining DB backends.",PROCESS-DB-POOL.md; docs/readiness/poc-rescue-local/LIVE-ACTIVATION.md,4227ed0; database pool lifecycle; Live 60f26bfe1775997da1fb5159ec9e09a08246068b; schema 9e43a5b02d81 (139 revisions); deployed 2026-10-04T23:06Z,The containing release is deployed at 60f26bf/schema9e. Deployment does not prove this defect-specific live acceptance; consult the linked local evidence.,Verify the remaining defect-specific boundary without treating release health as behavioral acceptance.,"[{""as_of"":""Before October5 live60f26bf evidence refresh"",""superseded_fields"":{""evidence"":""PROCESS-DB-POOL.md"",""revision"":""4227ed0; database pool lifecycle"",""blocker"":""No deployment of this candidate or live acceptance claimed; consult linked evidence for narrower remaining gates."",""next_action"":""Include the final tested commit/image and then verify the authorized live boundary.""},""reason"":""Preserve prior local/baseline evidence while distinguishing current deployment, controlled outbound success and remaining provider gates.""}]",
DISC-010,P1,new-discovery,Current rescue investigation,PostgreSQL Unix-socket health passed during temporary initialization while TCP was down.,Demonstrate the reproduced failure and corrected behavior at the stated boundary; retain any live acceptance blocker.,Tenant-scoped; fictional fixtures locally,6363415; PostgreSQL healthchecks,Authorized operator/service or tenant user,6363415; PostgreSQL healthchecks,REPRODUCED,VERIFIED_LOCAL,VERIFIED_LOCAL,BLOCKED,Actual database/runtime checks where stated; external behavior needs provider acceptance,Require TCP readiness in deployment and CI.,Fresh delayed-init container reproduced three false-positive socket samples; TCP probe remained unhealthy.,VERIFICATION.md; docs/readiness/poc-rescue-local/LIVE-ACTIVATION.md,6363415; PostgreSQL healthchecks; Live 60f26bfe1775997da1fb5159ec9e09a08246068b; schema 9e43a5b02d81 (139 revisions); deployed 2026-10-04T23:06Z,The containing release is deployed at 60f26bf/schema9e. Deployment does not prove this defect-specific live acceptance; consult the linked local evidence.,Verify the remaining defect-specific boundary without treating release health as behavioral acceptance.,"[{""as_of"":""Before October5 live60f26bf evidence refresh"",""superseded_fields"":{""evidence"":""VERIFICATION.md"",""revision"":""6363415; PostgreSQL healthchecks"",""blocker"":""No deployment of this candidate or live acceptance claimed; consult linked evidence for narrower remaining gates."",""next_action"":""Include the final tested commit/image and then verify the authorized live boundary.""},""reason"":""Preserve prior local/baseline evidence while distinguishing current deployment, controlled outbound success and remaining provider gates.""}]",
DISC-011,P1,new-discovery,Current rescue investigation,"Release bundle omitted recovery helper, unit files and schema manifest.",Demonstrate the reproduced failure and corrected behavior at the stated boundary; retain any live acceptance blocker.,Tenant-scoped; fictional fixtures locally,7016aea; 6363415; deployment packaging,Authorized operator/service or tenant user,7016aea; 6363415; deployment packaging,REPRODUCED,VERIFIED_LIVE,VERIFIED_LOCAL,VERIFIED_LIVE,Actual database/runtime checks where stated; external behavior needs provider acceptance,Package the exact required recovery files.,Release and package allowlist regressions passed.; Exact60f production builds/publication/readback passed; actual deployer and independent postcheck confirmed expected source/schema and healthy services.,RUNBOOK.md; docs/readiness/poc-rescue-local/LIVE-ACTIVATION.md; docs/readiness/poc-rescue-local/LIVE-ACTIVATION.md; .artifacts/poc-rescue-local/release-60f26bfe1775997da1fb5159ec9e09a08246068b/release-receipt.json,Live 60f26bfe1775997da1fb5159ec9e09a08246068b; schema 9e43a5b02d81 (139 revisions); deployed 2026-10-04T23:06Z,None for this narrow release/package/build defect; broader recovery or product acceptance remains in its own rows.,Retain exact immutable image/archive and deployed readback evidence; repeat when changing the release.,"[{""as_of"":""Before October5 live60f26bf evidence refresh"",""superseded_fields"":{""implementation"":""VERIFIED_LOCAL"",""live"":""BLOCKED"",""tests"":""Release and package allowlist regressions passed."",""evidence"":""RUNBOOK.md"",""revision"":""7016aea; 6363415; deployment packaging"",""blocker"":""No deployment of this candidate or live acceptance claimed; consult linked evidence for narrower remaining gates."",""next_action"":""Include the final tested commit/image and then verify the authorized live boundary.""},""reason"":""Preserve prior local/baseline evidence while distinguishing current deployment, controlled outbound success and remaining provider gates.""}]",
DISC-012,P0,new-discovery,Current rescue investigation,A failed deployment could leave newly written private configuration with old images.,Demonstrate the reproduced failure and corrected behavior at the stated boundary; retain any live acceptance blocker.,Tenant-scoped; fictional fixtures locally,7016aea; deploy-dev.sh,Authorized operator/service or tenant user,7016aea; deploy-dev.sh,REPRODUCED,VERIFIED_LOCAL,VERIFIED_LOCAL,BLOCKED,Actual database/runtime checks where stated; external behavior needs provider acceptance,Arm early restoration and restore old private configuration and release marker before restarting old images.,Controlled Bash early/late failure and fail-closed restoration tests.,RUNBOOK.md; docs/readiness/poc-rescue-local/LIVE-ACTIVATION.md,7016aea; deploy-dev.sh; Live 60f26bfe1775997da1fb5159ec9e09a08246068b; schema 9e43a5b02d81 (139 revisions); deployed 2026-10-04T23:06Z,The containing release is deployed at 60f26bf/schema9e. Deployment does not prove this defect-specific live acceptance; consult the linked local evidence.,Verify the remaining defect-specific boundary without treating release health as behavioral acceptance.,"[{""as_of"":""Before October5 live60f26bf evidence refresh"",""superseded_fields"":{""evidence"":""RUNBOOK.md"",""revision"":""7016aea; deploy-dev.sh"",""blocker"":""No deployment of this candidate or live acceptance claimed; consult linked evidence for narrower remaining gates."",""next_action"":""Include the final tested commit/image and then verify the authorized live boundary.""},""reason"":""Preserve prior local/baseline evidence while distinguishing current deployment, controlled outbound success and remaining provider gates.""}]",
DISC-013,P1,new-discovery,Current rescue investigation,Runtime verifier expected a hardcoded historical schema head.,Demonstrate the reproduced failure and corrected behavior at the stated boundary; retain any live acceptance blocker.,Tenant-scoped; fictional fixtures locally,7016aea; verify-dev-runtime.sh,Authorized operator/service or tenant user,7016aea; verify-dev-runtime.sh,REPRODUCED,VERIFIED_LIVE,VERIFIED_LOCAL,VERIFIED_LIVE,Actual database/runtime checks where stated; external behavior needs provider acceptance,Validate the packaged manifest head.,Release verification regressions; one Alembic head checked separately.; Exact60f production builds/publication/readback passed; actual deployer and independent postcheck confirmed expected source/schema and healthy services.,RUNBOOK.md; docs/readiness/poc-rescue-local/LIVE-ACTIVATION.md; docs/readiness/poc-rescue-local/LIVE-ACTIVATION.md; .artifacts/poc-rescue-local/release-60f26bfe1775997da1fb5159ec9e09a08246068b/release-receipt.json,Live 60f26bfe1775997da1fb5159ec9e09a08246068b; schema 9e43a5b02d81 (139 revisions); deployed 2026-10-04T23:06Z,None for this narrow release/package/build defect; broader recovery or product acceptance remains in its own rows.,Retain exact immutable image/archive and deployed readback evidence; repeat when changing the release.,"[{""as_of"":""Before October5 live60f26bf evidence refresh"",""superseded_fields"":{""implementation"":""VERIFIED_LOCAL"",""live"":""BLOCKED"",""tests"":""Release verification regressions; one Alembic head checked separately."",""evidence"":""RUNBOOK.md"",""revision"":""7016aea; verify-dev-runtime.sh"",""blocker"":""No deployment of this candidate or live acceptance claimed; consult linked evidence for narrower remaining gates."",""next_action"":""Include the final tested commit/image and then verify the authorized live boundary.""},""reason"":""Preserve prior local/baseline evidence while distinguishing current deployment, controlled outbound success and remaining provider gates.""}]",
DISC-014,P1,new-discovery,Current rescue investigation,Carrier cost code guessed Telnyx from an inbound number without provider proof.,Demonstrate the reproduced failure and corrected behavior at the stated boundary; retain any live acceptance blocker.,Tenant-scoped; fictional fixtures locally,7016aea; call cost accounting,Authorized operator/service or tenant user,7016aea; call cost accounting,REPRODUCED,VERIFIED_LOCAL,VERIFIED_LOCAL,BLOCKED,Actual database/runtime checks where stated; external behavior needs provider acceptance,Mark unknown carrier cost unpriced instead of inventing a rate.,"61 common/cost tests passed; historical explicitly attributed costs retained.; For controlled session0af0ed12, CRM exposes measured LLM/STT/TTS usage but telephony:unknown is explicitly unpriced. Twilio separately reports USD0.06060. This is not reconciled application telephony costing or complete all-call/retry coverage.",VOICE.md; docs/readiness/poc-rescue-local/LIVE-ACTIVATION.md; .artifacts/poc-rescue-local/live-voice-60f26bf-artifact-readback.json; .artifacts/poc-rescue-local/live-voice-60f26bf-provider.json,Live 60f26bfe1775997da1fb5159ec9e09a08246068b; schema 9e43a5b02d81 (139 revisions); deployed 2026-10-04T23:06Z,The containing release is deployed at 60f26bf/schema9e. Deployment does not prove this defect-specific live acceptance; consult the linked local evidence.,Verify the remaining defect-specific boundary without treating release health as behavioral acceptance.,"[{""as_of"":""Before October5 live60f26bf evidence refresh"",""superseded_fields"":{""evidence"":""VOICE.md"",""revision"":""7016aea; call cost accounting"",""blocker"":""No deployment of this candidate or live acceptance claimed; consult linked evidence for narrower remaining gates."",""next_action"":""Include the final tested commit/image and then verify the authorized live boundary."",""tests"":""61 common/cost tests passed; historical explicitly attributed costs retained.""},""reason"":""Preserve prior local/baseline evidence while distinguishing current deployment, controlled outbound success and remaining provider gates.""}]",
DISC-015,P0,new-discovery,Current rescue investigation,Email provider change reused a secret draft and a stale tenant form could overwrite another tenant.,Demonstrate the reproduced failure and corrected behavior at the stated boundary; retain any live acceptance blocker.,Tenant-scoped; fictional fixtures locally,b5eb108; email workspace and configuration routes,Authorized operator/service or tenant user,b5eb108; email workspace and configuration routes,REPRODUCED,VERIFIED_LOCAL,VERIFIED_LOCAL,BLOCKED,Actual database/runtime checks where stated; external behavior needs provider acceptance,Reset drafts and enforce fresh expected tenant on credential save and OAuth start.,Reproduced stale request200 before fix; now400; exact ciphertext preservation and explicit replacement on actual PostgreSQL.,CREDENTIAL-FORMS.md; docs/readiness/poc-rescue-local/LIVE-ACTIVATION.md,b5eb108; email workspace and configuration routes; Live 60f26bfe1775997da1fb5159ec9e09a08246068b; schema 9e43a5b02d81 (139 revisions); deployed 2026-10-04T23:06Z,The containing release is deployed at 60f26bf/schema9e. Deployment does not prove this defect-specific live acceptance; consult the linked local evidence.,Verify the remaining defect-specific boundary without treating release health as behavioral acceptance.,"[{""as_of"":""Before October5 live60f26bf evidence refresh"",""superseded_fields"":{""evidence"":""CREDENTIAL-FORMS.md"",""revision"":""b5eb108; email workspace and configuration routes"",""blocker"":""No deployment of this candidate or live acceptance claimed; consult linked evidence for narrower remaining gates."",""next_action"":""Include the final tested commit/image and then verify the authorized live boundary.""},""reason"":""Preserve prior local/baseline evidence while distinguishing current deployment, controlled outbound success and remaining provider gates.""}]",
DISC-016,P0,new-discovery,Current rescue investigation,"Coexistence history, phone-app echoes and account revocation lacked independent durable handling.",Demonstrate the reproduced failure and corrected behavior at the stated boundary; retain any live acceptance blocker.,Tenant-scoped; fictional fixtures locally,e5de719; Coexistence migration and importer,Authorized operator/service or tenant user,e5de719; Coexistence migration and importer,REPRODUCED,VERIFIED_LOCAL,VERIFIED_LOCAL,BLOCKED,Actual database/runtime checks where stated; external behavior needs provider acceptance,Separate signed account-bound events from live customer ingress; historical imports never enqueue AI or open service windows.,"Focused four-test run with actual PostgreSQL gates enabled passes:205-message history, concurrent first-contact live/import transactions, next-message human fence, replay, old/new capability contracts and grants/readiness. Full worker/container evidence recorded separately.; Final worker70files/664passed/1Windows skip/0failures; Linux8/8 covers skippedcase. Runtime033/test269665e.",WHATSAPP.md; COEXISTENCE-GAP.md,0331908b56edf737bf970c7bb5fa174450310eb8; schema9e43a5b02d81/139revisions,Coexistence provider onboarding and reviewed activation remain blocked. Old web must not receive Coexistence callbacks after rollback.,Preserve default-off state until the eligible provider and actual returned account bindings are reviewed.,,
DISC-017,P0,new-discovery,Current rescue investigation,Default AI could resume on the next customer message after a human phone-app reply.,Demonstrate the reproduced failure and corrected behavior at the stated boundary; retain any live acceptance blocker.,Tenant-scoped; fictional fixtures locally,Coexistence receipt and importer follow-up,Authorized operator/service or tenant user,Coexistence receipt and importer follow-up,REPRODUCED,VERIFIED_LOCAL,VERIFIED_LOCAL,BLOCKED,Actual database/runtime checks where stated; external behavior needs provider acceptance,Retain explicit phone-app handoff reason at receipt/import and block automatic default-agent reassignment.,"Focused four-test run with actual PostgreSQL gates enabled passes:205-message history, concurrent first-contact live/import transactions, next-message human fence, replay, old/new capability contracts and grants/readiness. Full worker/container evidence recorded separately.; Final worker70files/664passed/1Windows skip/0failures; Linux8/8 covers skippedcase. Runtime033/test269665e.",WHATSAPP.md,0331908b56edf737bf970c7bb5fa174450310eb8; schema9e43a5b02d81/139revisions,Coexistence provider onboarding and reviewed activation remain blocked. Old web must not receive Coexistence callbacks after rollback.,Preserve default-off state until the eligible provider and actual returned account bindings are reviewed.,,
DISC-018,P0,new-discovery,Current rescue investigation,The actual old worker claimed Coexistence receipts it could not interpret after a schema upgrade.,Reproduce the stated failure and verify the corrected boundary or explicitly block the incompatible operation.,Tenant-scoped; fictional fixtures locally,Deployment/rollback and WhatsApp receipt processing,Authorized operator and restricted runtime roles,0331908; db/alembic/versions/9e43a5b02d81_capability_bound_whatsapp_receipt_claims.py; worker database.ts,REPRODUCED,VERIFIED_LOCAL,VERIFIED_LOCAL,BLOCKED,Actual compiled image/database behavior; external activation separately approved,Restore the legacy three-argument claim contract; require an explicit four-argument capability for new event types and new-worker readiness.,"Actual42eebac2 image: before, four types failed invalid envelope; after forward9e migration, normal text processed and all four remain received/attempts0. No external sends or schema downgrade.",WHATSAPP.md; RUNBOOK.md; .artifacts/poc-rescue-local/previous-image-compat/old-worker-coexistence-9e43a5b02d81.json,0331908b56edf737bf970c7bb5fa174450310eb8; schema9e43a5b02d81/139revisions,Worker compatibility is verified for this boundary; old web has a separate restriction.,Retain capable ingress and verify final packaged migration and candidate worker forward processing.,,
DISC-019,P1,new-discovery,Current rescue investigation,Production worker build included a source test importing a fixture outside its rootDir.,Reproduce the stated failure and verify the corrected boundary or explicitly block the incompatible operation.,Tenant-scoped; fictional fixtures locally,Deployment/rollback and WhatsApp receipt processing,Authorized operator and restricted runtime roles,a5eeb72; services/ts/messaging-worker/tsconfig.build.json,REPRODUCED,VERIFIED_LIVE,VERIFIED_LOCAL,VERIFIED_LIVE,Actual compiled image/database behavior; external activation separately approved,Exclude source test files from the production TypeScript build.,Docker474 failed TS6059; actual worker build and exact033 production Docker build passed afterward.; Exact60f production builds/publication/readback passed; actual deployer and independent postcheck confirmed expected source/schema and healthy services.,VERIFICATION.md; .artifacts/poc-rescue-local/final-build-messaging-worker-0331908b.log; docs/readiness/poc-rescue-local/LIVE-ACTIVATION.md; docs/readiness/poc-rescue-local/LIVE-ACTIVATION.md; .artifacts/poc-rescue-local/release-60f26bfe1775997da1fb5159ec9e09a08246068b/release-receipt.json,Live 60f26bfe1775997da1fb5159ec9e09a08246068b; schema 9e43a5b02d81 (139 revisions); deployed 2026-10-04T23:06Z,None for this narrow release/package/build defect; broader recovery or product acceptance remains in its own rows.,Retain exact immutable image/archive and deployed readback evidence; repeat when changing the release.,"[{""as_of"":""Before October5 live60f26bf evidence refresh"",""superseded_fields"":{""implementation"":""VERIFIED_LOCAL"",""live"":""BLOCKED"",""tests"":""Docker474 failed TS6059; actual worker build and exact033 production Docker build passed afterward."",""evidence"":""VERIFICATION.md; .artifacts/poc-rescue-local/final-build-messaging-worker-0331908b.log"",""revision"":""0331908b56edf737bf970c7bb5fa174450310eb8; schema9e43a5b02d81/139revisions"",""blocker"":""No deployment claimed."",""next_action"":""Use the exact tested production image and retain test execution separately.""},""reason"":""Preserve prior local/baseline evidence while distinguishing current deployment, controlled outbound success and remaining provider gates.""}]",
DISC-020,P1,new-discovery,Current rescue investigation,The disposable object-root ownership helper ran with all capabilities dropped and failed chown.,Reproduce the stated failure and verify the corrected boundary or explicitly block the incompatible operation.,Tenant-scoped; fictional fixtures locally,Deployment/rollback and WhatsApp receipt processing,Authorized operator and restricted runtime roles,bdadd2a; infra/scripts/readiness_stack.py,REPRODUCED,VERIFIED_LOCAL,VERIFIED_LOCAL,NOT_APPLICABLE_WITH_EVIDENCE,Actual compiled image/database behavior; external activation separately approved,Grant CHOWN and FOWNER only to the one-shot owned fixture setup container. Runtime service capabilities remain dropped.,"Actual main033 and previous-image fixture setup passed with helper-only CHOWN/FOWNER. All four final running apps inspected readonly, cap_dropALL, cap_addempty and non-root.",VERIFICATION.md; RUNBOOK.md,0331908b56edf737bf970c7bb5fa174450310eb8; schema9e43a5b02d81/139revisions,This is a disposable local test helper; no live operation is required for its acceptance.,Keep capabilities confined to one-shot fixture ownership setup.,,
DISC-021,P0,new-discovery,Current rescue investigation,The actual old web parser interpreted Coexistence history media as fresh live customer ingress.,Reproduce the stated failure and verify the corrected boundary or explicitly block the incompatible operation.,Tenant-scoped; fictional fixtures locally,Deployment/rollback and WhatsApp receipt processing,Authorized operator and restricted runtime roles,Old42eebac2 parser vs current account-bound webhook parser,REPRODUCED,BLOCKED,REPRODUCED,BLOCKED,Actual compiled image/database behavior; external activation separately approved,"Current parser respects change.field; prohibit rollback to pre-Coexistence web after these callbacks are enabled. Old normalization discards field provenance, so a database-only check cannot safely distinguish historical and delayed live media.",Actualoldimage produced one live image envelope for field:history; current parser excludes history from live ingress.,COEXISTENCE-GAP.md; RUNBOOK.md; .artifacts/poc-rescue-local/previous-image-compat/old-parser-probe.json,0331908b56edf737bf970c7bb5fa174450310eb8; schema9e43a5b02d81/139revisions,Full old-web rollback is ineligible once Coexistence callbacks are enabled. Coexistence is currently default-off and not activated.,Keep a compatible web ingress during any later rollback; review provider subscriptions and the activation/rollback plan before enabling Coexistence.,,
DISC-022,P1,test-fixture,Current rescue investigation,"Shared FAIR test fixtures retained jobs/tenants between scenarios and reused destination labels, causing unrelated jobs or sends to enter assertions.","Reproduce the false failure, isolate its cause and pass the unchanged product-behavior assertions against real PostgreSQL.",Fictional owned scenarios,Worker regression harness,Test-only database owner,services/ts/messaging-worker/tests;269665e,REPRODUCED,VERIFIED_LOCAL,VERIFIED_LOCAL,NOT_APPLICABLE_WITH_EVIDENCE,Actual PostgreSQL tests; no provider acceptance needed for fixture repair,"Clone the migrated empty template per scenario, use owned UUID database names and clean up only those clones.",Fresh three-file run reproduced contamination without Coexistence; all five FAIR files pass15/15 actual-DB cases after isolation. Final full suite recorded separately.; Final worker70files/664passed/1Windows skip/0failures; Linux8/8 covers skippedcase. Runtime033/test269665e.,WHATSAPP.md; .artifacts/poc-rescue-local/wa-fair-isolated2.log,test-only269665e; productionruntime0331908unchanged,None for this test-only repair; production source unchanged.,Keep isolated scenario fixtures and the final passing/initial failed evidence.,,
DISC-023,P1,test-fixture,Current rescue investigation,A test allowed only200ms for asynchronous credential/session admission before expecting a fake model to start.,"Reproduce the false failure, isolate its cause and pass the unchanged product-behavior assertions against real PostgreSQL.",Fictional owned scenarios,Worker regression harness,Test-only database owner,services/ts/messaging-worker/tests;269665e,REPRODUCED,VERIFIED_LOCAL,VERIFIED_LOCAL,NOT_APPLICABLE_WITH_EVIDENCE,Actual PostgreSQL tests; no provider acceptance needed for fixture repair,"Wait for explicit model-start readiness for at most5seconds, preserving the held-model and other-tenant progress assertions.",Actual-DB bound-background case passes with the bounded readiness wait; no product model timeout or fairness assertion was relaxed.; Final worker70files/664passed/1Windows skip/0failures; Linux8/8 covers skippedcase. Runtime033/test269665e.,WHATSAPP.md; .artifacts/poc-rescue-local/wa-fair-isolated2.log,test-only269665e; productionruntime0331908unchanged,None for this test-only repair; production source unchanged.,Keep isolated scenario fixtures and the final passing/initial failed evidence.,,
DISC-024,P0,new-discovery,"Controlled live ProTouch activation and subsequent repair, October5 2026",ProTouch outbound SIP rejected the supplied credential with carrier error32202.,Verify scoped credential repair with the correct tenant/trunk/sender and an authorized answered call; preserve unrelated credentials.,ProTouch; Or-On configuration preserved,voice,Authorized operator/service principal and approved test recipient,Live ProTouch carrier/LiveKit credential binding; protected secret references,REPRODUCED,VERIFIED_LIVE,NOT_CHECKED,VERIFIED_LIVE,"Separate provider/live-call acceptance, exact deployed image, local regressions and remaining scenario-specific gates.","Created a dedicated ProTouch credential/list, associated only its carrier trunk and updated only the new ProTouch LiveKit outbound trunk. Removed only the temporary shared-list association after positive authentication.",Failed session c45df0f7 retained; repaired session fc93b04d reached recipient but exposed TTS failure. Final session0af0ed12 and Twilio CA6ed0c3249d2ce35f29e0baeb558232bb completed23s with exact4553→7692 and user-confirmed Hebrew conversation.,PROTOUCH-SIP-CREDENTIAL-REPAIR.md; docs/readiness/poc-rescue-local/LIVE-ACTIVATION.md; .artifacts/poc-rescue-local/live-voice-60f26bf-provider.json; .artifacts/poc-rescue-local/live-voice-60f26bf-result.json; .artifacts/poc-rescue-local/live-voice-60f26bf-artifact-readback.json,Live 60f26bfe1775997da1fb5159ec9e09a08246068b; schema 9e43a5b02d81 (139 revisions); deployed 2026-10-04T23:06Z,None for this specific outbound authentication failure; inbound and WhatsApp remain separate blocked channels.,Retain protected recovery-secret references and scoped provider receipts; no shared-password reset.,,
DISC-025,P0,new-discovery,"Controlled live ProTouch activation and subsequent repair, October5 2026",Departure before outbound pickup caused repeated canonical finalization failure and a late greeting attempt.,"Durable recorder handoff precedes admission; early disconnect finishes with answered=false and zero talk time, without late greeting or fabricated persistence.",ProTouch; Or-On configuration preserved,voice,Authorized operator/service principal and approved test recipient,packages/py/oron-agent/src/oron_agent/bot.py; packages/py/oron-agent/src/oron_agent/answered.py; d5e16ff,REPRODUCED,VERIFIED_LOCAL,VERIFIED_LOCAL,FIXED_UNVERIFIED,"Separate provider/live-call acceptance, exact deployed image, local regressions and remaining scenario-specific gates.","Start/acknowledge the session before runner admission; set closing before teardown I/O, wake pickup and fence asynchronous greeting/warmup startup. Preserve inbound semantics and actual answered state.","Original live first call emitted six canonical-finalization failures. Actual bot callbacks with local artifacts reproduced it, then61 focused cases passed. Fixd5e16ff is deployed in60f; final answered call persisted artifacts without errors, but an actual post-fix early disconnect has not been repeated.",VOICE-PICKUP-LIFECYCLE.md; docs/readiness/poc-rescue-local/LIVE-ACTIVATION.md; .artifacts/poc-rescue-local/voice-pickup-lifecycle.log,Live 60f26bfe1775997da1fb5159ec9e09a08246068b; schema 9e43a5b02d81 (139 revisions); deployed 2026-10-04T23:06Z,Specific early-disconnect behavior is locally verified and deployed; post-fix live early-disconnect acceptance remains unperformed.,Retain local proof and observe or separately authorize one bounded early-disconnect live acceptance; do not count an answered call as that scenario.,,
DISC-026,P0,new-discovery,"Controlled live ProTouch activation and subsequent repair, October5 2026","Soniox socket expired while the outbound phone rang, leaving the first greeting silent.","Speech after pickup/LLM delay produces audio; idle reconnect preserves fresh context, uncertain text is never replayed, cancellation blocks late sends and failures remain visible.",ProTouch; Or-On configuration preserved,voice,Authorized operator/service principal and approved test recipient,packages/py/oron-agent/src/oron_agent/tts.py; packages/py/oron-agent/tests/test_soniox_delayed_speech.py,REPRODUCED,VERIFIED_LIVE,VERIFIED_LOCAL,VERIFIED_LIVE,"Separate provider/live-call acceptance, exact deployed image, local regressions and remaining scenario-specific gates.","Defer connection and per-stream config until actual text, serialize sends, separate recoverable socket reset from terminal cancellation, retain old-context replay fences and report send errors outside a closed audio queue.","Failed fc93b04d call exposed pre-first-speech timeout.108 combined local cases passed; independent13-case/probe review covered recovery, cancel and error propagation. Exact dispatcher image produced real Hebrew audio after15s delay and reconnection. Final0af0ed12 call/user confirmation proves live Hebrew speech with no TTS/finalization errors; injected reconnect/cancel cases remain local/provider-synthetic evidence.",docs/readiness/poc-rescue-local/LIVE-ACTIVATION.md; .artifacts/poc-rescue-local/live-voice-60f26bf-provider.json; .artifacts/poc-rescue-local/tts-peer-review-tests.log; .artifacts/poc-rescue-local/soniox-image-preview-60f26bfe/image-receipt.json; .artifacts/poc-rescue-local/live-voice-60f26bf-result.json; .artifacts/poc-rescue-local/live-voice-60f26bf-artifact-readback.json,Live 60f26bfe1775997da1fb5159ec9e09a08246068b; schema 9e43a5b02d81 (139 revisions); deployed 2026-10-04T23:06Z,"No remaining blocker for the observed first-greeting silence; full multi-call quality, failover and latency acceptance remain separate.",Retain first-failure and final-call evidence; continue bounded quality/latency acceptance without treating one conversation as a production SLI.,,
DISC-027,P0,new-discovery,"Controlled live ProTouch activation and subsequent repair, October5 2026",LiveKit admitted a SIP source outside every configured carrier allowlist CIDR.,Untrusted-source INVITE is rejected before room admission; only authorized carrier traffic reaches the exact DID/tenant/agent.,ProTouch; Or-On configuration preserved,voice,Authorized operator/service principal and approved test recipient,LiveKit inbound trunk ST_aJJSDZMGTeJ8; removed dispatch rule SDR_AcS72sUqk2ZM; audited DID binding,REPRODUCED,BLOCKED,NOT_CHECKED,BLOCKED,"Separate provider/live-call acceptance, exact deployed image, local regressions and remaining scenario-specific gates.","Historical carrier-CIDR enforcement failed and the unsafe rule was removed; original containment evidence is preserved. The separately reviewed signed Twilio callback plus dedicated SIP digest alternative is now deployed. Audited exact ProTouch DID binding committed SDR_qwuvuQ9waXV7, preserving tenant/DID/flow. Post-binding valid HMAC naming the known completed/outbound CallSid returned403 after provider lookup; no single rejection predicate is inferred. TwilioPN0a62bfdaaf8f2a393860ab1c6bc3f466 now has empty TrunkSid and VoiceURLhttps://dev.or-on.io/twilio/voice/inbound with POST; complete routing readback preserved other fields and outbound provider configuration. Incoming human-call acceptance remains pending. The only post-cutover outbound regression, session57d373de-1375-5ed8-917b-c975ab50f6d9, ended with answered=false and both artifact references; active sessions and provider rooms are0. TwilioCA6cdfca66ac20f2d7fcca4f479353bacc reports failed/duration0 with the exact***4553 sender and approved***7692 recipient. Signed SIP SCL_Eg2oCSr2dHts left at00:28:06.960Z while ringing with USER_UNAVAILABLE; this supports an unanswered target, not a proven caller-ID regression or successful conversation. Its later room_finished receipt was quarantined with dispatcher_attempts_exhausted at00:30:30.428Z; DISC-033 records that separate defect with cause unverified. This alternative does not retroactively prove the failed source-IP allowlist or automatic provisioning for every tenant.","One owned-VM non-PSTN INVITE outside all eight carrier CIDRs received200OK and signed exact-trunk/rule ingress. ACK/BYE ended probe. Provider readback confirms zero dispatch rules and no active probe room; allowed-address readback was not enforcement proof.; Local candidate79a4a84: combined314 passed; later handler/dispatcher/provider87 passed; official-vector handler25 passed; transfer13 passed; actual PostgreSQL4 passed under platform_voice; isolated TLS/Caddy6 routes passed. Counts overlap and must not be summed. Final independent run35 passed (17 gate/isolation probes plus18 tracked real-loopback cases); no provider calls. On deployed0f003cc/schemaaf54, one non-PSTN positive-only probe at00:21:56-00:22:00UTC used two INVITEs (407 then486). Actual signed eventEV_ssdB8wwgcwsb, ledger886a5126-06c0-488b-81c0-a7d43bf2b108, matched the exact trunk/rule/probe and settled quarantined on attempt1 with inbound_rule_mismatch. Matching left event reported ROOM_DELETED; application sessions, caller contacts and remaining provider rooms were0. The left receipt was still received in this snapshot; no terminal processed claim is made for that event. The original79a4a84 failed suite is preserved; only its negative provider-authentication results are reused with a fresh unchanged-policy check, not as a full0f suite rerun. The only post-cutover outbound regression, session57d373de-1375-5ed8-917b-c975ab50f6d9, ended with answered=false and both artifact references; active sessions and provider rooms are0. TwilioCA6cdfca66ac20f2d7fcca4f479353bacc reports failed/duration0 with the exact***4553 sender and approved***7692 recipient. Signed SIP SCL_Eg2oCSr2dHts left at00:28:06.960Z while ringing with USER_UNAVAILABLE; this supports an unanswered target, not a proven caller-ID regression or successful conversation. Its later room_finished receipt was quarantined with dispatcher_attempts_exhausted at00:30:30.428Z; DISC-033 records that separate defect with cause unverified.",PROTOUCH-INBOUND-ACL-FAILURE.md; docs/readiness/poc-rescue-local/LIVE-ACTIVATION.md; .artifacts/poc-rescue-local/protouch-negative-sip-acl-admission.json; .artifacts/poc-rescue-local/protouch-inbound-acl-containment.json; INBOUND-PEER-REVIEW.md; TWILIO-INBOUND-SIGNED-ROUTING.md; .artifacts/poc-rescue-local/twilio-inbound-peer-final-79a4a84.json; PROTOUCH-DIGEST-PROOF.md; .artifacts/poc-rescue-local/protouch-inbound-settlement-live-deploy.json; .artifacts/poc-rescue-local/poc-digest-f5da706e5f7b44308e846aba13a2b637.json; .artifacts/poc-rescue-local/protouch-digest-binding-bind-committed.json; .artifacts/poc-rescue-local/protouch-digest-cutover-proof-gates.json; .artifacts/poc-rescue-local/protouch-digest-operator-receipt.json; .artifacts/poc-rescue-local/live-voice-postcutover-result.json; .artifacts/poc-rescue-local/live-voice-postcutover-provider.json; .artifacts/poc-rescue-local/live-voice-postcutover-errors.json; .artifacts/poc-rescue-local/live-voice-postcutover-insights.json,"Live source0f003ccd0049e6c2b0bc8f19e17a80d7f339e198; schemaaf54b6c13e92 (140 revisions). All five published images/readbacks, all seven healthy services and independent deployed runtime checks passed. Positive-only provider proof2026-10-05T00:21:56-00:22:00Z; audited DID binding and carrier callback cutover followed separate gates.","Original source-IP allowlist enforcement remains unproved. The reviewed authenticated alternative passed provider-authentication/guard gates and has been cut over for ProTouch, but human incoming acceptance, a successful post-cutover outbound conversation and all-configured-DID/provisioner acceptance remain open. The unanswered regression also exposed DISC-033.",Verify the already-authorized incoming human call and investigate DISC-033 on the activated authenticated route; preserve the unanswered outbound regression; preserve the original failure and rollback evidence. Do not certify broad provisioning or the unsupported ACL from route readback.,"[{""as_of"":""Before October5 authenticated inbound candidate79a4a84 local verification"",""superseded_fields"":{""fix"":""Contained the failed test by removing only the newly created inbound dispatch rule and restoring the original DID simulator marker through audited CAS. Carrier origination was never switched; outbound and Or-On preserved. Containment depends on provider dispatch-rule removal. The simulator marker did not enforce admission on live60f; the probe session failed during startup. Missing authoritative dispatch-rule validation is tracked separately as DISC-028."",""tests"":""One owned-VM non-PSTN INVITE outside all eight carrier CIDRs received200OK and signed exact-trunk/rule ingress. ACK/BYE ended probe. Provider readback confirms zero dispatch rules and no active probe room; allowed-address readback was not enforcement proof."",""evidence"":""PROTOUCH-INBOUND-ACL-FAILURE.md; docs/readiness/poc-rescue-local/LIVE-ACTIVATION.md; .artifacts/poc-rescue-local/protouch-negative-sip-acl-admission.json; .artifacts/poc-rescue-local/protouch-inbound-acl-containment.json"",""revision"":""Live 60f26bfe1775997da1fb5159ec9e09a08246068b; schema 9e43a5b02d81 (139 revisions); deployed 2026-10-04T23:06Z"",""next_action"":""Obtain provider-confirmed ACL enforcement or separately review an authenticated alternative, then repeat source-rejection proof before carrier cutover.""},""reason"":""Preserve prior live failure/containment and partial local state; candidate verification does not establish a new deployed revision or provider acceptance.""},{""as_of"":""Before October5 live0f003cc repaired signed-provider proof and authenticated inbound cutover"",""superseded_fields"":{""fix"":""Contained the failed test by removing only the newly created inbound dispatch rule and restoring the original DID simulator marker through audited CAS. Carrier origination was never switched; outbound and Or-On preserved. Containment depends on provider dispatch-rule removal. The simulator marker did not enforce admission on live60f; the probe session failed during startup. Missing authoritative dispatch-rule validation is tracked separately as DISC-028.; A default-disabled authenticated Twilio inbound alternative and authoritative application rule fence are now locally verified; these do not prove provider digest enforcement or repair the observed live ACL failure."",""tests"":""One owned-VM non-PSTN INVITE outside all eight carrier CIDRs received200OK and signed exact-trunk/rule ingress. ACK/BYE ended probe. Provider readback confirms zero dispatch rules and no active probe room; allowed-address readback was not enforcement proof.; Local candidate79a4a84: combined314 passed; later handler/dispatcher/provider87 passed; official-vector handler25 passed; transfer13 passed; actual PostgreSQL4 passed under platform_voice; isolated TLS/Caddy6 routes passed. Counts overlap and must not be summed. Final independent run35 passed (17 gate/isolation probes plus18 tracked real-loopback cases); no provider calls."",""evidence"":""PROTOUCH-INBOUND-ACL-FAILURE.md; docs/readiness/poc-rescue-local/LIVE-ACTIVATION.md; .artifacts/poc-rescue-local/protouch-negative-sip-acl-admission.json; .artifacts/poc-rescue-local/protouch-inbound-acl-containment.json; INBOUND-PEER-REVIEW.md; TWILIO-INBOUND-SIGNED-ROUTING.md; .artifacts/poc-rescue-local/twilio-inbound-peer-final-79a4a84.json"",""revision"":""Live 60f26bfe1775997da1fb5159ec9e09a08246068b; schema 9e43a5b02d81 (139 revisions); deployed 2026-10-04T23:06Z; Local candidate 79a4a84d1df4e00bad2e7821b5673c102bba55b5; independent test checkpoint 8e1a0a0. Last verified live baseline for this review: 60f26bf, schema 9e43a5b02d81. No new deployment or live inbound acceptance claimed."",""blocker"":""Actual inbound ACL enforcement failed. Whether project enablement or another provider issue caused it is unconfirmed; containment is verified, secure inbound activation is not."",""next_action"":""Complete exact-image verification and the reviewed authenticated-inbound provider admission gates before any carrier cutover; retain containment until actual evidence exists.""},""reason"":""Preserve previous local-only or failed live evidence. Promote only the narrowly observed repaired quarantine defect; configuration/cutover and provider rejection do not establish a successful human incoming call or WhatsApp delivery.""}]",
DISC-028,P0,new-discovery,"Inbound authorization review following the controlled ACL probe, October5 2026",Inbound DID resolution discarded the authoritative dispatch_rule_id and admission ignored the signed sip.ruleID.,"Before startup, the signed ingress rule must equal the authoritative enabled DID/tenant binding; reject missing, mismatched or simulator rules and preserve unrelated tenants.",ProTouch; Or-On configuration preserved,voice,Authorized operator/service principal and approved test recipient,services/py/dispatcher/src/dispatcher_runtime/persistence.py:PostgresVoiceRuntime.resolve_phone; packages/py/oron-dispatcher/src/oron_dispatcher/dispatcher.py:Dispatcher.handle_participant_joined; packages/py/oron-dispatcher/src/oron_dispatcher/tenancy_client.py:PhoneResolution,REPRODUCED,VERIFIED_LOCAL,VERIFIED_LOCAL,BLOCKED,"Separate provider/live-call acceptance, exact deployed image, local regressions and remaining scenario-specific gates.","Preserve authoritative dispatch_rule_id; require exact signed real SDR identity before session/contact/agent startup. Configured TwiML routes additionally verify canonical DID, tenant and signed trunk. Resolve only active tenants and owned flows through existing platform_voice capabilities, without new grants. Missing rule quarantines without room teardown to preserve restarted outbound legs.","Independent red fixtures reproduced all four missing/foreign/simulator rule admissions. The same fixtures now refuse before session/launch; tracked dispatcher tests also cover exact trunk/tenant, disabled mode and canonical DID. Actual PostgreSQL4 cases verify active/disabled tenant, foreign/missing flow, unknown DID and tenant-context reset. Local candidate79a4a84: combined314 passed; later handler/dispatcher/provider87 passed; official-vector handler25 passed; transfer13 passed; actual PostgreSQL4 passed under platform_voice; isolated TLS/Caddy6 routes passed. Counts overlap and must not be summed. Final independent run35 passed (17 gate/isolation probes plus18 tracked real-loopback cases); no provider calls. Later bounded live digest probe on deployed79a4a84 denied application admission: zero session/contact creation and room deleted. Its ledger settled after about61.5s as processed with no reason, so durable quarantine was not proved; see DISC-032. The original provider suite remains failed. On deployed0f003cc/schemaaf54, one non-PSTN positive-only probe at00:21:56-00:22:00UTC used two INVITEs (407 then486). Actual signed eventEV_ssdB8wwgcwsb, ledger886a5126-06c0-488b-81c0-a7d43bf2b108, matched the exact trunk/rule/probe and settled quarantined on attempt1 with inbound_rule_mismatch. Matching left event reported ROOM_DELETED; application sessions, caller contacts and remaining provider rooms were0. The left receipt was still received in this snapshot; no terminal processed claim is made for that event. The original79a4a84 failed suite is preserved; only its negative provider-authentication results are reused with a fresh unchanged-policy check, not as a full0f suite rerun. The only post-cutover outbound regression, session57d373de-1375-5ed8-917b-c975ab50f6d9, ended with answered=false and both artifact references; active sessions and provider rooms are0. TwilioCA6cdfca66ac20f2d7fcca4f479353bacc reports failed/duration0 with the exact***4553 sender and approved***7692 recipient. Signed SIP SCL_Eg2oCSr2dHts left at00:28:06.960Z while ringing with USER_UNAVAILABLE; this supports an unanswered target, not a proven caller-ID regression or successful conversation. Its later room_finished receipt was quarantined with dispatcher_attempts_exhausted at00:30:30.428Z; DISC-033 records that separate defect with cause unverified.",PROTOUCH-INBOUND-ACL-FAILURE.md; docs/readiness/poc-rescue-local/LIVE-ACTIVATION.md; .artifacts/poc-rescue-local/protouch-negative-sip-acl-admission.json; .artifacts/poc-rescue-local/twilio-programmable-inbound-review.json; INBOUND-PEER-REVIEW.md; TWILIO-INBOUND-SIGNED-ROUTING.md; .artifacts/poc-rescue-local/twilio-inbound-peer-final-79a4a84.json; PROTOUCH-DIGEST-PROOF.md; LIVEKIT-QUARANTINE-SETTLEMENT.md; .artifacts/poc-rescue-local/protouch-inbound-live-deploy.json; .artifacts/poc-rescue-local/poc-digest-b654d69ad5d644fcba0a56ed65531b0d-readback.json; PROTOUCH-DIGEST-PROOF.md; .artifacts/poc-rescue-local/protouch-inbound-settlement-live-deploy.json; .artifacts/poc-rescue-local/poc-digest-f5da706e5f7b44308e846aba13a2b637.json; .artifacts/poc-rescue-local/protouch-digest-binding-bind-committed.json; .artifacts/poc-rescue-local/protouch-digest-cutover-proof-gates.json; .artifacts/poc-rescue-local/protouch-digest-operator-receipt.json; .artifacts/poc-rescue-local/live-voice-postcutover-result.json; .artifacts/poc-rescue-local/live-voice-postcutover-provider.json; .artifacts/poc-rescue-local/live-voice-postcutover-errors.json; .artifacts/poc-rescue-local/live-voice-postcutover-insights.json,"Live source0f003ccd0049e6c2b0bc8f19e17a80d7f339e198; schemaaf54b6c13e92 (140 revisions). All five published images/readbacks, all seven healthy services and independent deployed runtime checks passed. Positive-only provider proof2026-10-05T00:21:56-00:22:00Z; audited DID binding and carrier callback cutover followed separate gates.","The exact mismatched authoritative rule now has live pre-start denial plus durable attempt1 quarantine, zero session/contact and room deletion. Missing-rule, foreign-tenant/trunk, simulator and equivalent-DID negative cases retain local/compiled evidence. Audited exact ProTouch DID binding committed SDR_qwuvuQ9waXV7, preserving tenant/DID/flow. Post-binding valid HMAC naming the known completed/outbound CallSid returned403 after provider lookup; no single rejection predicate is inferred. TwilioPN0a62bfdaaf8f2a393860ab1c6bc3f466 now has empty TrunkSid and VoiceURLhttps://dev.or-on.io/twilio/voice/inbound with POST; complete routing readback preserved other fields and outbound provider configuration. Incoming human-call acceptance remains pending. The only post-cutover outbound regression, session57d373de-1375-5ed8-917b-c975ab50f6d9, ended with answered=false and both artifact references; active sessions and provider rooms are0. TwilioCA6cdfca66ac20f2d7fcca4f479353bacc reports failed/duration0 with the exact***4553 sender and approved***7692 recipient. Signed SIP SCL_Eg2oCSr2dHts left at00:28:06.960Z while ringing with USER_UNAVAILABLE; this supports an unanswered target, not a proven caller-ID regression or successful conversation. Its later room_finished receipt was quarantined with dispatcher_attempts_exhausted at00:30:30.428Z; DISC-033 records that separate defect with cause unverified. This subset does not establish all configured DIDs or successful incoming conversation.",Retain the verified signed-rule rejection and audited route. Complete the authorized real incoming human call and investigate DISC-033; preserve the unanswered outbound outcome; preserve the remaining cross-route acceptance gates.,"[{""as_of"":""Before October5 authenticated inbound candidate79a4a84 local verification"",""superseded_fields"":{""implementation"":""FIXED_UNVERIFIED"",""local"":""NOT_CHECKED"",""fix"":""Repair in progress: retain authoritative dispatch-rule identity in PhoneResolution and verify exact signed sip.ruleID before session startup; authenticated Twilio inbound alternative remains local work only."",""tests"":""Source review confirmed resolve_phone omitted the database rule and handle_participant_joined resolved by DID alone. Earlier probe failure was a startup failure, not proof that a simulator marker denied admission. No passing repair regression or deployed fix is claimed in this refresh."",""evidence"":""PROTOUCH-INBOUND-ACL-FAILURE.md; docs/readiness/poc-rescue-local/LIVE-ACTIVATION.md; .artifacts/poc-rescue-local/protouch-negative-sip-acl-admission.json; .artifacts/poc-rescue-local/twilio-programmable-inbound-review.json"",""revision"":""Live 60f26bfe1775997da1fb5159ec9e09a08246068b; schema 9e43a5b02d81 (139 revisions); deployed 2026-10-04T23:06Z"",""blocker"":""Current live60f lacks the authoritative rule check. Provider dispatch-rule removal contains this path; the local admission repair and alternate inbound mode are not yet verified or activated."",""next_action"":""Verify negative missing/wrong/simulator rule and cross-tenant fixtures, review the exact admission boundary, then obtain scoped deployment and live rejection proof before carrier cutover.""},""reason"":""Preserve prior live failure/containment and partial local state; candidate verification does not establish a new deployed revision or provider acceptance.""},{""as_of"":""Before October5 deployed79a4a84 digest probe and settlement repair0f003cc"",""superseded_fields"":{""tests"":""Independent red fixtures reproduced all four missing/foreign/simulator rule admissions. The same fixtures now refuse before session/launch; tracked dispatcher tests also cover exact trunk/tenant, disabled mode and canonical DID. Actual PostgreSQL4 cases verify active/disabled tenant, foreign/missing flow, unknown DID and tenant-context reset. Local candidate79a4a84: combined314 passed; later handler/dispatcher/provider87 passed; official-vector handler25 passed; transfer13 passed; actual PostgreSQL4 passed under platform_voice; isolated TLS/Caddy6 routes passed. Counts overlap and must not be summed. Final independent run35 passed (17 gate/isolation probes plus18 tracked real-loopback cases); no provider calls."",""evidence"":""PROTOUCH-INBOUND-ACL-FAILURE.md; docs/readiness/poc-rescue-local/LIVE-ACTIVATION.md; .artifacts/poc-rescue-local/protouch-negative-sip-acl-admission.json; .artifacts/poc-rescue-local/twilio-programmable-inbound-review.json; INBOUND-PEER-REVIEW.md; TWILIO-INBOUND-SIGNED-ROUTING.md; .artifacts/poc-rescue-local/twilio-inbound-peer-final-79a4a84.json"",""revision"":""Local candidate 79a4a84d1df4e00bad2e7821b5673c102bba55b5; independent test checkpoint 8e1a0a0. Last verified live baseline for this review: 60f26bf, schema 9e43a5b02d81. No new deployment or live inbound acceptance claimed."",""blocker"":""Source repair is locally verified, but this review has no deployment or actual-provider admission acceptance for candidate79a4a84. The prior live path remains contained by provider rule removal."",""next_action"":""Verify the exact built/deployed candidate and reviewed provider negative/positive admission controls before carrier cutover; retain all broader inbound acceptance gates.""},""reason"":""Preserve the initial local-review scope. Subsequent deployment and observed application denial do not certify durable quarantine or successful incoming service.""},{""as_of"":""Before October5 live0f003cc repaired signed-provider proof and authenticated inbound cutover"",""superseded_fields"":{""tests"":""Independent red fixtures reproduced all four missing/foreign/simulator rule admissions. The same fixtures now refuse before session/launch; tracked dispatcher tests also cover exact trunk/tenant, disabled mode and canonical DID. Actual PostgreSQL4 cases verify active/disabled tenant, foreign/missing flow, unknown DID and tenant-context reset. Local candidate79a4a84: combined314 passed; later handler/dispatcher/provider87 passed; official-vector handler25 passed; transfer13 passed; actual PostgreSQL4 passed under platform_voice; isolated TLS/Caddy6 routes passed. Counts overlap and must not be summed. Final independent run35 passed (17 gate/isolation probes plus18 tracked real-loopback cases); no provider calls. Later bounded live digest probe on deployed79a4a84 denied application admission: zero session/contact creation and room deleted. Its ledger settled after about61.5s as processed with no reason, so durable quarantine was not proved; see DISC-032. The original provider suite remains failed."",""evidence"":""PROTOUCH-INBOUND-ACL-FAILURE.md; docs/readiness/poc-rescue-local/LIVE-ACTIVATION.md; .artifacts/poc-rescue-local/protouch-negative-sip-acl-admission.json; .artifacts/poc-rescue-local/twilio-programmable-inbound-review.json; INBOUND-PEER-REVIEW.md; TWILIO-INBOUND-SIGNED-ROUTING.md; .artifacts/poc-rescue-local/twilio-inbound-peer-final-79a4a84.json; PROTOUCH-DIGEST-PROOF.md; LIVEKIT-QUARANTINE-SETTLEMENT.md; .artifacts/poc-rescue-local/protouch-inbound-live-deploy.json; .artifacts/poc-rescue-local/poc-digest-b654d69ad5d644fcba0a56ed65531b0d-readback.json"",""revision"":""Source79a4a84d1df4e00bad2e7821b5673c102bba55b5 deployed with schema9e43a5b02d81; deployment readback and independent postcheck passed. Bounded provider probe at2026-10-04T23:56Z denied application admission but failed durable quarantine settlement. Local additive repair0f003ccd0049e6c2b0bc8f19e17a80d7f339e198/schemaaf54b6c13e92 is separately tracked as DISC-032; its deployment is not claimed here."",""blocker"":""The deployed rule guard denied the unbound digest probe before application admission, but the SQL settlement vocabulary rejected its new reason. Durable quarantine and successful authenticated inbound calling remain unproved. The owned digest trunk/rule remain; DID retains the simulator marker and the carrier retains its original routing. DISC-032 blocks the next reviewed provider proof."",""next_action"":""Deploy and verify the tested settlement repair, then run only the separately reviewed bounded proof. Require durable exact-reason quarantine with zero session/contact/agent admission before any DID binding or carrier cutover; retain broader actual inbound call acceptance gates.""},""reason"":""Preserve previous local-only or failed live evidence. Promote only the narrowly observed repaired quarantine defect; configuration/cutover and provider rejection do not establish a successful human incoming call or WhatsApp delivery.""}]",
DISC-029,P2,new-discovery,"Independent review of the not-yet-deployed authenticated inbound candidate, October5 2026",Malformed non-ASCII Twilio signatures raised a server exception instead of a controlled denial.,Malformed signatures return403 before database or provider reads and never receive credential-bearing XML.,ProTouch; Or-On configuration preserved,voice,Authorized operator/service principal and approved test recipient,packages/py/oron-dispatcher/src/oron_dispatcher/twilio_inbound.py:TwilioInboundHandler.respond; packages/py/oron-dispatcher/tests/test_twilio_inbound.py,REPRODUCED,VERIFIED_LOCAL,VERIFIED_LOCAL,FIXED_UNVERIFIED,"Separate provider/live-call acceptance, exact deployed image, local regressions and remaining scenario-specific gates.",Validate the complete ASCII Base64 signature shape before constant-time comparison.,Independent 28-character non-ASCII header reproduced TypeError before correction; now403 with zero resolver/provider awaits. Tracked ASGI malformed-signature case and final independent run pass.,INBOUND-PEER-REVIEW.md; TWILIO-INBOUND-SIGNED-ROUTING.md; .artifacts/poc-rescue-local/twilio-inbound-peer-final-79a4a84.json,"Local candidate 79a4a84d1df4e00bad2e7821b5673c102bba55b5; independent test checkpoint 8e1a0a0. Last verified live baseline for this review: 60f26bf, schema 9e43a5b02d81. No new deployment or live inbound acceptance claimed.",Corrected and verified locally in candidate79a4a84. No new deployment or actual-provider acceptance is claimed; this new-handler defect was discovered before release and is not asserted to exist in live60f.,Retain local regression evidence; complete exact-image and reviewed live ingress/admission acceptance with the candidate before enabling the new route.,,
DISC-030,P1,new-discovery,"Independent review of the not-yet-deployed authenticated inbound candidate, October5 2026","Valid fragmented Twilio Call JSON was rejected before EOF, preventing authenticated inbound routing.","Read valid fragmented responses through EOF within time/size bounds; refuse mismatched identities, terminal states, redirects and invalid bodies.",ProTouch; Or-On configuration preserved,voice,Authorized operator/service principal and approved test recipient,packages/py/oron-dispatcher/src/oron_dispatcher/twilio_inbound.py:TwilioCallLookup.active; packages/py/oron-dispatcher/tests/test_twilio_call_lookup.py,REPRODUCED,VERIFIED_LOCAL,VERIFIED_LOCAL,FIXED_UNVERIFIED,"Separate provider/live-call acceptance, exact deployed image, local regressions and remaining scenario-specific gates.",Replace one partial read plus at_eof check with bounded chunk iteration through response completion.,"A real local HTTP server split valid JSON after nine bytes and reproduced a false RuntimeError.18 tracked loopback cases now pass, covering3 active states, exact identity mismatches, terminal states, redirects/status failure, oversize and malformed bodies.",INBOUND-PEER-REVIEW.md; TWILIO-INBOUND-SIGNED-ROUTING.md; .artifacts/poc-rescue-local/twilio-inbound-peer-final-79a4a84.json,"Local candidate 79a4a84d1df4e00bad2e7821b5673c102bba55b5; independent test checkpoint 8e1a0a0. Last verified live baseline for this review: 60f26bf, schema 9e43a5b02d81. No new deployment or live inbound acceptance claimed.",Corrected and verified locally in candidate79a4a84. No new deployment or actual-provider acceptance is claimed; this new-handler defect was discovered before release and is not asserted to exist in live60f.,Retain local regression evidence; complete exact-image and reviewed live ingress/admission acceptance with the candidate before enabling the new route.,,
DISC-031,P0,new-discovery,"Independent review of the not-yet-deployed authenticated inbound candidate, October5 2026",Equivalent formatted DID bypassed the configured inbound trunk and transport-capability check.,Resolution and authorization use one canonical DID; foreign trunk/tenant or disabled route cannot start sessions or enable unsupported REFER.,ProTouch; Or-On configuration preserved,voice,Authorized operator/service principal and approved test recipient,packages/py/oron-dispatcher/src/oron_dispatcher/dispatcher.py:Dispatcher.handle_participant_joined; packages/py/oron-dispatcher/tests/test_dispatcher.py,REPRODUCED,VERIFIED_LOCAL,VERIFIED_LOCAL,FIXED_UNVERIFIED,"Separate provider/live-call acceptance, exact deployed image, local regressions and remaining scenario-specific gates.","Reuse the canonical DID for configured route lookup and call context after authoritative resolution; retain exact rule, tenant and trunk checks before startup.","Independent formatted-DID fixture resolved the configured canonical number but admitted a foreign trunk before repair. The same fixture now refuses with zero sessions.begin/launch calls; tracked canonical-DID, trunk, tenant and disabled-route cases pass.",INBOUND-PEER-REVIEW.md; TWILIO-INBOUND-SIGNED-ROUTING.md; .artifacts/poc-rescue-local/twilio-inbound-peer-final-79a4a84.json,"Local candidate 79a4a84d1df4e00bad2e7821b5673c102bba55b5; independent test checkpoint 8e1a0a0. Last verified live baseline for this review: 60f26bf, schema 9e43a5b02d81. No new deployment or live inbound acceptance claimed.",Corrected and verified locally in candidate79a4a84. No new deployment or actual-provider acceptance is claimed; this new-handler defect was discovered before release and is not asserted to exist in live60f.,Retain local regression evidence; complete exact-image and reviewed live ingress/admission acceptance with the candidate before enabling the new route.,,
DISC-032,P0,new-discovery,"Bounded live authenticated SIP probe and independent database peer review, October5 2026","New inbound guard reasons were missing from the durable LiveKit settlement allowlist, so an expired-claim replay lost the quarantine decision.","Each exact active platform_voice claim settles once as quarantined with its safe inbound-binding reason and cleared lease; invalid reasons or foreign/stale claims leave state unchanged. Duplicate receipt cannot reopen the decision, following room events proceed, and denied ingress creates no session, contact or agent.",ProTouch; Or-On configuration preserved,voice,platform_voice durable dispatcher; authorized operator for separately reviewed live proof,db/alembic/versions/af54b6c13e92_settle_inbound_binding_quarantine.py; db/tests/postgres/test_livekit_inbound_quarantine.py; ops.settle_livekit_claim; DurableWebhookPump._process,REPRODUCED,VERIFIED_LOCAL,VERIFIED_LOCAL,VERIFIED_LIVE,Actual-role PostgreSQL reason/claim fencing and durable pump regressions; exact repaired images/schema deployment; a fresh separately reviewed provider proof of durable quarantine and zero application admission. Ordinary image health is insufficient.,"Add only missing_inbound_rule, inbound_rule_mismatch and inbound_transport_mismatch to the existing quarantine vocabulary in additive revisionaf54b6c13e92. Preserve exact provider/account/event/worker/token/unexpired-lease and tenant-null checks, retry/exhaustion behavior, SECURITY DEFINER owner, pg_catalog search path, PUBLIC revoke and platform_voice execute grant. Downgrade retains additive vocabulary for mixed application rollback safety; no table grants or past ledger rewrites.","Live observed: joined receipt9891f656-881e-4413-9cb3-90f7a69d32d4 arrived2026-10-04T23:56:07.326Z and became processed/errornull at23:57:08.829Z after about61.5s, with zero session/contact creation. The production SQL exception was not captured. Separately, actual PostgreSQL predecessor-schema tests reproduced6 failures with invalid_livekit_settlement/SQLSTATE22023; repaired clean migration plus new/existing ledger and graph cases passed11. New cases plus existing concurrent claim, expired/replaced lease, restart replay, signed ingress, role and ledger cases passed14. These suite counts overlap and are not additive. Active-claim free-text and processed-with-reason are rejected with unchanged snapshots; foreign account/worker/token independently fail. Pump-to-Dispatcher cases preserve exact safe quarantine reason, one attempt and cleared lease; duplicates stay terminal and subsequent room events proceed. Independent normalized SQL comparison is identical after removing only the three constants and OR REPLACE. Exact compiled migrator/dispatcher proof additionally passed all three signed HTTP guard reasons under real platform_voice, duplicate preservation and following-room progress without lease wait. On deployed0f003cc/schemaaf54, one non-PSTN positive-only probe at00:21:56-00:22:00UTC used two INVITEs (407 then486). Actual signed eventEV_ssdB8wwgcwsb, ledger886a5126-06c0-488b-81c0-a7d43bf2b108, matched the exact trunk/rule/probe and settled quarantined on attempt1 with inbound_rule_mismatch. Matching left event reported ROOM_DELETED; application sessions, caller contacts and remaining provider rooms were0. The left receipt was still received in this snapshot; no terminal processed claim is made for that event. The original79a4a84 failed suite is preserved; only its negative provider-authentication results are reused with a fresh unchanged-policy check, not as a full0f suite rerun. The only post-cutover outbound regression, session57d373de-1375-5ed8-917b-c975ab50f6d9, ended with answered=false and both artifact references; active sessions and provider rooms are0. TwilioCA6cdfca66ac20f2d7fcca4f479353bacc reports failed/duration0 with the exact***4553 sender and approved***7692 recipient. Signed SIP SCL_Eg2oCSr2dHts left at00:28:06.960Z while ringing with USER_UNAVAILABLE; this supports an unanswered target, not a proven caller-ID regression or successful conversation. Its later room_finished receipt was quarantined with dispatcher_attempts_exhausted at00:30:30.428Z; DISC-033 records that separate defect with cause unverified.",LIVEKIT-QUARANTINE-SETTLEMENT.md; PROTOUCH-DIGEST-PROOF.md; INBOUND-PEER-REVIEW.md; .artifacts/poc-rescue-local/inbound-quarantine-red.log; .artifacts/poc-rescue-local/inbound-quarantine-green.log; .artifacts/poc-rescue-local/inbound-quarantine-fences.log; .artifacts/poc-rescue-local/poc-digest-b654d69ad5d644fcba0a56ed65531b0d-readback.json; PROTOUCH-DIGEST-PROOF.md; .artifacts/poc-rescue-local/protouch-inbound-settlement-live-deploy.json; .artifacts/poc-rescue-local/poc-digest-f5da706e5f7b44308e846aba13a2b637.json; .artifacts/poc-rescue-local/protouch-digest-binding-bind-committed.json; .artifacts/poc-rescue-local/protouch-digest-cutover-proof-gates.json; .artifacts/poc-rescue-local/protouch-digest-operator-receipt.json; .artifacts/poc-rescue-local/release-0f003ccd0049e6c2b0bc8f19e17a80d7f339e198/compiled-quarantine-proof.json; .artifacts/poc-rescue-local/live-voice-postcutover-result.json; .artifacts/poc-rescue-local/live-voice-postcutover-provider.json; .artifacts/poc-rescue-local/live-voice-postcutover-errors.json; .artifacts/poc-rescue-local/live-voice-postcutover-insights.json,"Live source0f003ccd0049e6c2b0bc8f19e17a80d7f339e198; schemaaf54b6c13e92 (140 revisions). All five published images/readbacks, all seven healthy services and independent deployed runtime checks passed. Positive-only provider proof2026-10-05T00:21:56-00:22:00Z; audited DID binding and carrier callback cutover followed separate gates.","No blocker remains for the repaired reason-vocabulary defect: inbound_rule_mismatch has an actual signed first-attempt live quarantine. missing_inbound_rule, inbound_transport_mismatch, invalid/stale/foreign claim fencing, duplicate finality and following-room progress are actual PostgreSQL/compiled-image evidence, not separate live provider scenarios. Human incoming calling remains pending; the post-cutover outbound result is unanswered, with a separate room_finished quarantine defect tracked as DISC-033. WhatsApp remainsPENDING.",Preserve both failed historical and successful repaired receipts. Continue the separately scoped incoming human-call acceptance and DISC-033 investigation; retain the unanswered outbound outcome; do not infer broad inbound readiness from this quarantine proof.,"[{""as_of"":""Before October5 live0f003cc repaired signed-provider proof and authenticated inbound cutover"",""superseded_fields"":{""live"":""BLOCKED"",""tests"":""Live observed: joined receipt9891f656-881e-4413-9cb3-90f7a69d32d4 arrived2026-10-04T23:56:07.326Z and became processed/errornull at23:57:08.829Z after about61.5s, with zero session/contact creation. The production SQL exception was not captured. Separately, actual PostgreSQL predecessor-schema tests reproduced6 failures with invalid_livekit_settlement/SQLSTATE22023; repaired clean migration plus new/existing ledger and graph cases passed11. New cases plus existing concurrent claim, expired/replaced lease, restart replay, signed ingress, role and ledger cases passed14. These suite counts overlap and are not additive. Active-claim free-text and processed-with-reason are rejected with unchanged snapshots; foreign account/worker/token independently fail. Pump-to-Dispatcher cases preserve exact safe quarantine reason, one attempt and cleared lease; duplicates stay terminal and subsequent room events proceed. Independent normalized SQL comparison is identical after removing only the three constants and OR REPLACE."",""evidence"":""LIVEKIT-QUARANTINE-SETTLEMENT.md; PROTOUCH-DIGEST-PROOF.md; INBOUND-PEER-REVIEW.md; .artifacts/poc-rescue-local/inbound-quarantine-red.log; .artifacts/poc-rescue-local/inbound-quarantine-green.log; .artifacts/poc-rescue-local/inbound-quarantine-fences.log; .artifacts/poc-rescue-local/poc-digest-b654d69ad5d644fcba0a56ed65531b0d-readback.json"",""revision"":""Affected observed live release79a4a84d1df4e00bad2e7821b5673c102bba55b5/schema9e43a5b02d81. Locally verified repair0f003ccd0049e6c2b0bc8f19e17a80d7f339e198, additive schemaaf54b6c13e92,140 revisions. Repair deployment and provider acceptance not yet established in this record."",""blocker"":""Exact repair images/migration must be deployed and independently checked before a fresh bounded provider proof. The original failed suite must not be relabeled. Current provider authentication/application denial evidence does not prove durable quarantine, carrier cutover or successful inbound PSTN calling. WhatsApp remains PENDING and unaffected."",""next_action"":""Root operator completes repaired image/schema verification and reviews the next positive-only digest probe. Read back the new receipt as quarantined with exact safe reason, attempt1, cleared lease and zero application session/contact/agent before any further inbound activation.""},""reason"":""Preserve previous local-only or failed live evidence. Promote only the narrowly observed repaired quarantine defect; configuration/cutover and provider rejection do not establish a successful human incoming call or WhatsApp delivery.""}]",
DISC-033,P1,new-discovery,"Retained signed provider-event ledger after the single post-cutover outbound regression, October5 2026",The room_finished event exhausted dispatcher attempts and was quarantined after an unanswered outbound session had already ended.,"A valid room_finished event for an already-finalized or disconnected session completes idempotently within bounded retries, preserves the correct answered/artifact state, and leaves no active session, duplicate agent or silently lost lifecycle work.",ProTouch; Or-On configuration preserved,voice,platform_voice durable dispatcher,packages/py/oron-dispatcher/src/oron_dispatcher/webhook_pump.py; packages/py/oron-dispatcher/src/oron_dispatcher/dispatcher.py; services/py/dispatcher/src/dispatcher_runtime/persistence.py; ops.inbound_events,REPRODUCED,NOT_CHECKED,NOT_CHECKED,BLOCKED,"Diagnose the retained event and bounded runtime errors; reproduce the exact failure locally, fix the responsible boundary and verify idempotent real-DB lifecycle settlement. Keep provider availability, carrier routing and call finalization evidence separate.",No repair is claimed. UI/voice workstreams are investigating the observed terminal ledger failure; this record does not infer the exception or its cause from dispatcher_attempts_exhausted alone.,"Read-only receipt checked2026-10-05T00:33:11.610323Z on0f003cc/schemaaf54: room_finished received00:28:09.587148Z and terminal quarantined00:30:30.427634Z with dispatcher_attempts_exhausted. Session57d373de-1375-5ed8-917b-c975ab50f6d9 had ended00:28:08.958581Z, answered=false and recording/transcript references present; active sessions0. Signed SIP left while ringing with USER_UNAVAILABLE; carrier reports failed/duration0 and exact sender/recipient. Provider alerts list is empty; Insights GET404/error20404 is unavailable evidence, not proof of no carrier problem. No new local reproduction, repair or successful conversation is asserted.",.artifacts/poc-rescue-local/live-voice-postcutover-result.json; .artifacts/poc-rescue-local/live-voice-postcutover-provider.json; .artifacts/poc-rescue-local/live-voice-postcutover-errors.json; .artifacts/poc-rescue-local/live-voice-postcutover-insights.json; VOICE.md; LIVE-ACTIVATION.md,Observed live source0f003ccd0049e6c2b0bc8f19e17a80d7f339e198/schemaaf54b6c13e92. Retained post-cutover result read at2026-10-05T00:33:11.610323Z; no later source repair or deployment claimed.,Cause and repair remain unverified. The ended session and zero active rooms do not prove successful room_finished processing; conversely this terminal event failure does not by itself establish caller-ID regression or loss of persisted call artifacts.,"Correlate the exact retained room_finished event with bounded runtime exceptions; reproduce and repair the responsible lifecycle path, then retain local and deployed settlement evidence separately. Do not repeat provider calls solely to mask the failed receipt.",,
